customer_id,days_as_customer,total_transactions,purchase_count,total_spent,days_since_last_purchase,customer_region,transactions_per_month,avg_spend_per_transaction,lifetime_value_per_month,engagement_tier,spend_quartile,recency_score,frequency_score,monetary_score,rfm_score,customer_health_segment
CUST-10001,890,13,13,3005.53,180,Asia-Pacific,0.4382022471910112,231.1946153846154,101.31,low,Q3,2,2,4,8,Needs Attention
CUST-10002,1074,9,9,1511.71,32,Latin America,0.25139664804469275,167.96777777777777,42.22653631284916,low,Q2,5,1,2,8,Needs Attention
CUST-10003,151,23,23,3834.32,26,Europe,4.569536423841059,166.70956521739132,761.7854304635762,medium,Q4,5,4,4,13,Champions / VIP
CUST-10004,496,22,22,2545.89,25,Asia-Pacific,1.3306451612903225,115.72227272727272,153.9852822580645,low,Q3,5,4,3,12,Loyal Customers
CUST-10005,360,29,29,5634.4,331,Latin America,2.4166666666666665,194.28965517241377,469.5333333333333,medium,Q4,1,5,5,11,Loyal Customers
CUST-10006,117,5,5,722.71,23,Asia-Pacific,1.2820512820512822,144.542,185.31025641025641,low,Q1,5,1,1,7,Needs Attention
CUST-10007,901,28,28,4967.86,226,Europe,0.9322974472807991,177.42357142857142,165.41154273029966,low,Q4,2,4,5,11,Loyal Customers
CUST-10008,160,6,6,728.42,57,North America,1.125,121.40333333333332,136.57875,low,Q1,4,1,1,6,At-Risk / Churning
CUST-10009,799,21,21,3981.32,180,Asia-Pacific,0.7884856070087609,189.58666666666667,149.4863579474343,low,Q4,2,4,4,10,Loyal Customers
CUST-10010,373,13,13,2736.58,232,Latin America,1.0455764075067024,210.50615384615384,220.10026809651472,low,Q3,2,2,4,8,Needs Attention
CUST-10011,835,36,36,2086.13,343,Europe,1.2934131736526946,57.948055555555555,74.95077844311378,low,Q3,1,5,3,9,Needs Attention
CUST-10012,415,5,5,1062.05,287,North America,0.3614457831325301,212.41,76.77469879518071,low,Q1,1,1,2,4,At-Risk / Churning
CUST-10013,985,19,19,2784.77,64,Latin America,0.5786802030456852,146.56684210526316,84.81532994923857,low,Q3,4,3,4,11,Loyal Customers
CUST-10014,306,23,23,4946.15,232,Latin America,2.2549019607843137,215.04999999999998,484.9166666666667,medium,Q4,2,4,5,11,Loyal Customers
CUST-10015,489,13,13,1586.56,289,Latin America,0.7975460122699386,122.04307692307692,97.33496932515337,low,Q2,1,2,2,5,At-Risk / Churning
CUST-10016,51,19,19,2095.4,21,Asia-Pacific,11.176470588235295,110.28421052631579,1232.5882352941178,high,Q3,5,3,3,11,Loyal Customers
CUST-10017,282,12,12,2770.66,258,Europe,1.276595744680851,230.88833333333332,294.7510638297872,low,Q3,2,2,4,8,Needs Attention
CUST-10018,777,19,19,1548.75,18,Latin America,0.7335907335907337,81.51315789473684,59.7972972972973,low,Q2,5,3,2,10,Loyal Customers
CUST-10019,886,22,22,4728.85,175,Asia-Pacific,0.7449209932279909,214.9477272727273,160.11907449209932,low,Q4,3,4,5,12,Loyal Customers
CUST-10020,504,12,12,1606.86,229,Europe,0.7142857142857143,133.905,95.64642857142856,low,Q2,2,2,3,7,Needs Attention
CUST-10021,540,16,16,2250.74,226,Europe,0.8888888888888888,140.67125,125.04111111111109,low,Q3,2,3,3,8,Needs Attention
CUST-10022,729,3,3,283.22,84,Asia-Pacific,0.12345679012345678,94.40666666666668,11.655144032921811,low,Q1,4,1,1,6,At-Risk / Churning
CUST-10023,1005,13,13,2001.15,291,Asia-Pacific,0.3880597014925373,153.9346153846154,59.73582089552239,low,Q2,1,2,3,6,At-Risk / Churning
CUST-10024,219,7,7,687.21,179,Latin America,0.9589041095890412,98.17285714285715,94.13835616438357,low,Q1,2,1,1,4,At-Risk / Churning
CUST-10025,987,15,15,507.53,246,Europe,0.45592705167173253,33.83533333333333,15.426443768996961,low,Q1,2,3,1,6,At-Risk / Churning
CUST-10026,716,34,34,2930.79,110,North America,1.4245810055865922,86.19970588235294,122.79846368715083,low,Q3,3,5,4,12,Loyal Customers
CUST-10027,987,38,38,1004.54,254,Asia-Pacific,1.155015197568389,26.435263157894735,30.533130699088147,low,Q1,2,5,2,9,Needs Attention
CUST-10028,592,15,15,3676.95,88,Europe,0.7601351351351351,245.13,186.33192567567565,low,Q4,4,3,4,11,Loyal Customers
CUST-10029,861,7,7,1696.05,72,Europe,0.24390243902439024,242.29285714285714,59.09581881533101,low,Q2,4,1,3,8,Needs Attention
CUST-10030,676,7,7,797.37,30,Latin America,0.3106508875739645,113.91,35.38624260355029,low,Q1,5,1,1,7,Needs Attention
CUST-10031,50,30,30,5666.5,44,North America,18.0,188.88333333333333,3399.8999999999996,high,Q4,5,5,5,15,Champions / VIP
CUST-10032,870,15,15,1542.1,309,Latin America,0.5172413793103449,102.80666666666666,53.175862068965515,low,Q2,1,3,2,6,At-Risk / Churning
CUST-10033,196,18,18,3167.93,138,North America,2.7551020408163267,175.9961111111111,484.8872448979592,medium,Q3,3,3,4,10,Loyal Customers
CUST-10034,417,15,15,3093.33,343,North America,1.079136690647482,206.222,222.541726618705,low,Q3,1,3,4,8,Needs Attention
CUST-10035,630,24,24,5712.48,177,Asia-Pacific,1.1428571428571428,238.01999999999998,272.0228571428571,low,Q4,3,4,5,12,Loyal Customers
CUST-10036,345,17,17,1955.81,139,Europe,1.4782608695652173,115.04764705882353,170.0704347826087,low,Q2,3,3,3,9,Needs Attention
CUST-10037,43,27,27,5433.54,2,Europe,18.837209302325583,201.2422222222222,3790.841860465116,high,Q4,5,4,5,14,Champions / VIP
CUST-10038,271,27,27,2290.52,186,Europe,2.988929889298893,84.83407407407407,253.5630996309963,medium,Q3,2,4,3,9,Needs Attention
CUST-10039,806,8,8,1982.6,218,North America,0.2977667493796526,247.825,73.79404466501241,low,Q2,2,1,3,6,At-Risk / Churning
CUST-10040,594,21,21,646.76,164,Europe,1.0606060606060606,30.798095238095236,32.66464646464647,low,Q1,3,4,1,8,Needs Attention
CUST-10041,927,37,37,5949.38,161,Asia-Pacific,1.197411003236246,160.79405405405404,192.53656957928803,low,Q4,3,5,5,13,Champions / VIP
CUST-10042,121,24,24,4161.33,47,North America,5.9504132231404965,173.38875,1031.7347107438018,medium,Q4,4,4,5,13,Champions / VIP
CUST-10043,985,22,22,3955.83,13,North America,0.6700507614213197,179.81045454545455,120.48213197969542,low,Q4,5,4,4,13,Champions / VIP
CUST-10044,538,10,10,520.87,296,North America,0.5576208178438662,52.087,29.04479553903346,low,Q1,1,2,1,4,At-Risk / Churning
CUST-10045,805,10,10,2361.69,89,North America,0.3726708074534162,236.169,88.01329192546585,low,Q3,4,2,3,9,Needs Attention
CUST-10046,64,17,17,1118.03,4,Asia-Pacific,7.96875,65.7664705882353,524.0765625,medium,Q2,5,3,2,10,Loyal Customers
CUST-10047,235,11,11,1816.31,42,Europe,1.4042553191489362,165.11909090909091,231.86936170212766,low,Q2,5,2,3,10,Loyal Customers
CUST-10048,1055,32,32,2403.27,210,Asia-Pacific,0.9099526066350712,75.1021875,68.33943127962085,low,Q3,2,5,3,10,Loyal Customers
CUST-10049,1051,15,15,1411.86,229,Europe,0.42816365366317793,94.124,40.30047573739296,low,Q2,2,3,2,7,Needs Attention
CUST-10050,595,10,10,1479.53,350,Asia-Pacific,0.5042016806722689,147.953,74.59815126050421,low,Q2,1,2,2,5,At-Risk / Churning
CUST-10051,732,32,32,3803.79,275,Latin America,1.3114754098360657,118.8684375,155.89303278688524,low,Q4,1,5,4,10,Loyal Customers
CUST-10052,431,7,7,427.36,279,Latin America,0.4872389791183295,61.05142857142857,29.74663573085847,low,Q1,1,1,1,3,At-Risk / Churning
CUST-10053,759,17,17,1078.83,251,Latin America,0.6719367588932806,63.46058823529411,42.64150197628458,low,Q2,2,3,2,7,Needs Attention
CUST-10054,191,11,11,1309.91,54,Latin America,1.7277486910994766,119.08272727272728,205.7450261780105,low,Q2,4,2,2,8,Needs Attention
CUST-10055,231,64,64,12504.87,208,North America,8.311688311688311,195.38859375,1624.009090909091,medium,Q4,2,5,5,12,Loyal Customers
CUST-10056,1025,17,17,3859.71,321,North America,0.49756097560975615,227.04176470588234,112.96712195121953,low,Q4,1,3,4,8,Needs Attention
CUST-10057,299,9,9,395.36,140,Asia-Pacific,0.903010033444816,43.92888888888889,39.66822742474916,low,Q1,3,1,1,5,At-Risk / Churning
CUST-10058,845,18,18,2042.07,280,Asia-Pacific,0.6390532544378698,113.44833333333332,72.49952662721893,low,Q3,1,3,3,7,Needs Attention
CUST-10059,485,15,15,713.33,34,Latin America,0.9278350515463917,47.55533333333334,44.123505154639176,low,Q1,5,3,1,9,Needs Attention
CUST-10060,1046,10,10,287.33,309,Europe,0.28680688336520077,28.732999999999997,8.240822179732312,low,Q1,1,2,1,4,At-Risk / Churning
CUST-10061,325,32,32,5564.37,18,Latin America,2.9538461538461536,173.8865625,513.6341538461538,medium,Q4,5,5,5,15,Champions / VIP
CUST-10062,749,26,26,4174.33,57,Asia-Pacific,1.041388518024032,160.55115384615385,167.19612817089453,low,Q4,4,4,5,13,Champions / VIP
CUST-10063,367,21,21,1295.27,112,Latin America,1.7166212534059946,61.67952380952381,105.88038147138965,low,Q2,3,4,2,9,Needs Attention
CUST-10064,908,10,10,776.08,5,Asia-Pacific,0.3303964757709251,77.608,25.64140969162996,low,Q1,5,2,1,8,Needs Attention
CUST-10065,821,49,49,1486.38,182,Latin America,1.7904993909866016,30.334285714285716,54.313520097442144,low,Q2,2,5,2,9,Needs Attention
CUST-10066,246,22,22,4682.99,13,Europe,2.682926829268293,212.8631818181818,571.0963414634147,medium,Q4,5,4,5,14,Champions / VIP
CUST-10067,793,11,11,2687.36,339,Latin America,0.416141235813367,244.30545454545455,101.6655737704918,low,Q3,1,2,4,7,Needs Attention
CUST-10068,217,34,34,1886.27,29,Europe,4.700460829493087,55.478529411764704,260.77465437788015,medium,Q2,5,5,3,13,Champions / VIP
CUST-10069,409,19,19,1464.56,259,Europe,1.3936430317848412,77.08210526315789,107.42493887530563,low,Q2,2,3,2,7,Needs Attention
CUST-10070,522,31,31,6832.16,90,Asia-Pacific,1.781609195402299,220.3922580645161,392.6528735632184,low,Q4,4,5,5,14,Champions / VIP
CUST-10071,1094,23,23,5369.45,104,Europe,0.6307129798903107,233.45434782608694,147.2426873857404,low,Q4,3,4,5,12,Loyal Customers
CUST-10072,44,58,58,6926.14,12,North America,39.54545454545455,119.41620689655173,4722.368181818182,high,Q4,5,5,5,15,Champions / VIP
CUST-10073,94,8,8,291.12,2,North America,2.5531914893617023,36.39,92.91063829787234,medium,Q1,5,1,1,7,Needs Attention
CUST-10074,550,12,12,406.36,108,North America,0.6545454545454545,33.86333333333334,22.16509090909091,low,Q1,3,2,1,6,At-Risk / Churning
CUST-10075,677,81,81,12485.24,156,Asia-Pacific,3.5893648449039883,154.13876543209875,553.2602658788774,medium,Q4,3,5,5,13,Champions / VIP
CUST-10076,622,16,16,1814.42,82,North America,0.7717041800643086,113.40125,87.51221864951768,low,Q2,4,3,3,10,Loyal Customers
CUST-10077,421,7,7,220.13,77,Asia-Pacific,0.498812351543943,31.447142857142858,15.686223277909738,low,Q1,4,1,1,6,At-Risk / Churning
CUST-10078,448,25,25,3905.79,258,Asia-Pacific,1.6741071428571428,156.2316,261.5484375,low,Q4,2,4,4,10,Loyal Customers
CUST-10079,318,34,34,936.46,127,North America,3.207547169811321,27.54294117647059,88.34528301886793,medium,Q1,3,5,2,10,Loyal Customers
CUST-10080,408,16,16,3234.54,282,Europe,1.1764705882352942,202.15875,237.83382352941177,low,Q3,1,3,4,8,Needs Attention
CUST-10081,260,3,3,281.84,88,Latin America,0.3461538461538462,93.94666666666666,32.519999999999996,low,Q1,4,1,1,6,At-Risk / Churning
CUST-10082,1047,9,9,306.52,204,Asia-Pacific,0.25787965616045844,34.05777777777777,8.782808022922636,low,Q1,2,1,1,4,At-Risk / Churning
CUST-10083,70,5,5,786.9,16,North America,2.142857142857143,157.38,337.24285714285713,medium,Q1,5,1,1,7,Needs Attention
CUST-10084,1081,53,53,6067.39,151,Asia-Pacific,1.4708603145235895,114.47905660377359,168.38270120259023,low,Q4,3,5,5,13,Champions / VIP
CUST-10085,164,4,4,976.42,73,Europe,0.7317073170731707,244.105,178.61341463414632,low,Q1,4,1,2,7,Needs Attention
CUST-10086,230,11,11,1621.89,32,Europe,1.434782608695652,147.44454545454548,211.5508695652174,low,Q2,5,2,3,10,Loyal Customers
CUST-10087,809,24,24,2086.29,271,North America,0.8899876390605687,86.92875,77.3655129789864,low,Q3,1,4,3,8,Needs Attention
CUST-10088,959,6,6,1107.74,5,Asia-Pacific,0.18769551616266947,184.62333333333333,34.652971845672575,low,Q2,5,1,2,8,Needs Attention
CUST-10089,1086,23,23,1979.97,330,Latin America,0.6353591160220994,86.08565217391305,54.69530386740331,low,Q2,1,4,3,8,Needs Attention
CUST-10090,532,10,10,2284.55,308,Latin America,0.5639097744360902,228.455,128.828007518797,low,Q3,1,2,3,6,At-Risk / Churning
CUST-10091,436,21,21,2295.56,333,Asia-Pacific,1.444954128440367,109.31238095238095,157.951376146789,low,Q3,1,4,3,8,Needs Attention
CUST-10092,834,14,14,2082.09,169,Asia-Pacific,0.5035971223021583,148.7207142857143,74.8953237410072,low,Q3,3,2,3,8,Needs Attention
CUST-10093,128,16,16,582.06,53,Asia-Pacific,3.75,36.37875,136.4203125,medium,Q1,4,3,1,8,Needs Attention
CUST-10094,713,33,33,3988.95,178,North America,1.388499298737728,120.87727272727273,167.83800841514727,low,Q4,2,5,4,11,Loyal Customers
CUST-10095,755,7,7,1485.97,143,Europe,0.2781456953642384,212.28142857142856,59.04516556291391,low,Q2,3,1,2,6,At-Risk / Churning
CUST-10096,990,21,21,4331.69,362,Latin America,0.6363636363636364,206.27095238095237,131.26333333333332,low,Q4,1,4,5,10,Loyal Customers
CUST-10097,642,29,29,2188.68,248,North America,1.355140186915888,75.47172413793103,102.27476635514019,low,Q3,2,5,3,10,Loyal Customers
CUST-10098,672,6,6,455.21,127,Asia-Pacific,0.26785714285714285,75.86833333333333,20.321875000000002,low,Q1,3,1,1,5,At-Risk / Churning
CUST-10099,1058,5,5,1044.47,263,Asia-Pacific,0.14177693761814744,208.894,29.616351606805296,low,Q1,2,1,2,5,At-Risk / Churning
CUST-10100,532,14,14,3280.76,40,Europe,0.7894736842105263,234.34,185.00526315789475,low,Q3,5,2,4,11,Loyal Customers
CUST-10101,796,3,3,139.37,355,Asia-Pacific,0.11306532663316582,46.45666666666667,5.252638190954774,low,Q1,1,1,1,3,At-Risk / Churning
CUST-10102,427,21,21,2651.53,255,North America,1.4754098360655739,126.26333333333335,186.29016393442626,low,Q3,2,4,4,10,Loyal Customers
CUST-10103,900,26,26,2624.11,143,North America,0.8666666666666667,100.92730769230769,87.47033333333334,low,Q3,3,4,4,11,Loyal Customers
CUST-10104,824,6,6,1325.43,240,Europe,0.2184466019417476,220.905,48.25594660194175,low,Q2,2,1,2,5,At-Risk / Churning
CUST-10105,422,29,29,1270.0,228,North America,2.061611374407583,43.793103448275865,90.28436018957346,medium,Q2,2,5,2,9,Needs Attention
CUST-10106,236,36,36,2610.12,85,Latin America,4.576271186440678,72.50333333333333,331.7949152542373,medium,Q3,4,5,4,13,Champions / VIP
CUST-10107,1068,22,22,4274.72,198,North America,0.6179775280898876,194.30545454545455,120.07640449438202,low,Q4,2,4,5,11,Loyal Customers
CUST-10108,921,38,38,1388.56,65,North America,1.237785016286645,36.54105263157894,45.2299674267101,low,Q2,4,5,2,11,Loyal Customers
CUST-10109,893,14,14,1901.49,11,North America,0.47032474804031354,135.82071428571427,63.87984322508399,low,Q2,5,2,3,10,Loyal Customers
CUST-10110,772,12,12,1493.69,108,Latin America,0.46632124352331605,124.47416666666668,58.0449481865285,low,Q2,3,2,2,7,Needs Attention
CUST-10111,593,16,16,1603.84,26,Asia-Pacific,0.8094435075885329,100.24,81.13861720067453,low,Q2,5,3,2,10,Loyal Customers
CUST-10112,1050,8,8,910.23,151,North America,0.22857142857142856,113.77875,26.00657142857143,low,Q1,3,1,1,5,At-Risk / Churning
CUST-10113,125,11,11,1586.6,93,Europe,2.6399999999999997,144.23636363636362,380.78399999999993,medium,Q2,4,2,2,8,Needs Attention
CUST-10114,514,17,17,1042.23,341,Latin America,0.9922178988326849,61.307647058823534,60.83054474708172,low,Q1,1,3,2,6,At-Risk / Churning
CUST-10115,260,19,19,2920.28,237,Europe,2.1923076923076925,153.69894736842107,336.9553846153847,medium,Q3,2,3,4,9,Needs Attention
CUST-10116,778,23,23,4743.11,237,North America,0.8868894601542416,206.22217391304346,182.89627249357326,low,Q4,2,4,5,11,Loyal Customers
CUST-10117,570,2,2,392.07,219,Europe,0.10526315789473684,196.035,20.635263157894737,low,Q1,2,1,1,4,At-Risk / Churning
CUST-10118,1089,80,80,4770.2,151,North America,2.203856749311295,59.6275,131.41046831955924,medium,Q4,3,5,5,13,Champions / VIP
CUST-10119,554,8,8,468.65,123,Latin America,0.43321299638989175,58.58125,25.378158844765345,low,Q1,3,1,1,5,At-Risk / Churning
CUST-10120,607,26,26,2218.82,144,Europe,1.28500823723229,85.33923076923078,109.66161449752883,low,Q3,3,4,3,10,Loyal Customers
CUST-10121,711,21,21,2231.08,189,Europe,0.8860759493670887,106.24190476190476,94.13839662447258,low,Q3,2,4,3,9,Needs Attention
CUST-10122,586,11,11,1285.93,255,North America,0.5631399317406143,116.90272727272728,65.8325938566553,low,Q2,2,2,2,6,At-Risk / Churning
CUST-10123,1042,25,25,4448.3,68,North America,0.7197696737044146,177.93200000000002,128.0700575815739,low,Q4,4,4,5,13,Champions / VIP
CUST-10124,675,9,9,339.78,104,Asia-Pacific,0.4,37.75333333333333,15.101333333333333,low,Q1,3,1,1,5,At-Risk / Churning
CUST-10125,825,17,17,557.62,336,North America,0.6181818181818182,32.80117647058824,20.27709090909091,low,Q1,1,3,1,5,At-Risk / Churning
CUST-10126,1081,53,53,5998.53,159,North America,1.4708603145235895,113.17981132075471,166.47169287696576,low,Q4,3,5,5,13,Champions / VIP
CUST-10127,219,13,13,2364.2,53,Asia-Pacific,1.7808219178082192,181.86153846153846,323.86301369863014,low,Q3,4,2,3,9,Needs Attention
CUST-10128,662,18,18,1233.41,362,North America,0.8157099697885196,68.52277777777778,55.89471299093656,low,Q2,1,3,2,6,At-Risk / Churning
CUST-10129,657,7,7,1185.37,300,North America,0.31963470319634707,169.3385714285714,54.12648401826484,low,Q2,1,1,2,4,At-Risk / Churning
CUST-10130,1002,26,26,2169.99,90,Asia-Pacific,0.7784431137724551,83.46115384615383,64.96976047904191,low,Q3,4,4,3,11,Loyal Customers
CUST-10131,739,10,10,2243.69,357,Latin America,0.4059539918809202,224.369,91.08349120433019,low,Q3,1,2,3,6,At-Risk / Churning
CUST-10132,678,21,21,4757.13,256,Latin America,0.9292035398230087,226.53,210.4924778761062,low,Q4,2,4,5,11,Loyal Customers
CUST-10133,347,32,32,2940.47,220,North America,2.76657060518732,91.8896875,254.2193083573487,medium,Q3,2,5,4,11,Loyal Customers
CUST-10134,713,15,15,1151.23,9,North America,0.6311360448807855,76.74866666666667,48.438849929873776,low,Q2,5,3,2,10,Loyal Customers
CUST-10135,693,25,25,2938.58,12,Asia-Pacific,1.0822510822510822,117.5432,127.2112554112554,low,Q3,5,4,4,13,Champions / VIP
CUST-10136,471,22,22,1740.63,325,Asia-Pacific,1.4012738853503186,79.11954545454546,110.86815286624206,low,Q2,1,4,3,8,Needs Attention
CUST-10137,593,33,33,5817.45,244,Latin America,1.669477234401349,176.28636363636363,294.3060708263069,low,Q4,2,5,5,12,Loyal Customers
CUST-10138,981,25,25,5271.61,182,Europe,0.7645259938837919,210.8644,161.21131498470945,low,Q4,2,4,5,11,Loyal Customers
CUST-10139,728,37,37,6528.49,284,North America,1.5247252747252749,176.44567567567566,269.0311813186813,low,Q4,1,5,5,11,Loyal Customers
CUST-10140,142,14,14,2946.7,56,Europe,2.9577464788732395,210.47857142857143,622.5422535211267,medium,Q3,4,2,4,10,Loyal Customers
CUST-10141,31,6,6,685.94,3,Europe,5.806451612903225,114.32333333333334,663.8129032258064,medium,Q1,5,1,1,7,Needs Attention
CUST-10142,671,4,4,240.69,197,Asia-Pacific,0.17883755588673622,60.1725,10.761102831594634,low,Q1,2,1,1,4,At-Risk / Churning
CUST-10143,249,5,5,955.19,226,North America,0.6024096385542168,191.038,115.08313253012048,low,Q1,2,1,2,5,At-Risk / Churning
CUST-10144,884,14,14,1485.49,226,North America,0.47511312217194573,106.10642857142857,50.41255656108598,low,Q2,2,2,2,6,At-Risk / Churning
CUST-10145,414,19,19,3344.68,333,Asia-Pacific,1.3768115942028984,176.0357894736842,242.36811594202896,low,Q3,1,3,4,8,Needs Attention
CUST-10146,759,10,10,858.95,103,Europe,0.3952569169960474,85.89500000000001,33.95059288537549,low,Q1,3,2,1,6,At-Risk / Churning
CUST-10147,276,10,10,432.77,106,Asia-Pacific,1.0869565217391306,43.277,47.04021739130435,low,Q1,3,2,1,6,At-Risk / Churning
CUST-10148,865,13,13,3228.3,58,Latin America,0.4508670520231214,248.33076923076925,111.96416184971099,low,Q3,4,2,4,10,Loyal Customers
CUST-10149,232,17,17,1022.47,78,North America,2.1982758620689653,60.14529411764706,132.21594827586208,medium,Q1,4,3,2,9,Needs Attention
CUST-10150,152,41,41,10143.18,75,Latin America,8.092105263157896,247.39463414634147,2001.9434210526317,medium,Q4,4,5,5,14,Champions / VIP
CUST-10151,430,4,4,979.55,42,Asia-Pacific,0.27906976744186046,244.8875,68.34069767441859,low,Q1,5,1,2,8,Needs Attention
CUST-10152,796,27,27,5497.44,324,North America,1.0175879396984924,203.60888888888888,207.1899497487437,low,Q4,1,4,5,10,Loyal Customers
CUST-10153,323,25,25,4334.25,181,Latin America,2.3219814241486065,173.37,402.5619195046439,medium,Q4,2,4,5,11,Loyal Customers
CUST-10154,309,15,15,2325.1,33,Latin America,1.4563106796116503,155.00666666666666,225.73786407766988,low,Q3,5,3,3,11,Loyal Customers
CUST-10155,913,22,22,4837.2,71,Europe,0.7228915662650602,219.87272727272727,158.94414019715225,low,Q4,4,4,5,13,Champions / VIP
CUST-10156,227,15,15,1351.86,56,North America,1.9823788546255507,90.124,178.6599118942731,low,Q2,4,3,2,9,Needs Attention
CUST-10157,1011,25,25,3255.71,105,Latin America,0.7418397626112759,130.2284,96.60860534124629,low,Q3,3,4,4,11,Loyal Customers
CUST-10158,781,9,9,1479.26,200,Latin America,0.34571062740076824,164.36222222222221,56.821766965428935,low,Q2,2,1,2,5,At-Risk / Churning
CUST-10159,173,8,8,940.14,101,Europe,1.3872832369942196,117.5175,163.0300578034682,low,Q1,3,1,2,6,At-Risk / Churning
CUST-10160,638,3,3,363.55,256,Latin America,0.14106583072100315,121.18333333333334,17.094827586206897,low,Q1,2,1,1,4,At-Risk / Churning
CUST-10161,216,22,22,2184.91,51,Latin America,3.0555555555555554,99.31409090909091,303.4597222222222,medium,Q3,4,4,3,11,Loyal Customers
CUST-10162,493,11,11,1671.47,74,Latin America,0.6693711967545639,151.9518181818182,101.71217038539554,low,Q2,4,2,3,9,Needs Attention
CUST-10163,689,5,5,1081.9,171,Europe,0.2177068214804064,216.38000000000002,47.10740203193034,low,Q2,3,1,2,6,At-Risk / Churning
CUST-10164,793,8,8,562.75,143,Latin America,0.3026481715006305,70.34375,21.28940731399748,low,Q1,3,1,1,5,At-Risk / Churning
CUST-10165,984,25,25,5881.19,166,Latin America,0.7621951219512195,235.24759999999998,179.30457317073171,low,Q4,3,4,5,12,Loyal Customers
CUST-10166,432,19,19,3420.85,261,North America,1.3194444444444444,180.04473684210527,237.55902777777777,low,Q3,2,3,4,9,Needs Attention
CUST-10167,176,8,8,1681.89,83,North America,1.3636363636363638,210.23625,286.6857954545455,low,Q2,4,1,3,8,Needs Attention
CUST-10168,893,40,40,6005.72,182,Europe,1.343784994400896,150.143,201.75991041433372,low,Q4,2,5,5,12,Loyal Customers
CUST-10169,518,16,16,3206.26,307,Asia-Pacific,0.9266409266409267,200.39125,185.6907335907336,low,Q3,1,3,4,8,Needs Attention
CUST-10170,958,24,24,687.48,10,North America,0.7515657620041754,28.645,21.528601252609604,low,Q1,5,4,1,10,Loyal Customers
CUST-10171,580,19,19,3973.58,4,Europe,0.9827586206896552,209.1357894736842,205.53,low,Q4,5,3,4,12,Loyal Customers
CUST-10172,367,14,14,476.44,351,Latin America,1.1444141689373297,34.03142857142857,38.94604904632153,low,Q1,1,2,1,4,At-Risk / Churning
CUST-10173,901,22,22,4955.07,336,Latin America,0.7325194228634849,225.23045454545453,164.98568257491675,low,Q4,1,4,5,10,Loyal Customers
CUST-10174,670,35,35,8686.71,292,Europe,1.5671641791044777,248.19171428571426,388.95716417910444,low,Q4,1,5,5,11,Loyal Customers
CUST-10175,502,14,14,1276.31,281,Latin America,0.8366533864541832,91.16499999999999,76.2735059760956,low,Q2,1,2,2,5,At-Risk / Churning
CUST-10176,180,28,28,2025.01,98,Latin America,4.666666666666667,72.32178571428571,337.50166666666667,medium,Q3,4,4,3,11,Loyal Customers
CUST-10177,292,10,10,1972.07,101,Asia-Pacific,1.0273972602739727,197.207,202.60993150684934,low,Q2,3,2,3,8,Needs Attention
CUST-10178,173,49,49,4014.62,9,Latin America,8.497109826589595,81.93102040816326,696.1768786127168,medium,Q4,5,5,4,14,Champions / VIP
CUST-10179,375,9,9,1977.76,61,North America,0.72,219.7511111111111,158.2208,low,Q2,4,1,3,8,Needs Attention
CUST-10180,653,59,59,2840.24,309,Latin America,2.7105666156202144,48.13966101694915,130.48575803981623,medium,Q3,1,5,4,10,Loyal Customers
CUST-10181,1046,6,6,320.04,146,Europe,0.17208413001912046,53.34,9.178967495219887,low,Q1,3,1,1,5,At-Risk / Churning
CUST-10182,910,13,13,3189.02,63,Asia-Pacific,0.4285714285714286,245.30923076923077,105.13252747252747,low,Q3,4,2,4,10,Loyal Customers
CUST-10183,31,23,23,4062.12,25,Latin America,22.25806451612903,176.61391304347825,3931.0838709677414,high,Q4,5,4,4,13,Champions / VIP
CUST-10184,926,36,36,7759.79,226,Europe,1.1663066954643628,215.54972222222221,251.39708423326132,low,Q4,2,5,5,12,Loyal Customers
CUST-10185,283,44,44,4310.86,105,North America,4.6643109540636045,97.9740909090909,456.98162544169605,medium,Q4,3,5,5,13,Champions / VIP
CUST-10186,482,41,41,7265.56,260,Latin America,2.5518672199170123,177.2087804878049,452.2132780082988,medium,Q4,2,5,5,12,Loyal Customers
CUST-10187,1090,23,23,3650.2,349,Asia-Pacific,0.6330275229357798,158.70434782608694,100.46422018348623,low,Q4,1,4,4,9,Needs Attention
CUST-10188,1044,10,10,1607.09,255,Latin America,0.2873563218390805,160.709,46.180747126436785,low,Q2,2,2,3,7,Needs Attention
CUST-10189,38,32,32,5714.23,15,Europe,25.263157894736842,178.5696875,4511.234210526316,high,Q4,5,5,5,15,Champions / VIP
CUST-10190,845,34,34,5251.5,28,Asia-Pacific,1.2071005917159763,154.4558823529412,186.44378698224853,low,Q4,5,5,5,15,Champions / VIP
CUST-10191,237,21,21,2552.32,170,Latin America,2.6582278481012658,121.53904761904762,323.07848101265824,medium,Q3,3,4,3,10,Loyal Customers
CUST-10192,433,12,12,1044.99,336,North America,0.8314087759815242,87.0825,72.40115473441108,low,Q1,1,2,2,5,At-Risk / Churning
CUST-10193,181,7,7,1385.52,76,Asia-Pacific,1.160220994475138,197.93142857142857,229.6441988950276,low,Q2,4,1,2,7,Needs Attention
CUST-10194,83,10,10,759.11,69,North America,3.6144578313253013,75.911,274.377108433735,medium,Q1,4,2,1,7,Needs Attention
CUST-10195,657,10,10,1807.8,354,Europe,0.4566210045662101,180.78,82.54794520547945,low,Q2,1,2,3,6,At-Risk / Churning
CUST-10196,616,18,18,1395.0,234,Latin America,0.8766233766233765,77.5,67.93831168831169,low,Q2,2,3,2,7,Needs Attention
CUST-10197,133,33,33,5468.08,1,North America,7.443609022556391,165.69939393939393,1233.4015037593983,medium,Q4,5,5,5,15,Champions / VIP
CUST-10198,283,19,19,3668.76,167,Europe,2.0141342756183747,193.0926315789474,388.91448763250884,medium,Q4,3,3,4,10,Loyal Customers
CUST-10199,539,7,7,519.47,352,Latin America,0.38961038961038963,74.21000000000001,28.912987012987017,low,Q1,1,1,1,3,At-Risk / Churning
CUST-10200,128,27,27,1039.16,90,Europe,6.328125,38.48740740740741,243.55312500000002,medium,Q1,4,4,2,10,Loyal Customers
CUST-10201,182,52,52,2832.39,17,North America,8.571428571428571,54.46903846153846,466.87747252747255,medium,Q3,5,5,4,14,Champions / VIP
CUST-10202,943,18,18,2904.29,251,Europe,0.5726405090137858,161.34944444444443,92.39522799575822,low,Q3,2,3,4,9,Needs Attention
CUST-10203,907,10,10,2161.25,347,Asia-Pacific,0.33076074972436603,216.125,71.4856670341786,low,Q3,1,2,3,6,At-Risk / Churning
CUST-10204,367,8,8,280.99,344,Latin America,0.6539509536784741,35.12375,22.969209809264306,low,Q1,1,1,1,3,At-Risk / Churning
CUST-10205,851,26,26,4944.78,174,Europe,0.9165687426556992,190.18384615384613,174.31656874265568,low,Q4,3,4,5,12,Loyal Customers
CUST-10206,986,43,43,4377.26,170,North America,1.3083164300202839,101.79674418604651,133.18235294117648,low,Q4,3,5,5,13,Champions / VIP
CUST-10207,190,14,14,1857.36,167,Latin America,2.210526315789474,132.66857142857143,293.26736842105265,medium,Q2,3,2,3,8,Needs Attention
CUST-10208,830,12,12,2807.92,90,Asia-Pacific,0.43373493975903615,233.99333333333334,101.49108433734939,low,Q3,4,2,4,10,Loyal Customers
CUST-10209,427,18,18,1794.48,49,Latin America,1.2646370023419204,99.69333333333333,126.07587822014052,low,Q2,4,3,3,10,Loyal Customers
CUST-10210,845,28,28,3631.62,294,Asia-Pacific,0.9940828402366864,129.70071428571427,128.9332544378698,low,Q4,1,4,4,9,Needs Attention
CUST-10211,430,10,10,280.79,150,Latin America,0.6976744186046512,28.079,19.59,low,Q1,3,2,1,6,At-Risk / Churning
CUST-10212,669,20,20,867.19,132,Europe,0.8968609865470851,43.359500000000004,38.88744394618834,low,Q1,3,3,1,7,Needs Attention
CUST-10213,1086,24,24,1996.39,59,Europe,0.6629834254143646,83.18291666666667,55.148895027624306,low,Q2,4,4,3,11,Loyal Customers
CUST-10214,717,25,25,781.67,324,North America,1.0460251046025104,31.2668,32.70585774058578,low,Q1,1,4,1,6,At-Risk / Churning
CUST-10215,489,8,8,1336.48,199,Asia-Pacific,0.49079754601226994,167.06,81.99263803680981,low,Q2,2,1,2,5,At-Risk / Churning
CUST-10216,984,9,9,1088.46,215,North America,0.27439024390243905,120.94,33.18475609756098,low,Q2,2,1,2,5,At-Risk / Churning
CUST-10217,499,18,18,2669.99,49,Europe,1.0821643286573146,148.33277777777778,160.5204408817635,low,Q3,4,3,4,11,Loyal Customers
CUST-10218,1075,27,27,1735.98,232,Asia-Pacific,0.7534883720930232,64.29555555555555,48.44595348837209,low,Q2,2,4,3,9,Needs Attention
CUST-10219,779,57,57,5220.33,247,North America,2.1951219512195124,91.58473684210526,201.03966623876767,medium,Q4,2,5,5,12,Loyal Customers
CUST-10220,67,7,7,1220.52,31,North America,3.134328358208955,174.35999999999999,546.5014925373134,medium,Q2,5,1,2,8,Needs Attention
CUST-10221,259,20,20,4843.86,168,North America,2.316602316602317,242.19299999999998,561.0648648648648,medium,Q4,3,3,5,11,Loyal Customers
CUST-10222,592,17,17,617.84,48,North America,0.8614864864864864,36.343529411764706,31.30945945945946,low,Q1,4,3,1,8,Needs Attention
CUST-10223,467,13,13,2929.37,51,North America,0.8351177730192719,225.33615384615385,188.18222698072805,low,Q3,4,2,4,10,Loyal Customers
CUST-10224,56,35,35,5417.94,43,Asia-Pacific,18.75,154.7982857142857,2902.4678571428567,high,Q4,5,5,5,15,Champions / VIP
CUST-10225,255,25,25,3797.05,98,North America,2.9411764705882355,151.882,446.7117647058824,medium,Q4,4,4,4,12,Loyal Customers
CUST-10226,827,25,25,3439.07,216,Asia-Pacific,0.9068923821039904,137.5628,124.7546553808948,low,Q3,2,4,4,10,Loyal Customers
CUST-10227,313,7,7,284.3,177,North America,0.6709265175718849,40.614285714285714,27.249201277955272,low,Q1,3,1,1,5,At-Risk / Churning
CUST-10228,908,13,13,587.89,80,Europe,0.42951541850220265,45.222307692307695,19.423678414096916,low,Q1,4,2,1,7,Needs Attention
CUST-10229,989,18,18,2883.69,185,Europe,0.5460060667340748,160.205,87.47290192113245,low,Q3,2,3,4,9,Needs Attention
CUST-10230,482,19,19,1932.6,27,North America,1.1825726141078838,101.71578947368421,120.28630705394191,low,Q2,5,3,3,11,Loyal Customers
CUST-10231,1049,66,66,15271.43,195,Latin America,1.8875119161105813,231.38530303030302,436.7425166825548,low,Q4,2,5,5,12,Loyal Customers
CUST-10232,845,14,14,1630.76,214,Europe,0.4970414201183432,116.48285714285714,57.896804733727805,low,Q2,2,2,3,7,Needs Attention
CUST-10233,688,1,1,57.24,342,Asia-Pacific,0.0436046511627907,57.24,2.4959302325581394,low,Q1,1,1,1,3,At-Risk / Churning
CUST-10234,576,18,18,3344.61,114,North America,0.9375,185.81166666666667,174.1984375,low,Q3,3,3,4,10,Loyal Customers
CUST-10235,46,24,24,2184.11,12,Asia-Pacific,15.652173913043477,91.00458333333334,1424.4195652173912,high,Q3,5,4,3,12,Loyal Customers
CUST-10236,187,18,18,2578.15,55,Latin America,2.8877005347593583,143.23055555555555,413.60695187165777,medium,Q3,4,3,4,11,Loyal Customers
CUST-10237,506,1,1,182.01,312,North America,0.05928853754940711,182.01,10.791106719367589,low,Q1,1,1,1,3,At-Risk / Churning
CUST-10238,547,21,21,4778.75,196,Europe,1.1517367458866543,227.5595238095238,262.0886654478976,low,Q4,2,4,5,11,Loyal Customers
CUST-10239,128,25,25,5081.08,95,Asia-Pacific,5.859375,203.2432,1190.878125,medium,Q4,4,4,5,13,Champions / VIP
CUST-10240,1090,6,6,1063.09,44,Europe,0.16513761467889906,177.18166666666664,29.259357798165134,low,Q1,5,1,2,8,Needs Attention
CUST-10241,309,10,10,1779.17,186,Europe,0.9708737864077669,177.917,172.73495145631068,low,Q2,2,2,3,7,Needs Attention
CUST-10242,526,17,17,4043.16,343,North America,0.9695817490494296,237.83294117647057,230.59847908745243,low,Q4,1,3,4,8,Needs Attention
CUST-10243,331,12,12,1098.73,246,Asia-Pacific,1.0876132930513596,91.56083333333333,99.58277945619335,low,Q2,2,2,2,6,At-Risk / Churning
CUST-10244,210,13,13,328.25,181,Latin America,1.8571428571428572,25.25,46.892857142857146,low,Q1,2,2,1,5,At-Risk / Churning
CUST-10245,636,21,21,1809.99,84,Europe,0.9905660377358491,86.19,85.37688679245284,low,Q2,4,4,3,11,Loyal Customers
CUST-10246,729,11,11,814.28,207,North America,0.45267489711934156,74.02545454545454,33.50946502057613,low,Q1,2,2,1,5,At-Risk / Churning
CUST-10247,1022,5,5,869.56,151,North America,0.14677103718199608,173.91199999999998,25.5252446183953,low,Q1,3,1,1,5,At-Risk / Churning
CUST-10248,220,30,30,5027.55,156,Latin America,4.090909090909091,167.585,685.575,medium,Q4,3,5,5,13,Champions / VIP
CUST-10249,282,8,8,1268.23,16,North America,0.851063829787234,158.52875,134.918085106383,low,Q2,5,1,2,8,Needs Attention
CUST-10250,1010,15,15,429.82,165,Europe,0.44554455445544555,28.654666666666667,12.766930693069307,low,Q1,3,3,1,7,Needs Attention
CUST-10251,957,12,12,2267.7,145,North America,0.3761755485893417,188.975,71.08777429467085,low,Q3,3,2,3,8,Needs Attention
CUST-10252,157,7,7,684.56,37,Asia-Pacific,1.3375796178343948,97.7942857142857,130.8076433121019,low,Q1,5,1,1,7,Needs Attention
CUST-10253,47,30,30,5239.13,13,Asia-Pacific,19.148936170212767,174.63766666666666,3344.1255319148936,high,Q4,5,5,5,15,Champions / VIP
CUST-10254,595,28,28,4206.44,45,Europe,1.411764705882353,150.23,212.0894117647059,low,Q4,5,4,5,14,Champions / VIP
CUST-10255,599,13,13,1327.49,206,Asia-Pacific,0.651085141903172,102.11461538461539,66.48530884808014,low,Q2,2,2,2,6,At-Risk / Churning
CUST-10256,715,17,17,939.75,62,Latin America,0.7132867132867133,55.279411764705884,39.43006993006993,low,Q1,4,3,2,9,Needs Attention
CUST-10257,655,19,19,878.64,356,North America,0.8702290076335878,46.24421052631579,40.243053435114504,low,Q1,1,3,1,5,At-Risk / Churning
CUST-10258,883,7,7,1484.64,308,Europe,0.23782559456398641,212.0914285714286,50.44077010192526,low,Q2,1,1,2,4,At-Risk / Churning
CUST-10259,991,8,8,1853.12,19,Latin America,0.2421796165489405,231.64,56.09848637739657,low,Q2,5,1,3,9,Needs Attention
CUST-10260,184,17,17,2910.44,109,North America,2.7717391304347823,171.20235294117649,474.5282608695652,medium,Q3,3,3,4,10,Loyal Customers
CUST-10261,519,7,7,337.91,300,Latin America,0.40462427745664736,48.27285714285715,19.53236994219653,low,Q1,1,1,1,3,At-Risk / Churning
CUST-10262,814,17,17,1962.75,7,Europe,0.6265356265356266,115.45588235294117,72.33722358722359,low,Q2,5,3,3,11,Loyal Customers
CUST-10263,275,2,2,378.02,249,Europe,0.2181818181818182,189.01,41.23854545454545,low,Q1,2,1,1,4,At-Risk / Churning
CUST-10264,1092,13,13,2605.98,117,Latin America,0.35714285714285715,200.46,71.59285714285714,low,Q3,3,2,4,9,Needs Attention
CUST-10265,788,21,21,1083.58,68,North America,0.799492385786802,51.59904761904762,41.25304568527919,low,Q2,4,4,2,10,Loyal Customers
CUST-10266,567,20,20,500.14,34,Asia-Pacific,1.0582010582010584,25.006999999999998,26.462433862433862,low,Q1,5,3,1,9,Needs Attention
CUST-10267,950,35,35,6483.08,194,Asia-Pacific,1.1052631578947367,185.23085714285713,204.72884210526314,low,Q4,2,5,5,12,Loyal Customers
CUST-10268,437,7,7,736.64,325,Latin America,0.4805491990846682,105.23428571428572,50.57025171624714,low,Q1,1,1,1,3,At-Risk / Churning
CUST-10269,554,16,16,1316.13,55,Europe,0.8664259927797835,82.258125,71.27057761732853,low,Q2,4,3,2,9,Needs Attention
CUST-10270,857,31,31,864.96,266,North America,1.0851808634772462,27.901935483870968,30.278646441073512,low,Q1,1,5,1,7,Needs Attention
CUST-10271,932,21,21,3077.91,42,North America,0.6759656652360515,146.56714285714284,99.07435622317597,low,Q3,5,4,4,13,Champions / VIP
CUST-10272,65,29,29,6278.76,41,Europe,13.384615384615385,216.5089655172414,2897.8892307692313,high,Q4,5,5,5,15,Champions / VIP
CUST-10273,714,7,7,1683.27,231,Asia-Pacific,0.29411764705882354,240.46714285714285,70.72563025210084,low,Q2,2,1,3,6,At-Risk / Churning
CUST-10274,49,18,18,2741.27,5,North America,11.020408163265307,152.2927777777778,1678.3285714285714,high,Q3,5,3,4,12,Loyal Customers
CUST-10275,350,15,15,2111.31,10,Latin America,1.2857142857142858,140.754,180.96942857142858,low,Q3,5,3,3,11,Loyal Customers
CUST-10276,541,18,18,794.48,358,Asia-Pacific,0.99815157116451,44.13777777777778,44.05619223659889,low,Q1,1,3,1,5,At-Risk / Churning
CUST-10277,429,9,9,1336.47,128,Latin America,0.6293706293706294,148.49666666666667,93.45944055944055,low,Q2,3,1,2,6,At-Risk / Churning
CUST-10278,683,38,38,4198.82,179,Asia-Pacific,1.6691068814055638,110.49526315789473,184.42840409956077,low,Q4,2,5,5,12,Loyal Customers
CUST-10279,1001,27,27,4363.35,193,Europe,0.8091908091908092,161.60555555555558,130.76973026973027,low,Q4,2,4,5,11,Loyal Customers
CUST-10280,500,35,35,3936.22,92,Latin America,2.0999999999999996,112.46342857142857,236.17319999999998,medium,Q4,4,5,4,13,Champions / VIP
CUST-10281,863,21,21,1660.41,231,Latin America,0.7300115874855156,79.06714285714285,57.71993047508691,low,Q2,2,4,3,9,Needs Attention
CUST-10282,756,10,10,463.67,78,Europe,0.39682539682539686,46.367000000000004,18.399603174603175,low,Q1,4,2,1,7,Needs Attention
CUST-10283,883,26,26,2492.27,85,Latin America,0.883352208380521,95.85653846153846,84.67508493771234,low,Q3,4,4,3,11,Loyal Customers
CUST-10284,80,38,38,1776.31,30,Asia-Pacific,14.25,46.745,666.11625,high,Q2,5,5,3,13,Champions / VIP
CUST-10285,604,21,21,1360.84,213,North America,1.0430463576158941,64.80190476190475,67.59139072847682,low,Q2,2,4,2,8,Needs Attention
CUST-10286,179,9,9,2224.36,49,North America,1.5083798882681565,247.15111111111113,372.7977653631285,low,Q3,4,1,3,8,Needs Attention
CUST-10287,343,11,11,1374.16,265,Europe,0.9620991253644314,124.92363636363638,120.18892128279884,low,Q2,1,2,2,5,At-Risk / Churning
CUST-10288,599,18,18,2604.08,145,Asia-Pacific,0.9015025041736228,144.67111111111112,130.42136894824708,low,Q3,3,3,4,10,Loyal Customers
CUST-10289,334,41,41,9084.13,69,Latin America,3.6826347305389224,221.56414634146338,815.9398203592814,medium,Q4,4,5,5,14,Champions / VIP
CUST-10290,711,48,48,11952.14,58,Latin America,2.0253164556962027,249.00291666666666,504.3097046413502,medium,Q4,4,5,5,14,Champions / VIP
CUST-10291,867,9,9,1405.0,185,North America,0.31141868512110726,156.11111111111111,48.615916955017305,low,Q2,2,1,2,5,At-Risk / Churning
CUST-10292,1032,22,22,4571.75,62,Latin America,0.6395348837209303,207.8068181818182,132.8997093023256,low,Q4,4,4,5,13,Champions / VIP
CUST-10293,473,11,11,1084.18,308,North America,0.6976744186046512,98.56181818181818,68.76405919661734,low,Q2,1,2,2,5,At-Risk / Churning
CUST-10294,642,6,6,562.75,296,Europe,0.28037383177570097,93.79166666666667,26.29672897196262,low,Q1,1,1,1,3,At-Risk / Churning
CUST-10295,1022,25,25,2890.21,166,Latin America,0.7338551859099803,115.6084,84.83982387475537,low,Q3,3,4,4,11,Loyal Customers
CUST-10296,293,19,19,3349.97,171,Asia-Pacific,1.9453924914675766,176.31421052631578,343.0003412969283,low,Q3,3,3,4,10,Loyal Customers
CUST-10297,1033,20,20,3569.86,63,Latin America,0.5808325266214909,178.493,103.67454017424977,low,Q4,4,3,4,11,Loyal Customers
CUST-10298,34,15,15,1438.93,19,North America,13.23529411764706,95.92866666666667,1269.644117647059,high,Q2,5,3,2,10,Loyal Customers
CUST-10299,803,21,21,1154.42,306,Europe,0.7845579078455791,54.97238095238096,43.12901618929017,low,Q2,1,4,2,7,Needs Attention
CUST-10300,906,21,21,3513.07,161,North America,0.695364238410596,167.28904761904764,116.32682119205299,low,Q3,3,4,4,11,Loyal Customers
CUST-10301,1021,29,29,1562.33,141,Latin America,0.852105778648384,53.87344827586207,45.905876591576884,low,Q2,3,5,2,10,Loyal Customers
CUST-10302,913,9,9,1396.45,334,North America,0.29572836801752467,155.16111111111113,45.8855421686747,low,Q2,1,1,2,4,At-Risk / Churning
CUST-10303,76,30,30,5430.6,62,North America,11.842105263157896,181.02,2143.6578947368425,high,Q4,4,5,5,14,Champions / VIP
CUST-10304,896,28,28,5113.85,221,Europe,0.9375,182.63750000000002,171.22265625,low,Q4,2,4,5,11,Loyal Customers
CUST-10305,852,21,21,4085.16,43,Asia-Pacific,0.7394366197183099,194.53142857142856,143.84366197183098,low,Q4,5,4,4,13,Champions / VIP
CUST-10306,965,18,18,3985.08,292,Latin America,0.5595854922279793,221.39333333333332,123.88849740932643,low,Q4,1,3,4,8,Needs Attention
CUST-10307,685,16,16,2199.85,108,Europe,0.7007299270072993,137.490625,96.34379562043796,low,Q3,3,3,3,9,Needs Attention
CUST-10308,298,16,16,3028.9,266,Asia-Pacific,1.610738255033557,189.30625,304.9228187919463,low,Q3,1,3,4,8,Needs Attention
CUST-10309,399,18,18,2957.65,95,North America,1.3533834586466165,164.3138888888889,222.3796992481203,low,Q3,4,3,4,11,Loyal Customers
CUST-10310,665,5,5,334.97,262,Asia-Pacific,0.22556390977443608,66.994,15.111428571428572,low,Q1,2,1,1,4,At-Risk / Churning
CUST-10311,686,61,61,1877.59,313,North America,2.6676384839650145,30.780163934426227,82.1103498542274,medium,Q2,1,5,3,9,Needs Attention
CUST-10312,149,33,33,2937.72,129,North America,6.644295302013423,89.02181818181818,591.4872483221476,medium,Q3,3,5,4,12,Loyal Customers
CUST-10313,860,49,49,6109.45,71,Europe,1.7093023255813953,124.68265306122449,213.1203488372093,low,Q4,4,5,5,14,Champions / VIP
CUST-10314,770,26,26,4260.07,219,North America,1.0129870129870129,163.84884615384615,165.97675324675322,low,Q4,2,4,5,11,Loyal Customers
CUST-10315,146,11,11,2378.65,21,Europe,2.26027397260274,216.2409090909091,488.76369863013707,medium,Q3,5,2,3,10,Loyal Customers
CUST-10316,820,24,24,1659.73,92,Asia-Pacific,0.8780487804878049,69.15541666666667,60.72182926829269,low,Q2,4,4,3,11,Loyal Customers
CUST-10317,1042,29,29,1544.21,127,Asia-Pacific,0.8349328214971209,53.248620689655176,44.459021113243764,low,Q2,3,5,2,10,Loyal Customers
CUST-10318,663,9,9,2176.05,80,North America,0.4072398190045249,241.78333333333336,98.46380090497738,low,Q3,4,1,3,8,Needs Attention
CUST-10319,542,37,37,1824.47,312,Europe,2.047970479704797,49.31,100.98542435424355,medium,Q2,1,5,3,9,Needs Attention
CUST-10320,831,13,13,1724.59,238,North America,0.4693140794223827,132.66076923076923,62.25956678700361,low,Q2,2,2,3,7,Needs Attention
CUST-10321,589,27,27,4232.3,182,Europe,1.3752122241086588,156.75185185185185,215.56706281833618,low,Q4,2,4,5,11,Loyal Customers
CUST-10322,517,41,41,6019.18,25,Europe,2.379110251450677,146.80926829268293,349.2754352030948,medium,Q4,5,5,5,15,Champions / VIP
CUST-10323,926,21,21,931.5,156,Europe,0.6803455723542117,44.357142857142854,30.17818574514039,low,Q1,3,4,2,9,Needs Attention
CUST-10324,733,41,41,1551.07,5,Asia-Pacific,1.6780354706684857,37.830975609756095,63.48171896316507,low,Q2,5,5,2,12,Loyal Customers
CUST-10325,610,5,5,243.67,120,Europe,0.24590163934426232,48.733999999999995,11.983770491803279,low,Q1,3,1,1,5,At-Risk / Churning
CUST-10326,819,7,7,1097.3,277,Asia-Pacific,0.2564102564102564,156.75714285714284,40.19413919413919,low,Q2,1,1,2,4,At-Risk / Churning
CUST-10327,890,9,9,1327.3,18,Europe,0.3033707865168539,147.47777777777776,44.74044943820224,low,Q2,5,1,2,8,Needs Attention
CUST-10328,276,4,4,310.37,198,Asia-Pacific,0.4347826086956522,77.5925,33.73586956521739,low,Q1,2,1,1,4,At-Risk / Churning
CUST-10329,183,41,41,6908.47,57,Latin America,6.721311475409837,168.49926829268293,1132.5360655737707,medium,Q4,4,5,5,14,Champions / VIP
CUST-10330,1026,35,35,7333.03,93,Asia-Pacific,1.023391812865497,209.51514285714285,214.416081871345,low,Q4,4,5,5,14,Champions / VIP
CUST-10331,726,11,11,377.91,19,Asia-Pacific,0.4545454545454546,34.35545454545455,15.616115702479341,low,Q1,5,2,1,8,Needs Attention
CUST-10332,1038,59,59,8087.68,353,North America,1.7052023121387283,137.0793220338983,233.74797687861272,low,Q4,1,5,5,11,Loyal Customers
CUST-10333,123,14,14,2521.33,65,Europe,3.414634146341464,180.095,614.9585365853659,medium,Q3,4,2,3,9,Needs Attention
CUST-10334,987,50,50,4088.51,237,Latin America,1.5197568389057752,81.7702,124.27082066869302,low,Q4,2,5,5,12,Loyal Customers
CUST-10335,1041,50,50,4712.42,277,North America,1.440922190201729,94.2484,135.80461095100864,low,Q4,1,5,5,11,Loyal Customers
CUST-10336,482,11,11,1793.75,227,Europe,0.6846473029045643,163.0681818181818,111.64419087136929,low,Q2,2,2,3,7,Needs Attention
CUST-10337,941,29,29,6584.03,233,Latin America,0.924548352816153,227.0355172413793,209.90531349628054,low,Q4,2,5,5,12,Loyal Customers
CUST-10338,247,34,34,7045.92,40,Latin America,4.129554655870446,207.2329411764706,855.7797570850204,medium,Q4,5,5,5,15,Champions / VIP
CUST-10339,503,11,11,1718.25,323,Latin America,0.6560636182902585,156.20454545454547,102.48011928429425,low,Q2,1,2,3,6,At-Risk / Churning
CUST-10340,461,1,1,189.3,153,Europe,0.0650759219088937,189.3,12.318872017353579,low,Q1,3,1,1,5,At-Risk / Churning
CUST-10341,370,29,29,3105.47,127,Latin America,2.3513513513513513,107.0851724137931,251.79486486486485,medium,Q3,3,5,4,12,Loyal Customers
CUST-10342,580,9,9,1522.96,237,Latin America,0.4655172413793104,169.21777777777777,78.77379310344828,low,Q2,2,1,2,5,At-Risk / Churning
CUST-10343,386,16,16,2078.25,55,North America,1.2435233160621761,129.890625,161.5220207253886,low,Q3,4,3,3,10,Loyal Customers
CUST-10344,52,20,20,1354.71,20,Asia-Pacific,11.538461538461538,67.7355,781.5634615384615,high,Q2,5,3,2,10,Loyal Customers
CUST-10345,551,25,25,4572.28,172,Europe,1.3611615245009074,182.8912,248.94446460980035,low,Q4,3,4,5,12,Loyal Customers
CUST-10346,831,14,14,2102.86,109,Asia-Pacific,0.5054151624548736,150.20428571428573,75.91552346570398,low,Q3,3,2,3,8,Needs Attention
CUST-10347,791,21,21,2219.49,354,North America,0.7964601769911505,105.68999999999998,84.17787610619467,low,Q3,1,4,3,8,Needs Attention
CUST-10348,471,36,36,8281.85,184,Asia-Pacific,2.2929936305732483,230.0513888888889,527.5063694267517,medium,Q4,2,5,5,12,Loyal Customers
CUST-10349,798,3,3,89.13,198,Latin America,0.11278195488721804,29.709999999999997,3.350751879699248,low,Q1,2,1,1,4,At-Risk / Churning
CUST-10350,1045,5,5,480.24,87,Latin America,0.14354066985645933,96.048,13.786794258373206,low,Q1,4,1,1,6,At-Risk / Churning
CUST-10351,545,7,7,264.59,201,Europe,0.38532110091743116,37.79857142857143,14.5645871559633,low,Q1,2,1,1,4,At-Risk / Churning
CUST-10352,1069,12,12,2369.62,337,Europe,0.33676333021515437,197.46833333333333,66.5000935453695,low,Q3,1,2,3,6,At-Risk / Churning
CUST-10353,821,28,28,5123.28,322,Europe,1.0231425091352009,182.9742857142857,187.20876979293544,low,Q4,1,4,5,10,Loyal Customers
CUST-10354,365,33,33,3285.29,275,North America,2.712328767123288,99.55424242424242,270.02383561643836,medium,Q3,1,5,4,10,Loyal Customers
CUST-10355,287,15,15,2655.36,211,Europe,1.5679442508710801,177.024,277.5637630662021,low,Q3,2,3,4,9,Needs Attention
CUST-10356,526,15,15,1711.29,118,North America,0.8555133079847907,114.086,97.60209125475284,low,Q2,3,3,3,9,Needs Attention
CUST-10357,925,39,39,7611.13,191,Latin America,1.2648648648648648,195.1571794871795,246.8474594594595,low,Q4,2,5,5,12,Loyal Customers
CUST-10358,189,20,20,2543.83,42,Asia-Pacific,3.174603174603175,127.19149999999999,403.78253968253966,medium,Q3,5,3,3,11,Loyal Customers
CUST-10359,881,13,13,1530.92,42,Latin America,0.4426787741203178,117.76307692307692,52.13121452894438,low,Q2,5,2,2,9,Needs Attention
CUST-10360,719,30,30,7059.43,315,Latin America,1.251738525730181,235.31433333333334,294.55201668984705,low,Q4,1,5,5,11,Loyal Customers
CUST-10361,409,28,28,2280.54,276,Latin America,2.053789731051345,81.44785714285715,167.27677261613692,medium,Q3,1,4,3,8,Needs Attention
CUST-10362,986,22,22,1146.21,329,Europe,0.6693711967545639,52.10045454545455,34.87454361054767,low,Q2,1,4,2,7,Needs Attention
CUST-10363,720,11,11,1721.74,17,Europe,0.4583333333333333,156.5218181818182,71.73916666666666,low,Q2,5,2,3,10,Loyal Customers
CUST-10364,314,8,8,1944.78,283,Europe,0.7643312101910827,243.0975,185.80700636942674,low,Q2,1,1,3,5,At-Risk / Churning
CUST-10365,426,9,9,990.12,258,Asia-Pacific,0.6338028169014085,110.01333333333334,69.72676056338028,low,Q1,2,1,2,5,At-Risk / Churning
CUST-10366,41,9,9,350.62,36,Europe,6.585365853658536,38.95777777777778,256.55121951219513,medium,Q1,5,1,1,7,Needs Attention
CUST-10367,528,9,9,912.09,19,North America,0.5113636363636364,101.34333333333333,51.82329545454545,low,Q1,5,1,1,7,Needs Attention
CUST-10368,783,12,12,1666.02,17,Latin America,0.45977011494252873,138.835,63.83218390804597,low,Q2,5,2,3,10,Loyal Customers
CUST-10369,64,17,17,1044.36,5,Asia-Pacific,7.96875,61.432941176470585,489.54374999999993,medium,Q1,5,3,2,10,Loyal Customers
CUST-10370,756,19,19,3288.39,246,Asia-Pacific,0.753968253968254,173.07315789473682,130.49166666666667,low,Q3,2,3,4,9,Needs Attention
CUST-10371,878,7,7,1746.46,251,Asia-Pacific,0.23917995444191345,249.49428571428572,59.67403189066059,low,Q2,2,1,3,6,At-Risk / Churning
CUST-10372,119,20,20,2532.83,71,Asia-Pacific,5.042016806722689,126.6415,638.5285714285714,medium,Q3,4,3,3,10,Loyal Customers
CUST-10373,805,18,18,1886.65,81,Asia-Pacific,0.6708074534161491,104.8138888888889,70.30993788819876,low,Q2,4,3,3,10,Loyal Customers
CUST-10374,634,16,16,1842.54,39,North America,0.7570977917981073,115.15875,87.18643533123029,low,Q2,5,3,3,11,Loyal Customers
CUST-10375,999,11,11,559.99,36,Latin America,0.3303303303303304,50.908181818181816,16.81651651651652,low,Q1,5,2,1,8,Needs Attention
CUST-10376,1051,7,7,1566.16,197,Asia-Pacific,0.19980970504281637,223.73714285714286,44.704852521408185,low,Q2,2,1,2,5,At-Risk / Churning
CUST-10377,447,25,25,2958.39,158,Latin America,1.6778523489932886,118.3356,198.5496644295302,low,Q3,3,4,4,11,Loyal Customers
CUST-10378,144,18,18,2018.46,29,Europe,3.75,112.13666666666667,420.51250000000005,medium,Q2,5,3,3,11,Loyal Customers
CUST-10379,646,22,22,3815.47,196,Asia-Pacific,1.021671826625387,173.43045454545452,177.18900928792567,low,Q4,2,4,4,10,Loyal Customers
CUST-10380,855,13,13,1617.95,307,Asia-Pacific,0.45614035087719296,124.45769230769231,56.770175438596496,low,Q2,1,2,3,6,At-Risk / Churning
CUST-10381,442,12,12,2050.23,152,Latin America,0.8144796380090498,170.8525,139.15588235294118,low,Q3,3,2,3,8,Needs Attention
CUST-10382,758,32,32,1242.41,14,Asia-Pacific,1.266490765171504,38.8253125,49.171899736147765,low,Q2,5,5,2,12,Loyal Customers
CUST-10383,1050,71,71,14774.23,325,Asia-Pacific,2.0285714285714285,208.08774647887324,422.1208571428571,medium,Q4,1,5,5,11,Loyal Customers
CUST-10384,790,14,14,3312.59,146,Asia-Pacific,0.5316455696202532,236.61357142857145,125.79455696202533,low,Q3,3,2,4,9,Needs Attention
CUST-10385,705,19,19,3248.47,57,North America,0.8085106382978723,170.97210526315789,138.2327659574468,low,Q3,4,3,4,11,Loyal Customers
CUST-10386,486,16,16,3836.44,211,North America,0.9876543209876544,239.7775,236.8172839506173,low,Q4,2,3,4,9,Needs Attention
CUST-10387,949,9,9,531.65,268,Asia-Pacific,0.2845100105374078,59.07222222222222,16.80663856691254,low,Q1,1,1,1,3,At-Risk / Churning
CUST-10388,221,13,13,1721.44,210,North America,1.7647058823529413,132.41846153846154,233.6796380090498,low,Q2,2,2,3,7,Needs Attention
CUST-10389,768,53,53,8501.55,17,Europe,2.0703125,160.4066037735849,332.09179687499994,medium,Q4,5,5,5,15,Champions / VIP
CUST-10390,1007,10,10,1558.91,286,Asia-Pacific,0.29791459781529295,155.89100000000002,46.44220456802383,low,Q2,1,2,2,5,At-Risk / Churning
CUST-10391,1038,18,18,2075.92,344,Europe,0.5202312138728323,115.3288888888889,59.99768786127168,low,Q3,1,3,3,7,Needs Attention
CUST-10392,125,11,11,1111.76,75,Latin America,2.6399999999999997,101.0690909090909,266.82239999999996,medium,Q2,4,2,2,8,Needs Attention
CUST-10393,692,17,17,910.1,99,Europe,0.7369942196531792,53.53529411764706,39.45520231213873,low,Q1,3,3,1,7,Needs Attention
CUST-10394,66,10,10,1131.42,23,Latin America,4.545454545454545,113.14200000000001,514.2818181818182,medium,Q2,5,2,2,9,Needs Attention
CUST-10395,308,12,12,739.18,209,Asia-Pacific,1.1688311688311688,61.59833333333333,71.99805194805194,low,Q1,2,2,1,5,At-Risk / Churning
CUST-10396,246,5,5,951.16,129,Latin America,0.6097560975609757,190.232,115.99512195121952,low,Q1,3,1,2,6,At-Risk / Churning
CUST-10397,896,18,18,1295.77,335,Latin America,0.6026785714285714,71.98722222222221,43.38515625,low,Q2,1,3,2,6,At-Risk / Churning
CUST-10398,902,13,13,496.3,288,Europe,0.43237250554323725,38.176923076923075,16.506651884700666,low,Q1,1,2,1,4,At-Risk / Churning
CUST-10399,91,24,24,3582.78,9,Europe,7.912087912087912,149.2825,1181.1362637362638,medium,Q4,5,4,4,13,Champions / VIP
CUST-10400,625,17,17,2701.75,271,Europe,0.8160000000000001,158.9264705882353,129.684,low,Q3,1,3,4,8,Needs Attention
CUST-10401,758,10,10,2211.8,188,Asia-Pacific,0.395778364116095,221.18,87.5382585751979,low,Q3,2,2,3,7,Needs Attention
CUST-10402,426,8,8,1238.57,214,Asia-Pacific,0.5633802816901409,154.82125,87.22323943661972,low,Q2,2,1,2,5,At-Risk / Churning
CUST-10403,728,17,17,1746.46,283,Europe,0.7005494505494506,102.73294117647059,71.9695054945055,low,Q2,1,3,3,7,Needs Attention
CUST-10404,1072,38,38,7815.75,211,Asia-Pacific,1.0634328358208955,205.67763157894737,218.72434701492537,low,Q4,2,5,5,12,Loyal Customers
CUST-10405,206,11,11,1612.19,109,Asia-Pacific,1.6019417475728157,146.56272727272727,234.7849514563107,low,Q2,3,2,3,8,Needs Attention
CUST-10406,425,3,3,128.51,76,Latin America,0.21176470588235294,42.836666666666666,9.071294117647058,low,Q1,4,1,1,6,At-Risk / Churning
CUST-10407,474,20,20,3046.33,148,Latin America,1.2658227848101264,152.3165,192.80569620253164,low,Q3,3,3,4,10,Loyal Customers
CUST-10408,105,35,35,8025.65,65,Europe,10.0,229.3042857142857,2293.042857142857,medium,Q4,4,5,5,14,Champions / VIP
CUST-10409,294,24,24,2740.09,213,Asia-Pacific,2.4489795918367343,114.17041666666667,279.60102040816327,medium,Q3,2,4,4,10,Loyal Customers
CUST-10410,484,7,7,641.71,109,Latin America,0.43388429752066116,91.67285714285715,39.7754132231405,low,Q1,3,1,1,5,At-Risk / Churning
CUST-10411,747,19,19,1088.33,129,North America,0.7630522088353414,57.28052631578947,43.708032128514056,low,Q2,3,3,2,8,Needs Attention
CUST-10412,764,29,29,1713.18,10,Asia-Pacific,1.1387434554973823,59.075172413793105,67.2714659685864,low,Q2,5,5,3,13,Champions / VIP
CUST-10413,880,13,13,1590.86,47,North America,0.4431818181818182,122.37384615384615,54.23386363636364,low,Q2,4,2,2,8,Needs Attention
CUST-10414,173,12,12,1908.34,123,Europe,2.0809248554913293,159.02833333333334,330.9260115606936,medium,Q2,3,2,3,8,Needs Attention
CUST-10415,914,12,12,517.66,315,Asia-Pacific,0.39387308533916854,43.13833333333333,16.991028446389496,low,Q1,1,2,1,4,At-Risk / Churning
CUST-10416,425,15,15,3546.04,96,Europe,1.0588235294117647,236.40266666666668,250.30870588235294,low,Q3,4,3,4,11,Loyal Customers
CUST-10417,1078,7,7,1364.34,103,Europe,0.19480519480519481,194.90571428571428,37.968645640074214,low,Q2,3,1,2,6,At-Risk / Churning
CUST-10418,977,20,20,3139.81,342,Europe,0.6141248720573182,156.9905,96.41177072671442,low,Q3,1,3,4,8,Needs Attention
CUST-10419,920,20,20,4227.97,146,Europe,0.6521739130434783,211.3985,137.86858695652174,low,Q4,3,3,5,11,Loyal Customers
CUST-10420,598,21,21,903.88,27,Europe,1.0535117056856187,43.04190476190476,45.34515050167224,low,Q1,5,4,1,10,Loyal Customers
CUST-10421,1092,17,17,2248.91,220,Asia-Pacific,0.46703296703296704,132.28882352941176,61.78324175824176,low,Q3,2,3,3,8,Needs Attention
CUST-10422,138,7,7,1167.4,18,North America,1.5217391304347827,166.77142857142857,253.78260869565221,low,Q2,5,1,2,8,Needs Attention
CUST-10423,1095,14,14,2960.26,167,Asia-Pacific,0.3835616438356164,211.44714285714286,81.10301369863015,low,Q3,3,2,4,9,Needs Attention
CUST-10424,964,48,48,9661.47,82,Asia-Pacific,1.4937759336099585,201.280625,300.6681535269709,low,Q4,4,5,5,14,Champions / VIP
CUST-10425,427,20,20,1746.81,72,Asia-Pacific,1.405152224824356,87.34049999999999,122.72669789227167,low,Q2,4,3,3,10,Loyal Customers
CUST-10426,663,9,9,2130.28,310,Latin America,0.4072398190045249,236.6977777777778,96.39276018099548,low,Q3,1,1,3,5,At-Risk / Churning
CUST-10427,762,25,25,1324.45,254,Latin America,0.984251968503937,52.978,52.14370078740158,low,Q2,2,4,2,8,Needs Attention
CUST-10428,264,49,49,10873.35,162,Asia-Pacific,5.5681818181818175,221.90510204081633,1235.6079545454545,medium,Q4,3,5,5,13,Champions / VIP
CUST-10429,687,22,22,5356.15,327,North America,0.9606986899563319,243.46136363636361,233.8930131004367,low,Q4,1,4,5,10,Loyal Customers
CUST-10430,780,15,15,972.89,38,Asia-Pacific,0.5769230769230769,64.85933333333334,37.418846153846154,low,Q1,5,3,2,10,Loyal Customers
CUST-10431,617,38,38,7123.66,201,Europe,1.847649918962723,187.46473684210525,346.36920583468395,low,Q4,2,5,5,12,Loyal Customers
CUST-10432,1062,12,12,408.77,200,Latin America,0.33898305084745767,34.064166666666665,11.547175141242938,low,Q1,2,2,1,5,At-Risk / Churning
CUST-10433,983,32,32,3719.04,255,Latin America,0.9766022380467956,116.22,113.50071210579858,low,Q4,2,5,4,11,Loyal Customers
CUST-10434,521,11,11,1552.8,179,Asia-Pacific,0.6333973128598848,141.16363636363636,89.41266794625719,low,Q2,2,2,2,6,At-Risk / Churning
CUST-10435,942,13,13,2023.39,35,Asia-Pacific,0.4140127388535032,155.64538461538461,64.4391719745223,low,Q3,5,2,3,10,Loyal Customers
CUST-10436,199,28,28,6596.4,82,North America,4.221105527638191,235.58571428571426,994.43216080402,medium,Q4,4,4,5,13,Champions / VIP
CUST-10437,975,37,37,6521.49,220,North America,1.1384615384615384,176.2564864864865,200.66123076923077,low,Q4,2,5,5,12,Loyal Customers
CUST-10438,824,16,16,2132.6,158,Europe,0.5825242718446603,133.2875,77.64320388349515,low,Q3,3,3,3,9,Needs Attention
CUST-10439,663,36,36,7458.37,4,Asia-Pacific,1.6289592760180995,207.17694444444444,337.48280542986424,low,Q4,5,5,5,15,Champions / VIP
CUST-10440,58,22,22,5255.14,39,Asia-Pacific,11.379310344827585,238.87,2718.1758620689657,high,Q4,5,4,5,14,Champions / VIP
CUST-10441,368,10,10,299.65,204,Asia-Pacific,0.8152173913043478,29.964999999999996,24.427989130434778,low,Q1,2,2,1,5,At-Risk / Churning
CUST-10442,529,13,13,3198.87,194,Latin America,0.7372400756143668,246.06692307692308,181.41039697542533,low,Q3,2,2,4,8,Needs Attention
CUST-10443,540,24,24,1065.11,235,Europe,1.3333333333333333,44.37958333333333,59.172777777777775,low,Q2,2,4,2,8,Needs Attention
CUST-10444,246,39,39,8121.24,206,North America,4.75609756097561,208.23692307692306,990.3951219512196,medium,Q4,2,5,5,12,Loyal Customers
CUST-10445,474,32,32,2818.41,150,Latin America,2.0253164556962022,88.0753125,178.38037974683542,medium,Q3,3,5,4,12,Loyal Customers
CUST-10446,905,32,32,1751.69,159,Latin America,1.0607734806629834,54.7403125,58.06707182320442,low,Q2,3,5,3,11,Loyal Customers
CUST-10447,196,6,6,743.81,23,Latin America,0.9183673469387755,123.96833333333332,113.8484693877551,low,Q1,5,1,1,7,Needs Attention
CUST-10448,120,27,27,4587.04,48,Latin America,6.75,169.89037037037036,1146.76,medium,Q4,4,4,5,13,Champions / VIP
CUST-10449,743,26,26,2878.57,166,Europe,1.0497981157469718,110.71423076923078,116.22759084791387,low,Q3,3,4,4,11,Loyal Customers
CUST-10450,68,21,21,782.82,55,Asia-Pacific,9.264705882352942,37.27714285714286,345.36176470588236,medium,Q1,4,4,1,9,Needs Attention
CUST-10451,202,26,26,4156.85,68,North America,3.8613861386138613,159.87884615384615,617.3539603960396,medium,Q4,4,4,5,13,Champions / VIP
CUST-10452,682,4,4,912.16,88,North America,0.1759530791788856,228.04,40.12434017595307,low,Q1,4,1,1,6,At-Risk / Churning
CUST-10453,783,2,2,222.45,217,Latin America,0.07662835249042145,111.225,8.522988505747126,low,Q1,2,1,1,4,At-Risk / Churning
CUST-10454,505,20,20,1473.5,1,Latin America,1.1881188118811883,73.675,87.53465346534654,low,Q2,5,3,2,10,Loyal Customers
CUST-10455,485,17,17,2117.86,135,Europe,1.0515463917525771,124.58000000000001,131.00164948453607,low,Q3,3,3,3,9,Needs Attention
CUST-10456,858,15,15,538.22,185,Latin America,0.5244755244755245,35.88133333333334,18.81888111888112,low,Q1,2,3,1,6,At-Risk / Churning
CUST-10457,924,23,23,4821.02,351,North America,0.7467532467532467,209.60956521739132,156.52662337662338,low,Q4,1,4,5,10,Loyal Customers
CUST-10458,1054,20,20,4218.53,140,North America,0.5692599620493358,210.92649999999998,120.07201138519923,low,Q4,3,3,5,11,Loyal Customers
CUST-10459,416,21,21,3303.3,106,Asia-Pacific,1.5144230769230769,157.3,238.21875,low,Q3,3,4,4,11,Loyal Customers
CUST-10460,377,30,30,3133.44,133,Asia-Pacific,2.387267904509284,104.44800000000001,249.3453580901857,medium,Q3,3,5,4,12,Loyal Customers
CUST-10461,219,12,12,2459.42,108,North America,1.6438356164383563,204.95166666666668,336.9068493150685,low,Q3,3,2,3,8,Needs Attention
CUST-10462,534,22,22,3295.7,178,North America,1.2359550561797752,149.80454545454543,185.15168539325842,low,Q3,2,4,4,10,Loyal Customers
CUST-10463,853,11,11,2319.18,298,Europe,0.38686987104337633,210.83454545454543,81.56553341148886,low,Q3,1,2,3,6,At-Risk / Churning
CUST-10464,958,3,3,501.23,358,Europe,0.09394572025052192,167.07666666666668,15.696137787056369,low,Q1,1,1,1,3,At-Risk / Churning
CUST-10465,963,14,14,2820.88,359,North America,0.43613707165109034,201.49142857142857,87.8778816199377,low,Q3,1,2,4,7,Needs Attention
CUST-10466,163,33,33,5269.33,146,Latin America,6.07361963190184,159.67666666666668,969.8153374233128,medium,Q4,3,5,5,13,Champions / VIP
CUST-10467,87,9,9,1063.64,66,Asia-Pacific,3.103448275862069,118.18222222222224,366.7724137931035,medium,Q1,4,1,2,7,Needs Attention
CUST-10468,714,23,23,5532.37,74,North America,0.9663865546218487,240.53782608695653,232.45252100840335,low,Q4,4,4,5,13,Champions / VIP
CUST-10469,701,30,30,4402.52,108,Latin America,1.2838801711840229,146.7506666666667,188.4102710413695,low,Q4,3,5,5,13,Champions / VIP
CUST-10470,202,27,27,4350.92,122,North America,4.00990099009901,161.1451851851852,646.1762376237624,medium,Q4,3,4,5,12,Loyal Customers
CUST-10471,844,11,11,820.71,17,Asia-Pacific,0.3909952606635071,74.61,29.172156398104267,low,Q1,5,2,1,8,Needs Attention
CUST-10472,109,10,10,1657.71,68,Asia-Pacific,2.7522935779816513,165.77100000000002,456.2504587155963,medium,Q2,4,2,3,9,Needs Attention
CUST-10473,915,18,18,2765.01,327,Europe,0.5901639344262295,153.61166666666668,90.6560655737705,low,Q3,1,3,4,8,Needs Attention
CUST-10474,232,21,21,1398.36,62,Europe,2.7155172413793105,66.58857142857143,180.82241379310344,medium,Q2,4,4,2,10,Loyal Customers
CUST-10475,793,26,26,998.58,297,Europe,0.9836065573770492,38.40692307692308,37.777301387137456,low,Q1,1,4,2,7,Needs Attention
CUST-10476,76,26,26,4185.5,34,Europe,10.263157894736842,160.98076923076923,1652.171052631579,high,Q4,5,4,5,14,Champions / VIP
CUST-10477,685,72,72,14171.81,198,Asia-Pacific,3.153284671532847,196.83069444444445,620.6632116788321,medium,Q4,2,5,5,12,Loyal Customers
CUST-10478,500,41,41,5853.38,45,Latin America,2.46,142.76536585365855,351.20279999999997,medium,Q4,5,5,5,15,Champions / VIP
CUST-10479,1000,14,14,1064.33,314,Latin America,0.42,76.02357142857143,31.929899999999996,low,Q1,1,2,2,5,At-Risk / Churning
CUST-10480,1065,56,56,9798.18,179,Latin America,1.5774647887323943,174.9675,276.0050704225352,low,Q4,2,5,5,12,Loyal Customers
CUST-10481,765,7,7,301.17,44,North America,0.27450980392156865,43.02428571428572,11.810588235294118,low,Q1,5,1,1,7,Needs Attention
CUST-10482,813,8,8,995.3,271,Europe,0.2952029520295203,124.4125,36.72693726937269,low,Q1,1,1,2,4,At-Risk / Churning
CUST-10483,997,28,28,1729.21,78,Europe,0.8425275827482447,61.7575,52.032397191574724,low,Q2,4,4,3,11,Loyal Customers
CUST-10484,387,14,14,931.05,326,Asia-Pacific,1.0852713178294573,66.50357142857142,72.17441860465115,low,Q1,1,2,2,5,At-Risk / Churning
CUST-10485,1001,41,41,2891.16,178,Asia-Pacific,1.2287712287712287,70.51609756097561,86.64815184815184,low,Q3,2,5,4,11,Loyal Customers
CUST-10486,697,26,26,2912.24,357,North America,1.1190817790530847,112.00923076923075,125.34748923959826,low,Q3,1,4,4,9,Needs Attention
CUST-10487,402,16,16,584.14,3,North America,1.1940298507462686,36.50875,43.592537313432835,low,Q1,5,3,1,9,Needs Attention
CUST-10488,1061,15,15,1717.55,214,Latin America,0.4241281809613572,114.50333333333333,48.5640904806786,low,Q2,2,3,3,8,Needs Attention
CUST-10489,705,15,15,2102.01,342,Asia-Pacific,0.6382978723404256,140.13400000000001,89.4472340425532,low,Q3,1,3,3,7,Needs Attention
CUST-10490,119,3,3,401.22,74,Europe,0.7563025210084033,133.74,101.14789915966387,low,Q1,4,1,1,6,At-Risk / Churning
CUST-10491,727,9,9,1000.14,51,Latin America,0.3713892709766162,111.12666666666667,41.27125171939477,low,Q1,4,1,2,7,Needs Attention
CUST-10492,569,11,11,2351.89,67,Europe,0.5799648506151143,213.8081818181818,124.001230228471,low,Q3,4,2,3,9,Needs Attention
CUST-10493,761,33,33,1904.05,332,Latin America,1.3009198423127464,57.698484848484846,75.0611038107753,low,Q2,1,5,3,9,Needs Attention
CUST-10494,898,11,11,1526.6,93,Europe,0.3674832962138085,138.78181818181818,51.0,low,Q2,4,2,2,8,Needs Attention
CUST-10495,70,22,22,857.11,48,North America,9.428571428571429,38.959545454545456,367.3328571428571,medium,Q1,4,4,1,9,Needs Attention
CUST-10496,769,15,15,615.15,145,Latin America,0.5851755526657998,41.01,23.998049414824447,low,Q1,3,3,1,7,Needs Attention
CUST-10497,531,9,9,1387.08,7,Europe,0.5084745762711864,154.12,78.36610169491526,low,Q2,5,1,2,8,Needs Attention
CUST-10498,988,21,21,3199.44,269,Europe,0.6376518218623483,152.3542857142857,97.14898785425102,low,Q3,1,4,4,9,Needs Attention
CUST-10499,958,17,17,3783.48,322,Asia-Pacific,0.5323590814196242,222.55764705882353,118.48058455114823,low,Q4,1,3,4,8,Needs Attention
CUST-10500,490,33,33,4967.21,4,Latin America,2.0204081632653064,150.52151515151516,304.1148979591837,medium,Q4,5,5,5,15,Champions / VIP
CUST-10501,761,13,13,3132.39,138,Europe,0.5124835742444153,240.9530769230769,123.48449408672798,low,Q3,3,2,4,9,Needs Attention
CUST-10502,781,11,11,395.52,231,Asia-Pacific,0.4225352112676056,35.95636363636363,15.19282970550576,low,Q1,2,2,1,5,At-Risk / Churning
CUST-10503,954,29,29,1364.5,88,Europe,0.9119496855345912,47.05172413793103,42.90880503144654,low,Q2,4,5,2,11,Loyal Customers
CUST-10504,938,15,15,523.72,17,Latin America,0.47974413646055436,34.91466666666667,16.750106609808103,low,Q1,5,3,1,9,Needs Attention
CUST-10505,419,31,31,2067.31,52,North America,2.2195704057279237,66.68741935483871,148.01742243436755,medium,Q3,4,5,3,12,Loyal Customers
CUST-10506,912,12,12,1761.43,134,Latin America,0.39473684210526316,146.78583333333333,57.941776315789475,low,Q2,3,2,3,8,Needs Attention
CUST-10507,285,19,19,3234.82,211,Latin America,2.0,170.25368421052633,340.50736842105266,low,Q3,2,3,4,9,Needs Attention
CUST-10508,738,11,11,387.82,325,Europe,0.44715447154471544,35.25636363636364,15.765040650406503,low,Q1,1,2,1,4,At-Risk / Churning
CUST-10509,479,9,9,2140.59,219,Europe,0.5636743215031316,237.84333333333336,134.0661795407098,low,Q3,2,1,3,6,At-Risk / Churning
CUST-10510,39,2,2,428.97,13,Latin America,1.5384615384615383,214.485,329.9769230769231,low,Q1,5,1,1,7,Needs Attention
CUST-10511,853,42,42,3852.99,211,Asia-Pacific,1.477139507620164,91.73785714285714,135.50961313012894,low,Q4,2,5,4,11,Loyal Customers
CUST-10512,827,12,12,508.41,277,Asia-Pacific,0.43530834340991537,42.3675,18.44292623941959,low,Q1,1,2,1,4,At-Risk / Churning
CUST-10513,906,24,24,1517.39,24,Asia-Pacific,0.794701986754967,63.224583333333335,50.24470198675497,low,Q2,5,4,2,11,Loyal Customers
CUST-10514,1058,15,15,803.44,4,Europe,0.42533081285444235,53.56266666666667,22.78185255198488,low,Q1,5,3,1,9,Needs Attention
CUST-10515,1045,35,35,1845.86,152,Europe,1.0047846889952152,52.73885714285714,52.9911961722488,low,Q2,3,5,3,11,Loyal Customers
CUST-10516,403,4,4,566.71,259,Latin America,0.2977667493796526,141.6775,42.186848635235734,low,Q1,2,1,1,4,At-Risk / Churning
CUST-10517,175,20,20,1606.31,68,North America,3.428571428571429,80.3155,275.3674285714286,medium,Q2,4,3,3,10,Loyal Customers
CUST-10518,253,28,28,2956.28,249,Europe,3.3201581027667983,105.58142857142857,350.54703557312257,medium,Q3,2,4,4,10,Loyal Customers
CUST-10519,206,18,18,4457.5,101,Latin America,2.621359223300971,247.63888888888889,649.1504854368933,medium,Q4,3,3,5,11,Loyal Customers
CUST-10520,882,10,10,1789.71,168,Latin America,0.3401360544217687,178.971,60.87448979591837,low,Q2,3,2,3,8,Needs Attention
CUST-10521,92,4,4,954.08,48,North America,1.3043478260869565,238.52,311.11304347826086,low,Q1,4,1,2,7,Needs Attention
CUST-10522,856,11,11,627.83,310,Asia-Pacific,0.38551401869158874,57.07545454545455,22.00338785046729,low,Q1,1,2,1,4,At-Risk / Churning
CUST-10523,824,3,3,332.94,291,Latin America,0.1092233009708738,110.98,12.121601941747574,low,Q1,1,1,1,3,At-Risk / Churning
CUST-10524,718,27,27,4045.0,56,Latin America,1.128133704735376,149.8148148148148,169.01114206128133,low,Q4,4,4,4,12,Loyal Customers
CUST-10525,134,23,23,972.22,108,Latin America,5.149253731343284,42.270434782608696,217.66119402985075,medium,Q1,3,4,2,9,Needs Attention
CUST-10526,540,29,29,752.32,296,Asia-Pacific,1.6111111111111112,25.942068965517244,41.79555555555556,low,Q1,1,5,1,7,Needs Attention
CUST-10527,414,8,8,1406.78,324,Asia-Pacific,0.5797101449275363,175.8475,101.94057971014492,low,Q2,1,1,2,4,At-Risk / Churning
CUST-10528,434,7,7,1185.87,302,North America,0.4838709677419355,169.41,81.97258064516129,low,Q2,1,1,2,4,At-Risk / Churning
CUST-10529,852,24,24,2818.26,334,Europe,0.8450704225352114,117.42750000000001,99.23450704225354,low,Q3,1,4,4,9,Needs Attention
CUST-10530,547,24,24,3244.08,141,Asia-Pacific,1.3162705667276051,135.17,177.92029250457037,low,Q3,3,4,4,11,Loyal Customers
CUST-10531,505,4,4,473.9,155,Europe,0.23762376237623764,118.475,28.15247524752475,low,Q1,3,1,1,5,At-Risk / Churning
CUST-10532,738,10,10,304.01,262,Europe,0.4065040650406504,30.401,12.358130081300812,low,Q1,2,2,1,5,At-Risk / Churning
CUST-10533,800,44,44,4420.18,273,Asia-Pacific,1.65,100.45863636363637,165.75675,low,Q4,1,5,5,11,Loyal Customers
CUST-10534,1076,28,28,1815.62,232,Latin America,0.7806691449814126,64.84357142857142,50.621375464684014,low,Q2,2,4,3,9,Needs Attention
CUST-10535,1026,15,15,707.18,241,North America,0.43859649122807015,47.14533333333333,20.677777777777774,low,Q1,2,3,1,6,At-Risk / Churning
CUST-10536,706,7,7,1681.83,355,Europe,0.29745042492917845,240.26142857142855,71.46586402266288,low,Q2,1,1,3,5,At-Risk / Churning
CUST-10537,743,8,8,1278.85,337,Latin America,0.3230148048452221,159.85625,51.63593539703903,low,Q2,1,1,2,4,At-Risk / Churning
CUST-10538,112,13,13,2456.32,105,Asia-Pacific,3.482142857142857,188.9476923076923,657.9428571428572,medium,Q3,3,2,3,8,Needs Attention
CUST-10539,486,5,5,479.78,258,Europe,0.308641975308642,95.95599999999999,29.61604938271605,low,Q1,2,1,1,4,At-Risk / Churning
CUST-10540,30,36,36,4084.49,25,Europe,36.0,113.45805555555555,4084.49,high,Q4,5,5,4,14,Champions / VIP
CUST-10541,80,34,34,2662.47,77,Europe,12.75,78.30794117647058,998.42625,high,Q3,4,5,4,13,Champions / VIP
CUST-10542,714,7,7,327.72,180,Latin America,0.29411764705882354,46.81714285714286,13.769747899159665,low,Q1,2,1,1,4,At-Risk / Churning
CUST-10543,746,51,51,3329.39,66,Latin America,2.0509383378016084,65.2821568627451,133.8896782841823,medium,Q3,4,5,4,13,Champions / VIP
CUST-10544,478,12,12,2453.29,308,Latin America,0.7531380753138075,204.44083333333333,153.97217573221758,low,Q3,1,2,3,6,At-Risk / Churning
CUST-10545,910,17,17,3016.61,348,Europe,0.5604395604395604,177.44764705882355,99.44868131868132,low,Q3,1,3,4,8,Needs Attention
CUST-10546,517,12,12,1776.71,171,Europe,0.6963249516441006,148.05916666666667,103.09729206963249,low,Q2,3,2,3,8,Needs Attention
CUST-10547,63,7,7,923.27,59,North America,3.333333333333333,131.8957142857143,439.65238095238095,medium,Q1,4,1,1,6,At-Risk / Churning
CUST-10548,124,13,13,3023.12,90,North America,3.1451612903225805,232.5476923076923,731.3999999999999,medium,Q3,4,2,4,10,Loyal Customers
CUST-10549,183,4,4,165.46,22,Latin America,0.6557377049180328,41.365,27.12459016393443,low,Q1,5,1,1,7,Needs Attention
CUST-10550,279,13,13,1145.76,107,Latin America,1.3978494623655913,88.13538461538461,123.19999999999999,low,Q2,3,2,2,7,Needs Attention
CUST-10551,703,16,16,1659.78,323,Asia-Pacific,0.6827880512091038,103.73625,70.8298719772404,low,Q2,1,3,3,7,Needs Attention
CUST-10552,467,20,20,4020.92,227,Latin America,1.284796573875803,201.046,258.3032119914347,low,Q4,2,3,4,9,Needs Attention
CUST-10553,147,5,5,1241.58,140,North America,1.0204081632653061,248.31599999999997,253.38367346938773,low,Q2,3,1,2,6,At-Risk / Churning
CUST-10554,800,5,5,395.75,216,North America,0.1875,79.15,14.840625,low,Q1,2,1,1,4,At-Risk / Churning
CUST-10555,297,20,20,4434.38,69,North America,2.0202020202020203,221.719,447.9171717171717,medium,Q4,4,3,5,12,Loyal Customers
CUST-10556,265,7,7,1483.23,84,Europe,0.7924528301886792,211.89000000000001,167.91283018867924,low,Q2,4,1,2,7,Needs Attention
CUST-10557,418,15,15,1133.22,103,Europe,1.076555023923445,75.548,81.33157894736843,low,Q2,3,3,2,8,Needs Attention
CUST-10558,1019,36,36,4134.59,39,Latin America,1.0598626104023552,114.84972222222223,121.72492639842983,low,Q4,5,5,5,15,Champions / VIP
CUST-10559,792,6,6,703.06,13,Asia-Pacific,0.2272727272727273,117.17666666666666,26.631060606060604,low,Q1,5,1,1,7,Needs Attention
CUST-10560,430,9,9,2205.9,297,Asia-Pacific,0.627906976744186,245.10000000000002,153.9,low,Q3,1,1,3,5,At-Risk / Churning
CUST-10561,653,31,31,2036.72,313,Asia-Pacific,1.4241960183767228,65.70064516129032,93.57059724349158,low,Q3,1,5,3,9,Needs Attention
CUST-10562,796,4,4,819.24,181,Europe,0.1507537688442211,204.81,30.875879396984924,low,Q1,2,1,1,4,At-Risk / Churning
CUST-10563,948,15,15,1502.9,268,North America,0.47468354430379744,100.19333333333334,47.56012658227848,low,Q2,1,3,2,6,At-Risk / Churning
CUST-10564,882,21,21,3978.36,13,North America,0.7142857142857143,189.4457142857143,135.3183673469388,low,Q4,5,4,4,13,Champions / VIP
CUST-10565,607,30,30,3585.07,120,Europe,1.4827018121911038,119.50233333333334,177.18632619439867,low,Q4,3,5,4,12,Loyal Customers
CUST-10566,104,13,13,2016.7,74,Asia-Pacific,3.75,155.13076923076923,581.7403846153846,medium,Q2,4,2,3,9,Needs Attention
CUST-10567,464,6,6,1274.03,353,Asia-Pacific,0.3879310344827586,212.33833333333334,82.37262931034482,low,Q2,1,1,2,4,At-Risk / Churning
CUST-10568,132,5,5,1029.69,57,Latin America,1.1363636363636362,205.93800000000002,234.02045454545453,low,Q1,4,1,2,7,Needs Attention
CUST-10569,793,20,20,4398.9,40,Latin America,0.7566204287515763,219.945,166.41488020176544,low,Q4,5,3,5,13,Champions / VIP
CUST-10570,767,21,21,806.69,336,Asia-Pacific,0.8213820078226858,38.413809523809526,31.55241199478488,low,Q1,1,4,1,6,At-Risk / Churning
CUST-10571,835,48,48,8674.15,128,Europe,1.7245508982035929,180.71145833333333,311.64610778443114,low,Q4,3,5,5,13,Champions / VIP
CUST-10572,127,13,13,734.46,45,Asia-Pacific,3.0708661417322833,56.49692307692308,173.4944881889764,medium,Q1,5,2,1,8,Needs Attention
CUST-10573,827,21,21,2489.74,35,Latin America,0.7617896009673519,118.5590476190476,90.31704957678355,low,Q3,5,4,3,12,Loyal Customers
CUST-10574,888,16,16,2374.92,259,Asia-Pacific,0.5405405405405405,148.4325,80.23378378378378,low,Q3,2,3,3,8,Needs Attention
CUST-10575,464,7,7,809.31,5,Europe,0.4525862068965517,115.61571428571428,52.32607758620689,low,Q1,5,1,1,7,Needs Attention
CUST-10576,476,21,21,2980.17,218,North America,1.3235294117647058,141.91285714285715,187.82584033613446,low,Q3,2,4,4,10,Loyal Customers
CUST-10577,278,33,33,8224.21,11,Europe,3.5611510791366903,249.21848484848482,887.5046762589926,medium,Q4,5,5,5,15,Champions / VIP
CUST-10578,195,26,26,1441.02,126,Europe,4.0,55.423846153846156,221.69538461538463,medium,Q2,3,4,2,9,Needs Attention
CUST-10579,1013,10,10,1769.78,327,Latin America,0.29615004935834155,176.978,52.41204343534057,low,Q2,1,2,3,6,At-Risk / Churning
CUST-10580,1049,14,14,1597.4,117,Europe,0.4003813155386082,114.10000000000001,45.683508102955194,low,Q2,3,2,2,7,Needs Attention
CUST-10581,571,36,36,1977.38,184,Europe,1.891418563922942,54.92722222222223,103.89036777583188,low,Q2,2,5,3,10,Loyal Customers
CUST-10582,788,14,14,850.02,362,Latin America,0.5329949238578681,60.715714285714284,32.36116751269036,low,Q1,1,2,1,4,At-Risk / Churning
CUST-10583,110,35,35,8350.53,34,Latin America,9.545454545454545,238.58657142857146,2277.417272727273,medium,Q4,5,5,5,15,Champions / VIP
CUST-10584,162,15,15,3343.66,67,North America,2.7777777777777777,222.91066666666666,619.1962962962963,medium,Q3,4,3,4,11,Loyal Customers
CUST-10585,826,16,16,3665.35,200,Asia-Pacific,0.5811138014527845,229.084375,133.12409200968523,low,Q4,2,3,4,9,Needs Attention
CUST-10586,929,32,32,7939.04,31,Europe,1.0333692142088267,248.095,256.3737351991389,low,Q4,5,5,5,15,Champions / VIP
CUST-10587,167,52,52,3737.29,75,Latin America,9.341317365269461,71.87096153846154,671.3694610778443,medium,Q4,4,5,4,13,Champions / VIP
CUST-10588,213,15,15,1574.61,71,North America,2.1126760563380285,104.97399999999999,221.77605633802816,medium,Q2,4,3,2,9,Needs Attention
CUST-10589,814,13,13,2282.47,66,Asia-Pacific,0.47911547911547914,175.57461538461536,84.12051597051597,low,Q3,4,2,3,9,Needs Attention
CUST-10590,1013,10,10,1338.56,70,Latin America,0.29615004935834155,133.856,39.64146100691017,low,Q2,4,2,2,8,Needs Attention
CUST-10591,98,9,9,1072.24,41,Asia-Pacific,2.7551020408163267,119.13777777777779,328.23673469387757,medium,Q2,5,1,2,8,Needs Attention
CUST-10592,575,10,10,1055.08,20,Asia-Pacific,0.5217391304347826,105.508,55.047652173913036,low,Q1,5,2,2,9,Needs Attention
CUST-10593,82,12,12,1903.21,57,Europe,4.390243902439025,158.60083333333333,696.2963414634146,medium,Q2,4,2,3,9,Needs Attention
CUST-10594,234,30,30,4635.26,226,Europe,3.8461538461538463,154.50866666666667,594.2641025641026,medium,Q4,2,5,5,12,Loyal Customers
CUST-10595,155,24,24,1471.87,153,Latin America,4.64516129032258,61.32791666666666,284.878064516129,medium,Q2,3,4,2,9,Needs Attention
CUST-10596,72,27,27,3540.82,12,Asia-Pacific,11.25,131.1414814814815,1475.3416666666667,high,Q3,5,4,4,13,Champions / VIP
CUST-10597,140,27,27,4037.34,39,Latin America,5.785714285714286,149.53111111111113,865.1442857142857,medium,Q4,5,4,4,13,Champions / VIP
CUST-10598,790,35,35,5366.01,145,Latin America,1.3291139240506329,153.31457142857144,203.77253164556964,low,Q4,3,5,5,13,Champions / VIP
CUST-10599,877,10,10,722.74,45,Asia-Pacific,0.3420752565564424,72.274,24.723147092360318,low,Q1,5,2,1,8,Needs Attention
CUST-10600,124,20,20,3840.22,11,Latin America,4.838709677419354,192.011,929.0854838709676,medium,Q4,5,3,4,12,Loyal Customers
CUST-10601,929,4,4,122.68,326,Asia-Pacific,0.12917115177610333,30.67,3.9616792249730897,low,Q1,1,1,1,3,At-Risk / Churning
CUST-10602,389,4,4,419.35,91,Asia-Pacific,0.30848329048843187,104.8375,32.34061696658098,low,Q1,4,1,1,6,At-Risk / Churning
CUST-10603,929,19,19,3810.41,238,Asia-Pacific,0.6135629709364909,200.5478947368421,123.04876210979548,low,Q4,2,3,4,9,Needs Attention
CUST-10604,310,16,16,2430.01,70,Asia-Pacific,1.5483870967741935,151.875625,235.16225806451612,low,Q3,4,3,3,10,Loyal Customers
CUST-10605,696,18,18,1507.71,166,North America,0.7758620689655172,83.76166666666667,64.9875,low,Q2,3,3,2,8,Needs Attention
CUST-10606,122,26,26,4715.48,2,Asia-Pacific,6.39344262295082,181.36461538461538,1159.544262295082,medium,Q4,5,4,5,14,Champions / VIP
CUST-10607,701,41,41,6259.18,214,Europe,1.7546362339514978,152.6629268292683,267.8679029957204,low,Q4,2,5,5,12,Loyal Customers
CUST-10608,90,17,17,3470.63,84,Europe,5.666666666666667,204.15470588235294,1156.8766666666668,medium,Q3,4,3,4,11,Loyal Customers
CUST-10609,663,16,16,3046.09,89,Europe,0.7239819004524887,190.380625,137.83212669683257,low,Q3,4,3,4,11,Loyal Customers
CUST-10610,1058,10,10,1622.74,335,Asia-Pacific,0.2835538752362949,162.274,46.01342155009452,low,Q2,1,2,3,6,At-Risk / Churning
CUST-10611,633,30,30,4045.2,252,Europe,1.4218009478672984,134.84,191.71563981042652,low,Q4,2,5,4,11,Loyal Customers
CUST-10612,711,11,11,604.63,349,North America,0.4641350210970464,54.96636363636364,25.51181434599156,low,Q1,1,2,1,4,At-Risk / Churning
CUST-10613,563,14,14,1173.2,72,Latin America,0.7460035523978686,83.8,62.51509769094139,low,Q2,4,2,2,8,Needs Attention
CUST-10614,867,26,26,3101.73,165,Asia-Pacific,0.8996539792387543,119.2973076923077,107.32629757785467,low,Q3,3,4,4,11,Loyal Customers
CUST-10615,674,18,18,2877.16,49,Europe,0.8011869436201781,159.8422222222222,128.06350148367952,low,Q3,4,3,4,11,Loyal Customers
CUST-10616,262,18,18,2530.52,52,North America,2.0610687022900764,140.58444444444444,289.7541984732825,medium,Q3,4,3,3,10,Loyal Customers
CUST-10617,553,9,9,808.57,289,Latin America,0.488245931283906,89.84111111111112,43.86455696202532,low,Q1,1,1,1,3,At-Risk / Churning
CUST-10618,375,22,22,582.0,278,North America,1.76,26.454545454545453,46.56,low,Q1,1,4,1,6,At-Risk / Churning
CUST-10619,575,58,58,7925.92,114,Europe,3.026086956521739,136.65379310344827,413.5262608695652,medium,Q4,3,5,5,13,Champions / VIP
CUST-10620,823,6,6,535.6,239,North America,0.2187120291616039,89.26666666666667,19.523693803159173,low,Q1,2,1,1,4,At-Risk / Churning
CUST-10621,278,7,7,1332.01,133,Latin America,0.7553956834532374,190.28714285714287,143.74208633093525,low,Q2,3,1,2,6,At-Risk / Churning
CUST-10622,76,28,28,850.86,18,Europe,11.052631578947368,30.387857142857143,335.86578947368423,high,Q1,5,4,1,10,Loyal Customers
CUST-10623,243,20,20,3131.73,166,Latin America,2.469135802469136,156.5865,386.6333333333333,medium,Q3,3,3,4,10,Loyal Customers
CUST-10624,268,39,39,9236.44,243,North America,4.365671641791045,236.8317948717949,1033.9298507462686,medium,Q4,2,5,5,12,Loyal Customers
CUST-10625,379,10,10,642.42,320,Asia-Pacific,0.79155672823219,64.24199999999999,50.85118733509235,low,Q1,1,2,1,4,At-Risk / Churning
CUST-10626,136,30,30,3933.63,79,Asia-Pacific,6.61764705882353,131.121,867.7125000000001,medium,Q4,4,5,4,13,Champions / VIP
CUST-10627,860,22,22,1002.54,170,Asia-Pacific,0.7674418604651162,45.57,34.972325581395346,low,Q1,3,4,2,9,Needs Attention
CUST-10628,77,8,8,1326.23,48,Asia-Pacific,3.1168831168831166,165.77875,516.712987012987,medium,Q2,4,1,2,7,Needs Attention
CUST-10629,366,11,11,1637.57,300,Latin America,0.9016393442622951,148.87,134.22704918032787,low,Q2,1,2,3,6,At-Risk / Churning
CUST-10630,1079,18,18,2099.83,82,Asia-Pacific,0.5004633920296571,116.65722222222222,58.38266913809082,low,Q3,4,3,3,10,Loyal Customers
CUST-10631,833,9,9,1280.79,87,Latin America,0.32412965186074433,142.31,46.12689075630252,low,Q2,4,1,2,7,Needs Attention
CUST-10632,37,34,34,7708.8,33,Europe,27.567567567567565,226.7294117647059,6250.378378378378,high,Q4,5,5,5,15,Champions / VIP
CUST-10633,654,27,27,1867.49,16,Asia-Pacific,1.238532110091743,69.1662962962963,85.66467889908256,low,Q2,5,4,3,12,Loyal Customers
CUST-10634,748,12,12,360.92,310,Latin America,0.48128342245989303,30.076666666666668,14.475401069518718,low,Q1,1,2,1,4,At-Risk / Churning
CUST-10635,332,16,16,3501.99,163,Asia-Pacific,1.4457831325301205,218.874375,316.4448795180723,low,Q3,3,3,4,10,Loyal Customers
CUST-10636,668,31,31,4800.39,98,Asia-Pacific,1.3922155688622755,154.85129032258067,215.586377245509,low,Q4,4,5,5,14,Champions / VIP
CUST-10637,85,17,17,3831.77,28,Asia-Pacific,6.0,225.39823529411765,1352.3894117647058,medium,Q4,5,3,4,12,Loyal Customers
CUST-10638,755,53,53,8443.57,2,Latin America,2.1059602649006623,159.31264150943394,335.5060927152318,medium,Q4,5,5,5,15,Champions / VIP
CUST-10639,555,24,24,4974.87,350,North America,1.2972972972972974,207.28625,268.9118918918919,low,Q4,1,4,5,10,Loyal Customers
CUST-10640,503,9,9,1095.09,169,Asia-Pacific,0.5367793240556661,121.67666666666666,65.31351888667992,low,Q2,3,1,2,6,At-Risk / Churning
CUST-10641,57,8,8,1549.75,16,Asia-Pacific,4.2105263157894735,193.71875,815.6578947368422,medium,Q2,5,1,2,8,Needs Attention
CUST-10642,107,33,33,7604.33,59,Europe,9.25233644859813,230.43424242424243,2132.0551401869157,medium,Q4,4,5,5,14,Champions / VIP
CUST-10643,394,13,13,1998.46,325,North America,0.9898477157360407,153.7276923076923,152.16700507614215,low,Q2,1,2,3,6,At-Risk / Churning
CUST-10644,695,19,19,1247.86,92,Latin America,0.8201438848920863,65.67684210526315,53.86446043165467,low,Q2,4,3,2,9,Needs Attention
CUST-10645,555,1,1,85.48,181,Europe,0.05405405405405406,85.48,4.62054054054054,low,Q1,2,1,1,4,At-Risk / Churning
CUST-10646,728,18,18,1254.51,231,Asia-Pacific,0.7417582417582418,69.695,51.69684065934066,low,Q2,2,3,2,7,Needs Attention
CUST-10647,912,5,5,402.71,301,Europe,0.16447368421052633,80.542,13.247039473684211,low,Q1,1,1,1,3,At-Risk / Churning
CUST-10648,1060,5,5,469.72,148,Europe,0.14150943396226415,93.944,13.293962264150943,low,Q1,3,1,1,5,At-Risk / Churning
CUST-10649,1056,36,36,5396.58,280,Asia-Pacific,1.0227272727272727,149.905,153.3119318181818,low,Q4,1,5,5,11,Loyal Customers
CUST-10650,948,14,14,2202.17,189,North America,0.4430379746835443,157.29785714285714,69.6889240506329,low,Q3,2,2,3,7,Needs Attention
CUST-10651,779,13,13,1572.51,347,North America,0.5006418485237484,120.96230769230769,60.55879332477536,low,Q2,1,2,2,5,At-Risk / Churning
CUST-10652,392,56,56,9154.3,350,Europe,4.285714285714286,163.46964285714284,700.5841836734694,medium,Q4,1,5,5,11,Loyal Customers
CUST-10653,835,31,31,1343.99,314,Asia-Pacific,1.1137724550898205,43.354516129032255,48.287065868263475,low,Q2,1,5,2,8,Needs Attention
CUST-10654,768,44,44,1969.1,128,Latin America,1.71875,44.752272727272725,76.91796874999999,low,Q2,3,5,3,11,Loyal Customers
CUST-10655,1068,37,37,2355.48,7,Europe,1.0393258426966292,63.66162162162162,66.16516853932585,low,Q3,5,5,3,13,Champions / VIP
CUST-10656,514,29,29,4105.46,47,Latin America,1.6926070038910506,141.56758620689655,239.6182879377432,low,Q4,4,5,5,14,Champions / VIP
CUST-10657,57,43,43,3145.4,53,Europe,22.63157894736842,73.14883720930233,1655.4736842105265,high,Q3,4,5,4,13,Champions / VIP
CUST-10658,743,10,10,887.39,187,Europe,0.4037685060565276,88.739,35.830013458950205,low,Q1,2,2,1,5,At-Risk / Churning
CUST-10659,1092,9,9,1035.63,38,Asia-Pacific,0.24725274725274726,115.07000000000001,28.45137362637363,low,Q1,5,1,2,8,Needs Attention
CUST-10660,115,5,5,1038.35,69,Asia-Pacific,1.3043478260869565,207.67,270.87391304347824,low,Q1,4,1,2,7,Needs Attention
CUST-10661,155,4,4,112.48,53,Latin America,0.7741935483870968,28.12,21.77032258064516,low,Q1,4,1,1,6,At-Risk / Churning
CUST-10662,841,19,19,3251.09,224,Latin America,0.6777645659928656,171.11,115.97229488703924,low,Q3,2,3,4,9,Needs Attention
CUST-10663,566,5,5,877.49,154,North America,0.26501766784452296,175.498,46.51007067137809,low,Q1,3,1,1,5,At-Risk / Churning
CUST-10664,174,7,7,1432.88,48,Asia-Pacific,1.206896551724138,204.69714285714286,247.048275862069,low,Q2,4,1,2,7,Needs Attention
CUST-10665,54,15,15,3523.04,31,Europe,8.333333333333334,234.86933333333334,1957.2444444444443,medium,Q3,5,3,4,12,Loyal Customers
CUST-10666,96,1,1,29.53,19,Europe,0.3125,29.53,9.228125,low,Q1,5,1,1,7,Needs Attention
CUST-10667,262,16,16,953.62,64,North America,1.8320610687022902,59.60125,109.19312977099237,low,Q1,4,3,2,9,Needs Attention
CUST-10668,138,18,18,4038.99,93,Asia-Pacific,3.91304347826087,224.38833333333332,878.0413043478261,medium,Q4,4,3,4,11,Loyal Customers
CUST-10669,140,54,54,6921.0,125,Europe,11.571428571428571,128.16666666666666,1483.0714285714284,high,Q4,3,5,5,13,Champions / VIP
CUST-10670,257,20,20,3040.66,250,North America,2.3346303501945527,152.033,354.9408560311284,medium,Q3,2,3,4,9,Needs Attention
CUST-10671,140,19,19,3309.44,39,North America,4.071428571428571,174.18105263157895,709.1657142857142,medium,Q3,5,3,4,12,Loyal Customers
CUST-10672,63,43,43,7644.97,4,Europe,20.476190476190474,177.79,3640.461904761905,high,Q4,5,5,5,15,Champions / VIP
CUST-10673,652,15,15,3519.62,3,Europe,0.6901840490797546,234.64133333333334,161.94570552147238,low,Q3,5,3,4,12,Loyal Customers
CUST-10674,777,20,20,4986.27,64,Latin America,0.7722007722007722,249.31350000000003,192.52007722007724,low,Q4,4,3,5,12,Loyal Customers
CUST-10675,624,32,32,5985.13,29,Asia-Pacific,1.5384615384615383,187.0353125,287.7466346153846,low,Q4,5,5,5,15,Champions / VIP
CUST-10676,454,10,10,896.25,11,Latin America,0.6607929515418502,89.625,59.22356828193833,low,Q1,5,2,1,8,Needs Attention
CUST-10677,642,32,32,7134.22,97,North America,1.4953271028037385,222.944375,333.3747663551402,low,Q4,4,5,5,14,Champions / VIP
CUST-10678,721,6,6,216.45,358,Europe,0.2496532593619972,36.074999999999996,9.006241331484048,low,Q1,1,1,1,3,At-Risk / Churning
CUST-10679,344,26,26,2001.82,203,Latin America,2.2674418604651163,76.99307692307693,174.57732558139534,medium,Q2,2,4,3,9,Needs Attention
CUST-10680,906,27,27,6126.62,21,North America,0.8940397350993378,226.91185185185185,202.8682119205298,low,Q4,5,4,5,14,Champions / VIP
CUST-10681,691,13,13,1074.36,39,Asia-Pacific,0.5643994211287988,82.64307692307692,46.643704775687404,low,Q2,5,2,2,9,Needs Attention
CUST-10682,306,15,15,1119.7,223,Europe,1.4705882352941178,74.64666666666668,109.77450980392157,low,Q2,2,3,2,7,Needs Attention
CUST-10683,653,45,45,2523.52,102,Latin America,2.0673813169984685,56.07822222222222,115.93506891271058,medium,Q3,3,5,3,11,Loyal Customers
CUST-10684,545,16,16,3492.8,46,Asia-Pacific,0.8807339449541284,218.3,192.26422018348623,low,Q3,4,3,4,11,Loyal Customers
CUST-10685,872,24,24,3300.31,66,Latin America,0.8256880733944955,137.51291666666665,113.5427752293578,low,Q3,4,4,4,12,Loyal Customers
CUST-10686,379,18,18,3183.32,91,North America,1.424802110817942,176.85111111111112,251.97783641160953,low,Q3,4,3,4,11,Loyal Customers
CUST-10687,852,11,11,866.69,164,Asia-Pacific,0.38732394366197187,78.79,30.517253521126765,low,Q1,3,2,1,6,At-Risk / Churning
CUST-10688,788,11,11,2151.15,111,Latin America,0.4187817258883249,195.5590909090909,81.89657360406092,low,Q3,3,2,3,8,Needs Attention
CUST-10689,928,22,22,4312.03,338,Asia-Pacific,0.7112068965517241,196.00136363636364,139.39752155172414,low,Q4,1,4,5,10,Loyal Customers
CUST-10690,272,40,40,3813.38,123,North America,4.411764705882353,95.3345,420.5933823529412,medium,Q4,3,5,4,12,Loyal Customers
CUST-10691,572,6,6,704.42,193,Asia-Pacific,0.3146853146853147,117.40333333333332,36.94510489510489,low,Q1,2,1,1,4,At-Risk / Churning
CUST-10692,1093,43,43,3103.75,99,Latin America,1.1802378774016469,72.18023255813954,85.18984446477586,low,Q3,3,5,4,12,Loyal Customers
CUST-10693,258,26,26,6362.88,159,North America,3.0232558139534884,244.72615384615386,739.8697674418605,medium,Q4,3,4,5,12,Loyal Customers
CUST-10694,577,15,15,2553.91,103,Europe,0.779896013864818,170.26066666666665,132.78561525129982,low,Q3,3,3,3,9,Needs Attention
CUST-10695,949,22,22,5175.99,281,Latin America,0.6954689146469969,235.2722727272727,163.6245521601686,low,Q4,1,4,5,10,Loyal Customers
CUST-10696,35,26,26,2424.81,20,Latin America,22.285714285714285,93.26192307692307,2078.408571428571,high,Q3,5,4,3,12,Loyal Customers
CUST-10697,497,7,7,1406.48,191,North America,0.4225352112676056,200.9257142857143,84.89818913480886,low,Q2,2,1,2,5,At-Risk / Churning
CUST-10698,104,16,16,3157.09,51,North America,4.615384615384615,197.318125,910.6990384615385,medium,Q3,4,3,4,11,Loyal Customers
CUST-10699,33,17,17,3070.58,2,Europe,15.454545454545453,180.62235294117647,2791.4363636363632,high,Q3,5,3,4,12,Loyal Customers
CUST-10700,675,4,4,969.08,210,Latin America,0.17777777777777778,242.27,43.07022222222223,low,Q1,2,1,2,5,At-Risk / Churning
CUST-10701,147,29,29,3292.95,126,North America,5.918367346938775,113.55,672.0306122448978,medium,Q3,3,5,4,12,Loyal Customers
CUST-10702,910,11,11,598.53,69,Europe,0.3626373626373626,54.41181818181818,19.731758241758243,low,Q1,4,2,1,7,Needs Attention
CUST-10703,533,12,12,2113.61,265,Europe,0.675422138836773,176.1341666666667,118.96491557223266,low,Q3,1,2,3,6,At-Risk / Churning
CUST-10704,976,16,16,3025.52,258,North America,0.49180327868852464,189.095,92.99754098360656,low,Q3,2,3,4,9,Needs Attention
CUST-10705,603,23,23,3550.94,188,Latin America,1.144278606965174,154.3886956521739,176.66368159203978,low,Q4,2,4,4,10,Loyal Customers
CUST-10706,223,22,22,1573.75,189,Asia-Pacific,2.9596412556053813,71.5340909090909,211.7152466367713,medium,Q2,2,4,2,8,Needs Attention
CUST-10707,876,18,18,2493.05,10,Asia-Pacific,0.6164383561643836,138.5027777777778,85.37842465753425,low,Q3,5,3,3,11,Loyal Customers
CUST-10708,744,22,22,2095.34,114,Europe,0.8870967741935484,95.24272727272728,84.48951612903227,low,Q3,3,4,3,10,Loyal Customers
CUST-10709,1079,10,10,1211.8,76,Asia-Pacific,0.27803521779425394,121.17999999999999,33.692307692307686,low,Q2,4,2,2,8,Needs Attention
CUST-10710,202,19,19,3233.31,164,Asia-Pacific,2.8217821782178216,170.1742105263158,480.19455445544554,medium,Q3,3,3,4,10,Loyal Customers
CUST-10711,355,25,25,4816.83,85,North America,2.112676056338028,192.6732,407.05605633802816,medium,Q4,4,4,5,13,Champions / VIP
CUST-10712,865,11,11,849.76,49,Europe,0.38150289017341044,77.25090909090909,29.471445086705202,low,Q1,4,2,1,7,Needs Attention
CUST-10713,753,18,18,2091.57,326,Latin America,0.7171314741035856,116.19833333333334,83.32948207171314,low,Q3,1,3,3,7,Needs Attention
CUST-10714,254,25,25,2139.03,240,Europe,2.952755905511811,85.56120000000001,252.64133858267718,medium,Q3,2,4,3,9,Needs Attention
CUST-10715,561,16,16,1115.07,177,North America,0.8556149732620321,69.691875,59.62941176470588,low,Q2,3,3,2,8,Needs Attention
CUST-10716,142,6,6,1207.57,131,Asia-Pacific,1.267605633802817,201.26166666666666,255.12042253521125,low,Q2,3,1,2,6,At-Risk / Churning
CUST-10717,169,39,39,8953.69,133,Latin America,6.9230769230769225,229.5817948717949,1589.412426035503,medium,Q4,3,5,5,13,Champions / VIP
CUST-10718,588,35,35,3790.58,218,Europe,1.7857142857142856,108.30228571428572,193.3969387755102,low,Q4,2,5,4,11,Loyal Customers
CUST-10719,30,17,17,3298.64,29,Asia-Pacific,17.0,194.03764705882352,3298.64,high,Q3,5,3,4,12,Loyal Customers
CUST-10720,119,43,43,9753.43,85,Europe,10.84033613445378,226.8239534883721,2458.847899159664,high,Q4,4,5,5,14,Champions / VIP
CUST-10721,683,26,26,5599.83,346,Latin America,1.1420204978038069,215.37807692307692,245.9661786237189,low,Q4,1,4,5,10,Loyal Customers
CUST-10722,349,15,15,992.0,230,Europe,1.2893982808022924,66.13333333333334,85.27220630372493,low,Q1,2,3,2,7,Needs Attention
CUST-10723,168,10,10,2401.66,26,Europe,1.7857142857142858,240.166,428.86785714285713,low,Q3,5,2,3,10,Loyal Customers
CUST-10724,874,7,7,768.27,72,Europe,0.2402745995423341,109.75285714285714,26.370823798627,low,Q1,4,1,1,6,At-Risk / Churning
CUST-10725,288,16,16,1621.27,261,Asia-Pacific,1.6666666666666667,101.329375,168.88229166666667,low,Q2,2,3,3,8,Needs Attention
CUST-10726,931,9,9,351.42,254,Latin America,0.2900107411385607,39.04666666666667,11.323952738990332,low,Q1,2,2,1,5,At-Risk / Churning
CUST-10727,719,10,10,1343.89,271,Latin America,0.41724617524339364,134.389,56.07329624478443,low,Q2,1,2,2,5,At-Risk / Churning
CUST-10728,39,22,22,1089.62,16,Asia-Pacific,16.923076923076923,49.528181818181814,838.1692307692307,high,Q2,5,4,2,11,Loyal Customers
CUST-10729,290,6,6,485.53,257,Asia-Pacific,0.6206896551724138,80.92166666666667,50.22724137931034,low,Q1,2,1,1,4,At-Risk / Churning
CUST-10730,201,4,4,385.25,144,Asia-Pacific,0.5970149253731343,96.3125,57.5,low,Q1,3,1,1,5,At-Risk / Churning
CUST-10731,927,19,19,3932.73,259,North America,0.6148867313915858,206.9857894736842,127.27281553398059,low,Q4,2,3,4,9,Needs Attention
CUST-10732,42,25,25,5549.62,31,Europe,17.857142857142858,221.9848,3964.014285714286,high,Q4,5,4,5,14,Champions / VIP
CUST-10733,350,23,23,2140.26,13,Europe,1.9714285714285715,93.05478260869566,183.45085714285716,low,Q3,5,4,3,12,Loyal Customers
CUST-10734,358,5,5,1091.04,208,Latin America,0.41899441340782123,218.208,91.42793296089386,low,Q2,2,1,2,5,At-Risk / Churning
CUST-10735,814,10,10,2178.77,311,Europe,0.36855036855036855,217.877,80.29864864864865,low,Q3,1,2,3,6,At-Risk / Churning
CUST-10736,806,11,11,2167.51,235,North America,0.4094292803970223,197.04636363636365,80.67655086848636,low,Q3,2,2,3,7,Needs Attention
CUST-10737,940,5,5,290.03,149,Asia-Pacific,0.1595744680851064,58.00599999999999,9.25627659574468,low,Q1,3,1,1,5,At-Risk / Churning
CUST-10738,347,18,18,3245.81,322,Latin America,1.5561959654178674,180.3227777777778,280.61757925072044,low,Q3,1,3,4,8,Needs Attention
CUST-10739,265,20,20,4752.61,155,Latin America,2.2641509433962264,237.63049999999998,538.031320754717,medium,Q4,3,3,5,11,Loyal Customers
CUST-10740,363,15,15,2678.57,166,Europe,1.2396694214876034,178.57133333333334,221.36942148760332,low,Q3,3,3,4,10,Loyal Customers
CUST-10741,405,5,5,498.07,90,Latin America,0.37037037037037035,99.614,36.89407407407408,low,Q1,4,1,1,6,At-Risk / Churning
CUST-10742,617,53,53,7294.41,186,Asia-Pacific,2.5769854132901133,137.63037735849056,354.6714748784441,medium,Q4,2,5,5,12,Loyal Customers
CUST-10743,542,9,9,1532.59,318,Latin America,0.4981549815498155,170.28777777777776,84.82970479704797,low,Q2,1,2,2,5,At-Risk / Churning
CUST-10744,947,31,31,4336.23,358,Asia-Pacific,0.9820485744456178,139.8783870967742,137.36737064413938,low,Q4,1,5,5,11,Loyal Customers
CUST-10745,902,40,40,2079.58,174,North America,1.3303769401330376,51.9895,69.16563192904655,low,Q3,3,5,3,11,Loyal Customers
CUST-10746,299,13,13,1237.79,217,North America,1.3043478260869565,95.21461538461539,124.19297658862875,low,Q2,2,2,2,6,At-Risk / Churning
CUST-10747,827,23,23,4727.4,264,Asia-Pacific,0.8343409915356711,205.5391304347826,171.48972188633616,low,Q4,1,4,5,10,Loyal Customers
CUST-10748,754,6,6,1312.91,97,Europe,0.2387267904509284,218.81833333333336,52.23779840848807,low,Q2,4,1,2,7,Needs Attention
CUST-10749,34,13,13,726.6,7,Latin America,11.470588235294118,55.892307692307696,641.1176470588235,high,Q1,5,2,1,8,Needs Attention
CUST-10750,880,23,23,5503.6,320,Europe,0.7840909090909092,239.28695652173914,187.6227272727273,low,Q4,1,4,5,10,Loyal Customers
CUST-10751,107,17,17,1682.75,102,Latin America,4.766355140186915,98.98529411764706,471.79906542056074,medium,Q2,3,3,3,9,Needs Attention
CUST-10752,603,27,27,4698.56,21,North America,1.3432835820895521,174.02074074074076,233.7592039800995,low,Q4,5,4,5,14,Champions / VIP
CUST-10753,161,12,12,2329.93,115,North America,2.236024844720497,194.16083333333333,434.14844720496893,medium,Q3,3,2,3,8,Needs Attention
CUST-10754,630,31,31,6438.32,341,North America,1.4761904761904763,207.68774193548387,306.58666666666664,low,Q4,1,5,5,11,Loyal Customers
CUST-10755,1095,8,8,1902.35,248,Latin America,0.2191780821917808,237.79375,52.11917808219178,low,Q2,2,1,3,6,At-Risk / Churning
CUST-10756,118,23,23,2194.36,20,North America,5.8474576271186445,95.40695652173913,557.8881355932205,medium,Q3,5,4,3,12,Loyal Customers
CUST-10757,431,11,11,2399.8,264,North America,0.765661252900232,218.16363636363639,167.03944315545243,low,Q3,1,2,3,6,At-Risk / Churning
CUST-10758,325,4,4,218.52,58,North America,0.3692307692307692,54.63,20.171076923076924,low,Q1,4,1,1,6,At-Risk / Churning
CUST-10759,645,27,27,4958.12,302,North America,1.255813953488372,183.63407407407408,230.61023255813953,low,Q4,1,4,5,10,Loyal Customers
CUST-10760,829,10,10,1919.45,31,Europe,0.3618817852834741,191.945,69.46139927623643,low,Q2,5,2,3,10,Loyal Customers
CUST-10761,451,8,8,1419.9,249,North America,0.532150776053215,177.4875,94.45011086474501,low,Q2,2,1,2,5,At-Risk / Churning
CUST-10762,1076,36,36,2943.75,93,North America,1.003717472118959,81.77083333333333,82.07481412639405,low,Q3,4,5,4,13,Champions / VIP
CUST-10763,604,29,29,6421.61,265,Europe,1.4403973509933776,221.4348275862069,318.9541390728477,low,Q4,1,5,5,11,Loyal Customers
CUST-10764,172,8,8,503.95,15,Europe,1.3953488372093024,62.99375,87.89825581395348,low,Q1,5,1,1,7,Needs Attention
CUST-10765,1022,7,7,259.47,94,Latin America,0.2054794520547945,37.06714285714286,7.616536203522505,low,Q1,4,1,1,6,At-Risk / Churning
CUST-10766,694,12,12,2237.16,154,Asia-Pacific,0.5187319884726225,186.42999999999998,96.70720461095101,low,Q3,3,2,3,8,Needs Attention
CUST-10767,174,7,7,923.87,138,North America,1.206896551724138,131.98142857142858,159.28793103448277,low,Q1,3,1,2,6,At-Risk / Churning
CUST-10768,1036,41,41,8857.93,285,North America,1.1872586872586872,216.04707317073172,256.5037644787645,low,Q4,1,5,5,11,Loyal Customers
CUST-10769,532,4,4,445.06,80,North America,0.22556390977443608,111.265,25.09736842105263,low,Q1,4,1,1,6,At-Risk / Churning
CUST-10770,850,48,48,3017.41,292,Latin America,1.6941176470588235,62.86270833333333,106.49682352941177,low,Q3,1,5,4,10,Loyal Customers
CUST-10771,133,22,22,4690.39,84,North America,4.962406015037594,213.19954545454547,1057.9827067669173,medium,Q4,4,4,5,13,Champions / VIP
CUST-10772,1092,25,25,3712.62,37,Asia-Pacific,0.6868131868131868,148.5048,101.99505494505495,low,Q4,5,4,4,13,Champions / VIP
CUST-10773,227,19,19,1283.81,86,Europe,2.511013215859031,67.56894736842105,169.66651982378855,medium,Q2,4,3,2,9,Needs Attention
CUST-10774,608,5,5,935.43,327,Latin America,0.2467105263157895,187.08599999999998,46.15608552631579,low,Q1,1,1,2,4,At-Risk / Churning
CUST-10775,420,28,28,3920.02,232,Europe,2.0,140.00071428571428,280.00142857142856,low,Q4,2,4,4,10,Loyal Customers
CUST-10776,583,18,18,2897.47,93,North America,0.9262435677530017,160.97055555555553,149.09794168096053,low,Q3,4,3,4,11,Loyal Customers
CUST-10777,1068,8,8,1029.62,336,North America,0.2247191011235955,128.7025,28.921910112359548,low,Q1,1,1,2,4,At-Risk / Churning
CUST-10778,507,33,33,6978.16,102,North America,1.9526627218934913,211.45939393939395,412.908875739645,low,Q4,3,5,5,13,Champions / VIP
CUST-10779,952,32,32,6772.85,166,Asia-Pacific,1.0084033613445378,211.6515625,213.43014705882354,low,Q4,3,5,5,13,Champions / VIP
CUST-10780,449,34,34,6276.82,159,Asia-Pacific,2.271714922048998,184.61235294117645,419.38663697104676,medium,Q4,3,5,5,13,Champions / VIP
CUST-10781,186,31,31,1510.17,14,Latin America,5.0,48.715161290322584,243.57580645161292,medium,Q2,5,5,2,12,Loyal Customers
CUST-10782,579,12,12,2564.91,225,Europe,0.6217616580310881,213.74249999999998,132.89689119170984,low,Q3,2,2,4,8,Needs Attention
CUST-10783,1050,25,25,4399.45,73,North America,0.7142857142857143,175.97799999999998,125.69857142857143,low,Q4,4,4,5,13,Champions / VIP
CUST-10784,1026,33,33,6000.4,249,North America,0.9649122807017543,181.830303030303,175.4502923976608,low,Q4,2,5,5,12,Loyal Customers
CUST-10785,980,31,31,3306.81,91,North America,0.9489795918367347,106.67129032258065,101.22887755102042,low,Q3,4,5,4,13,Champions / VIP
CUST-10786,318,2,2,445.68,216,North America,0.18867924528301888,222.84,42.04528301886793,low,Q1,2,1,1,4,At-Risk / Churning
CUST-10787,225,16,16,3011.34,205,Asia-Pacific,2.1333333333333333,188.20875,401.512,medium,Q3,2,3,4,9,Needs Attention
CUST-10788,627,10,10,503.33,90,Europe,0.47846889952153115,50.333,24.082775119617224,low,Q1,4,2,1,7,Needs Attention
CUST-10789,546,41,41,4786.75,29,Europe,2.2527472527472527,116.75,263.00824175824175,medium,Q4,5,5,5,15,Champions / VIP
CUST-10790,894,17,17,3815.4,305,Latin America,0.5704697986577181,224.43529411764706,128.03355704697987,low,Q4,1,3,4,8,Needs Attention
CUST-10791,835,23,23,819.24,220,Asia-Pacific,0.8263473053892216,35.61913043478261,29.433772455089823,low,Q1,2,4,1,7,Needs Attention
CUST-10792,844,20,20,4826.37,328,North America,0.7109004739336493,241.3185,171.55343601895734,low,Q4,1,3,5,9,Needs Attention
CUST-10793,257,38,38,6756.84,215,Europe,4.43579766536965,177.81157894736842,788.736186770428,medium,Q4,2,5,5,12,Loyal Customers
CUST-10794,245,49,49,8185.92,221,Europe,6.0,167.05959183673468,1002.3575510204082,medium,Q4,2,5,5,12,Loyal Customers
CUST-10795,977,18,18,1545.76,42,Asia-Pacific,0.5527123848515865,85.87555555555555,47.46448311156601,low,Q2,5,3,2,10,Loyal Customers
CUST-10796,44,20,20,1619.56,7,Latin America,13.636363636363637,80.978,1104.2454545454545,high,Q2,5,3,3,11,Loyal Customers
CUST-10797,76,39,39,9241.56,42,Latin America,15.394736842105264,236.9630769230769,3647.9842105263156,high,Q4,5,5,5,15,Champions / VIP
CUST-10798,353,7,7,644.78,164,North America,0.5949008498583569,92.11142857142856,54.797167138810195,low,Q1,3,1,1,5,At-Risk / Churning
CUST-10799,873,8,8,1595.91,361,Latin America,0.274914089347079,199.48875,54.84226804123711,low,Q2,1,1,2,4,At-Risk / Churning
CUST-10800,159,11,11,1247.98,27,Europe,2.0754716981132075,113.45272727272727,235.4679245283019,medium,Q2,5,2,2,9,Needs Attention
CUST-10801,124,28,28,1577.3,58,Latin America,6.774193548387096,56.332142857142856,381.6048387096774,medium,Q2,4,4,2,10,Loyal Customers
CUST-10802,656,18,18,493.4,302,North America,0.823170731707317,27.41111111111111,22.5640243902439,low,Q1,1,3,1,5,At-Risk / Churning
CUST-10803,784,11,11,1622.04,322,Europe,0.42091836734693877,147.45818181818183,62.06785714285714,low,Q2,1,2,3,6,At-Risk / Churning
CUST-10804,823,37,37,9048.36,25,Latin America,1.3487241798298906,244.5502702702703,329.83086269744837,low,Q4,5,5,5,15,Champions / VIP
CUST-10805,98,5,5,540.28,73,Latin America,1.530612244897959,108.056,165.39183673469387,low,Q1,4,1,1,6,At-Risk / Churning
CUST-10806,40,10,10,1053.68,27,Asia-Pacific,7.5,105.36800000000001,790.2600000000001,medium,Q1,5,2,2,9,Needs Attention
CUST-10807,901,16,16,1638.73,129,North America,0.5327413984461709,102.420625,54.563706992230856,low,Q2,3,3,3,9,Needs Attention
CUST-10808,579,49,49,6964.0,87,Latin America,2.5388601036269427,142.12244897959184,360.82901554404145,medium,Q4,4,5,5,14,Champions / VIP
CUST-10809,741,11,11,1365.65,330,Asia-Pacific,0.4453441295546559,124.15,55.289473684210535,low,Q2,1,2,2,5,At-Risk / Churning
CUST-10810,52,25,25,5574.52,42,Europe,14.423076923076923,222.98080000000002,3216.069230769231,high,Q4,5,4,5,14,Champions / VIP
CUST-10811,844,16,16,2219.87,153,Asia-Pacific,0.5687203791469194,138.741875,78.9053317535545,low,Q3,3,3,3,9,Needs Attention
CUST-10812,375,7,7,974.72,182,Asia-Pacific,0.56,139.24571428571429,77.9776,low,Q1,2,1,2,5,At-Risk / Churning
CUST-10813,331,24,24,1347.21,125,Latin America,2.175226586102719,56.13375,122.10362537764351,medium,Q2,3,4,2,9,Needs Attention
CUST-10814,392,14,14,3445.63,67,Latin America,1.0714285714285714,246.11642857142857,263.69617346938776,low,Q3,4,2,4,10,Loyal Customers
CUST-10815,425,12,12,974.93,6,Latin America,0.8470588235294118,81.24416666666666,68.81858823529411,low,Q1,5,2,2,9,Needs Attention
CUST-10816,247,6,6,249.04,125,Asia-Pacific,0.7287449392712552,41.50666666666667,30.247773279352227,low,Q1,3,1,1,5,At-Risk / Churning
CUST-10817,170,18,18,3135.74,58,Europe,3.176470588235294,174.20777777777778,553.3658823529411,medium,Q3,4,3,4,11,Loyal Customers
CUST-10818,987,42,42,6676.21,326,North America,1.2765957446808511,158.95738095238096,202.9243161094225,low,Q4,1,5,5,11,Loyal Customers
CUST-10819,1014,11,11,1302.49,53,Asia-Pacific,0.3254437869822486,118.40818181818182,38.53520710059172,low,Q2,4,2,2,8,Needs Attention
CUST-10820,1022,7,7,839.95,66,Latin America,0.2054794520547945,119.99285714285715,24.65606653620352,low,Q1,4,1,1,6,At-Risk / Churning
CUST-10821,857,4,4,806.56,314,North America,0.14002333722287047,201.64,28.234305717619602,low,Q1,1,1,1,3,At-Risk / Churning
CUST-10822,712,4,4,276.14,82,Europe,0.16853932584269662,69.035,11.635112359550561,low,Q1,4,1,1,6,At-Risk / Churning
CUST-10823,1033,16,16,3352.91,87,North America,0.4646660212971927,209.556875,97.37395934172314,low,Q3,4,3,4,11,Loyal Customers
CUST-10824,385,18,18,3077.43,2,Latin America,1.4025974025974026,170.96833333333333,239.79974025974025,low,Q3,5,3,4,12,Loyal Customers
CUST-10825,1037,22,22,2623.9,204,Asia-Pacific,0.6364513018322082,119.26818181818182,75.90838958534233,low,Q3,2,4,4,10,Loyal Customers
CUST-10826,917,16,16,2048.9,150,Asia-Pacific,0.5234460196292258,128.05625,67.03053435114504,low,Q3,3,3,3,9,Needs Attention
CUST-10827,156,20,20,1654.91,37,Latin America,3.846153846153846,82.7455,318.2519230769231,medium,Q2,5,3,3,11,Loyal Customers
CUST-10828,1038,42,42,8157.48,103,Asia-Pacific,1.2138728323699421,194.22571428571428,235.76531791907513,low,Q4,3,5,5,13,Champions / VIP
CUST-10829,633,37,37,5194.68,24,Latin America,1.7535545023696681,140.39675675675676,246.19336492890994,low,Q4,5,5,5,15,Champions / VIP
CUST-10830,1043,35,35,3401.73,212,Asia-Pacific,1.0067114093959733,97.19228571428572,97.84458293384468,low,Q3,2,5,4,11,Loyal Customers
CUST-10831,80,32,32,5091.56,65,Asia-Pacific,12.0,159.11125,1909.3350000000003,high,Q4,4,5,5,14,Champions / VIP
CUST-10832,1082,26,26,6475.05,209,Asia-Pacific,0.720887245841035,249.04038461538462,179.5300369685767,low,Q4,2,4,5,11,Loyal Customers
CUST-10833,808,5,5,614.67,251,Europe,0.18564356435643564,122.934,22.821905940594057,low,Q1,2,1,1,4,At-Risk / Churning
CUST-10834,843,15,15,3482.33,117,Europe,0.5338078291814946,232.15533333333332,123.92633451957295,low,Q3,3,3,4,10,Loyal Customers
CUST-10835,449,21,21,2155.2,116,Latin America,1.4031180400890868,102.62857142857142,144.0,low,Q3,3,4,3,10,Loyal Customers
CUST-10836,1012,9,9,335.83,237,Europe,0.26679841897233203,37.31444444444444,9.955434782608695,low,Q1,2,2,1,5,At-Risk / Churning
CUST-10837,854,46,46,3263.91,105,Latin America,1.6159250585480094,70.9545652173913,114.6572599531616,low,Q3,3,5,4,12,Loyal Customers
CUST-10838,1054,14,14,1668.89,259,North America,0.3984819734345351,119.20642857142857,47.50161290322581,low,Q2,2,2,3,7,Needs Attention
CUST-10839,596,4,4,297.67,46,North America,0.20134228187919462,74.4175,14.983389261744968,low,Q1,4,1,1,6,At-Risk / Churning
CUST-10840,400,13,13,325.66,311,Europe,0.975,25.050769230769234,24.424500000000002,low,Q1,1,2,1,4,At-Risk / Churning
CUST-10841,965,23,23,5310.13,331,North America,0.7150259067357514,230.87521739130435,165.0817616580311,low,Q4,1,4,5,10,Loyal Customers
CUST-10842,690,9,9,1933.86,216,North America,0.391304347826087,214.87333333333333,84.08086956521738,low,Q2,2,2,3,7,Needs Attention
CUST-10843,998,16,16,3072.25,301,Asia-Pacific,0.4809619238476954,192.015625,92.35220440881764,low,Q3,1,3,4,8,Needs Attention
CUST-10844,231,4,4,251.03,154,Asia-Pacific,0.5194805194805194,62.7575,32.6012987012987,low,Q1,3,1,1,5,At-Risk / Churning
CUST-10845,342,13,13,677.06,333,Latin America,1.1403508771929824,52.08153846153846,59.39122807017543,low,Q1,1,2,1,4,At-Risk / Churning
CUST-10846,146,18,18,723.8,24,North America,3.6986301369863015,40.21111111111111,148.72602739726028,medium,Q1,5,3,1,9,Needs Attention
CUST-10847,966,16,16,3006.51,35,Latin America,0.49689440993788814,187.906875,93.36987577639752,low,Q3,5,3,4,12,Loyal Customers
CUST-10848,604,29,29,6785.47,24,Latin America,1.4403973509933776,233.98172413793105,337.0266556291391,low,Q4,5,5,5,15,Champions / VIP
CUST-10849,273,8,8,974.96,28,North America,0.8791208791208791,121.87,107.13846153846154,low,Q1,5,1,2,8,Needs Attention
CUST-10850,566,22,22,1139.75,16,Europe,1.1660777385159011,51.80681818181818,60.41077738515901,low,Q2,5,4,2,11,Loyal Customers
CUST-10851,104,25,25,3507.21,59,North America,7.211538461538462,140.2884,1011.6951923076923,medium,Q3,4,4,4,12,Loyal Customers
CUST-10852,415,10,10,1034.87,243,Asia-Pacific,0.7228915662650602,103.487,74.80987951807228,low,Q1,2,2,2,6,At-Risk / Churning
CUST-10853,504,9,9,984.02,207,North America,0.5357142857142857,109.33555555555556,58.57261904761904,low,Q1,2,2,2,6,At-Risk / Churning
CUST-10854,447,46,46,7580.77,271,Europe,3.087248322147651,164.79934782608697,508.7765100671141,medium,Q4,1,5,5,11,Loyal Customers
CUST-10855,376,14,14,2613.96,249,Latin America,1.1170212765957448,186.71142857142857,208.56063829787234,low,Q3,2,2,4,8,Needs Attention
CUST-10856,669,23,23,1147.37,267,Latin America,1.0313901345291479,49.88565217391304,51.45156950672645,low,Q2,1,4,2,7,Needs Attention
CUST-10857,968,23,23,759.18,193,Asia-Pacific,0.7128099173553719,33.00782608695652,23.528305785123965,low,Q1,2,4,1,7,Needs Attention
CUST-10858,984,6,6,1492.35,335,Asia-Pacific,0.1829268292682927,248.725,45.4984756097561,low,Q2,1,1,2,4,At-Risk / Churning
CUST-10859,905,20,20,1547.28,218,Asia-Pacific,0.6629834254143646,77.364,51.291049723756906,low,Q2,2,3,2,7,Needs Attention
CUST-10860,792,19,19,705.13,115,Latin America,0.7196969696969697,37.11210526315789,26.7094696969697,low,Q1,3,3,1,7,Needs Attention
CUST-10861,693,46,46,3115.21,68,Asia-Pacific,1.9913419913419912,67.72195652173913,134.85757575757575,low,Q3,4,5,4,13,Champions / VIP
CUST-10862,54,19,19,641.54,43,North America,10.555555555555555,33.765263157894736,356.4111111111111,high,Q1,5,3,1,9,Needs Attention
CUST-10863,739,28,28,3168.41,325,Latin America,1.1366711772665765,113.1575,128.62286874154262,low,Q3,1,4,4,9,Needs Attention
CUST-10864,206,29,29,5960.67,141,Europe,4.223300970873787,205.5403448275862,868.0587378640778,medium,Q4,3,5,5,13,Champions / VIP
CUST-10865,314,14,14,1424.92,75,Latin America,1.3375796178343948,101.78,136.13885350318472,low,Q2,4,2,2,8,Needs Attention
CUST-10866,92,57,57,7121.65,82,North America,18.58695652173913,124.94122807017543,2322.277173913043,high,Q4,4,5,5,14,Champions / VIP
CUST-10867,1032,10,10,1770.07,103,North America,0.29069767441860467,177.007,51.45552325581395,low,Q2,3,2,3,8,Needs Attention
CUST-10868,691,4,4,558.0,297,Asia-Pacific,0.1736613603473227,139.5,24.225759768451518,low,Q1,1,1,1,3,At-Risk / Churning
CUST-10869,695,12,12,2625.9,178,Latin America,0.5179856115107914,218.82500000000002,113.34820143884892,low,Q3,2,2,4,8,Needs Attention
CUST-10870,185,4,4,879.43,59,Latin America,0.6486486486486486,219.8575,142.61027027027026,low,Q1,4,1,1,6,At-Risk / Churning
CUST-10871,996,10,10,272.3,39,Latin America,0.3012048192771084,27.23,8.201807228915662,low,Q1,5,2,1,8,Needs Attention
CUST-10872,878,17,17,3401.03,259,Europe,0.5808656036446469,200.06058823529412,116.20831435079728,low,Q3,2,3,4,9,Needs Attention
CUST-10873,718,20,20,2573.3,204,Asia-Pacific,0.8356545961002786,128.66500000000002,107.51949860724234,low,Q3,2,3,4,9,Needs Attention
CUST-10874,177,13,13,3217.36,7,North America,2.2033898305084745,247.48923076923077,545.3152542372882,medium,Q3,5,2,4,11,Loyal Customers
CUST-10875,371,10,10,1337.27,49,North America,0.8086253369272237,133.727,108.13504043126684,low,Q2,4,2,2,8,Needs Attention
CUST-10876,505,12,12,2964.62,26,Asia-Pacific,0.712871287128713,247.05166666666665,176.1160396039604,low,Q3,5,2,4,11,Loyal Customers
CUST-10877,590,25,25,4869.45,161,North America,1.271186440677966,194.778,247.59915254237285,low,Q4,3,4,5,12,Loyal Customers
CUST-10878,356,8,8,647.49,176,North America,0.6741573033707865,80.93625,54.56376404494382,low,Q1,3,1,1,5,At-Risk / Churning
CUST-10879,1019,10,10,1461.39,79,Asia-Pacific,0.2944062806673209,146.139,43.02423945044161,low,Q2,4,2,2,8,Needs Attention
CUST-10880,244,22,22,5461.07,2,North America,2.7049180327868854,248.23045454545453,671.4430327868853,medium,Q4,5,4,5,14,Champions / VIP
CUST-10881,464,19,19,4140.94,132,Latin America,1.228448275862069,217.94421052631577,267.7331896551724,low,Q4,3,3,5,11,Loyal Customers
CUST-10882,981,4,4,187.63,276,Europe,0.12232415902140671,46.9075,5.737920489296635,low,Q1,1,1,1,3,At-Risk / Churning
CUST-10883,752,33,33,6069.81,117,Asia-Pacific,1.3164893617021276,183.93363636363637,242.14667553191492,low,Q4,3,5,5,13,Champions / VIP
CUST-10884,61,12,12,1233.06,36,Europe,5.901639344262295,102.755,606.4229508196721,medium,Q2,5,2,2,9,Needs Attention
CUST-10885,699,7,7,186.0,288,North America,0.3004291845493562,26.571428571428573,7.982832618025751,low,Q1,1,1,1,3,At-Risk / Churning
CUST-10886,314,6,6,694.7,28,North America,0.5732484076433121,115.78333333333335,66.37261146496816,low,Q1,5,1,1,7,Needs Attention
CUST-10887,458,33,33,2568.05,333,Latin America,2.1615720524017465,77.81969696969698,168.21288209606988,medium,Q3,1,5,4,10,Loyal Customers
CUST-10888,315,2,2,418.49,1,Asia-Pacific,0.19047619047619047,209.245,39.85619047619048,low,Q1,5,1,1,7,Needs Attention
CUST-10889,1072,23,23,2320.69,188,North America,0.6436567164179104,100.89956521739131,64.9446828358209,low,Q3,2,4,3,9,Needs Attention
CUST-10890,47,29,29,6124.59,35,Asia-Pacific,18.51063829787234,211.19275862068966,3909.312765957447,high,Q4,5,5,5,15,Champions / VIP
CUST-10891,798,13,13,326.75,112,Asia-Pacific,0.48872180451127817,25.134615384615383,12.283834586466165,low,Q1,3,2,1,6,At-Risk / Churning
CUST-10892,619,44,44,4147.41,286,Asia-Pacific,2.132471728594507,94.25931818181817,201.00533117932147,medium,Q4,1,5,5,11,Loyal Customers
CUST-10893,1039,8,8,634.1,310,Asia-Pacific,0.23099133782483158,79.2625,18.308950914340713,low,Q1,1,1,1,3,At-Risk / Churning
CUST-10894,223,24,24,1861.26,36,Asia-Pacific,3.2286995515695067,77.5525,250.39372197309416,medium,Q2,5,4,3,12,Loyal Customers
CUST-10895,531,19,19,766.5,217,Europe,1.073446327683616,40.3421052631579,43.30508474576271,low,Q1,2,3,1,6,At-Risk / Churning
CUST-10896,1017,47,47,3153.84,80,Latin America,1.3864306784660767,67.10297872340426,93.03362831858408,low,Q3,4,5,4,13,Champions / VIP
CUST-10897,143,14,14,2099.98,58,Asia-Pacific,2.937062937062937,149.99857142857144,440.55524475524476,medium,Q3,4,2,3,9,Needs Attention
CUST-10898,976,23,23,2082.79,83,Europe,0.7069672131147542,90.55608695652174,64.0201844262295,low,Q3,4,4,3,11,Loyal Customers
CUST-10899,860,19,19,2259.36,65,North America,0.6627906976744186,118.91368421052633,78.81488372093024,low,Q3,4,3,3,10,Loyal Customers
CUST-10900,954,5,5,548.98,325,Asia-Pacific,0.15723270440251572,109.796,17.263522012578616,low,Q1,1,1,1,3,At-Risk / Churning
CUST-10901,84,16,16,3553.26,51,North America,5.714285714285714,222.07875,1269.0214285714287,medium,Q4,4,3,4,11,Loyal Customers
CUST-10902,829,11,11,2515.62,22,Asia-Pacific,0.39806996381182147,228.69272727272727,91.0357056694813,low,Q3,5,2,3,10,Loyal Customers
CUST-10903,807,19,19,2582.39,216,Europe,0.7063197026022305,135.91526315789474,95.9996282527881,low,Q3,2,3,4,9,Needs Attention
CUST-10904,191,23,23,2283.56,107,Europe,3.612565445026178,99.28521739130434,358.67434554973823,medium,Q3,3,4,3,10,Loyal Customers
CUST-10905,116,38,38,1863.15,109,Europe,9.827586206896552,49.03026315789474,481.8491379310345,medium,Q2,3,5,3,11,Loyal Customers
CUST-10906,84,2,2,479.03,53,Latin America,0.7142857142857143,239.515,171.08214285714286,low,Q1,4,1,1,6,At-Risk / Churning
CUST-10907,1061,17,17,655.37,356,North America,0.4806786050895382,38.55117647058824,18.530725730442978,low,Q1,1,3,1,5,At-Risk / Churning
CUST-10908,862,6,6,551.83,164,Latin America,0.2088167053364269,91.97166666666668,19.205220417633413,low,Q1,3,1,1,5,At-Risk / Churning
CUST-10909,342,25,25,2301.62,68,Asia-Pacific,2.1929824561403506,92.06479999999999,201.89649122807015,medium,Q3,4,4,3,11,Loyal Customers
CUST-10910,788,59,59,5728.33,292,North America,2.246192893401015,97.09033898305084,218.08362944162437,medium,Q4,1,5,5,11,Loyal Customers
CUST-10911,472,14,14,867.5,180,Europe,0.8898305084745763,61.964285714285715,55.13771186440678,low,Q1,2,2,1,5,At-Risk / Churning
CUST-10912,357,10,10,2012.11,181,North America,0.8403361344537815,201.21099999999998,169.08487394957982,low,Q2,2,2,3,7,Needs Attention
CUST-10913,790,12,12,630.74,169,Europe,0.4556962025316456,52.56166666666667,23.95215189873418,low,Q1,3,2,1,6,At-Risk / Churning
CUST-10914,608,6,6,1007.12,22,Latin America,0.2960526315789474,167.85333333333332,49.69342105263158,low,Q1,5,1,2,8,Needs Attention
CUST-10915,1036,1,1,52.87,66,Latin America,0.02895752895752896,52.87,1.530984555984556,low,Q1,4,1,1,6,At-Risk / Churning
CUST-10916,125,21,21,858.28,21,Europe,5.04,40.87047619047619,205.98719999999997,medium,Q1,5,4,1,10,Loyal Customers
CUST-10917,843,17,17,3903.57,100,Europe,0.6049822064056939,229.62176470588236,138.9170818505338,low,Q4,3,3,4,10,Loyal Customers
CUST-10918,520,10,10,677.79,300,Asia-Pacific,0.576923076923077,67.779,39.10326923076923,low,Q1,1,2,1,4,At-Risk / Churning
CUST-10919,481,7,7,1468.47,103,Latin America,0.43659043659043656,209.78142857142856,91.58856548856548,low,Q2,3,1,2,6,At-Risk / Churning
CUST-10920,194,29,29,4278.72,47,Latin America,4.484536082474227,147.54206896551725,661.657731958763,medium,Q4,4,5,5,14,Champions / VIP
CUST-10921,211,37,37,1573.16,39,Asia-Pacific,5.260663507109005,42.51783783783784,223.67203791469197,medium,Q2,5,5,2,12,Loyal Customers
CUST-10922,498,19,19,4559.54,285,Latin America,1.1445783132530118,239.97578947368422,274.6710843373494,low,Q4,1,3,5,9,Needs Attention
CUST-10923,939,3,3,241.7,310,Europe,0.09584664536741214,80.56666666666666,7.722044728434504,low,Q1,1,1,1,3,At-Risk / Churning
CUST-10924,764,15,15,3276.3,90,North America,0.5890052356020943,218.42000000000002,128.65052356020945,low,Q3,4,3,4,11,Loyal Customers
CUST-10925,852,22,22,1385.61,85,North America,0.7746478873239437,62.98227272727272,48.789084507042254,low,Q2,4,4,2,10,Loyal Customers
CUST-10926,973,14,14,3039.92,273,Latin America,0.43165467625899284,217.13714285714286,93.72826310380269,low,Q3,1,2,4,7,Needs Attention
CUST-10927,36,15,15,419.65,16,Asia-Pacific,12.5,27.976666666666667,349.7083333333333,high,Q1,5,3,1,9,Needs Attention
CUST-10928,359,10,10,1401.51,188,Europe,0.8356545961002786,140.151,117.11782729805013,low,Q2,2,2,2,6,At-Risk / Churning
CUST-10929,804,14,14,2773.74,159,North America,0.5223880597014925,198.1242857142857,103.49776119402983,low,Q3,3,2,4,9,Needs Attention
CUST-10930,180,31,31,7295.2,73,Europe,5.166666666666667,235.3290322580645,1215.8666666666666,medium,Q4,4,5,5,14,Champions / VIP
CUST-10931,176,20,20,4591.41,49,Latin America,3.409090909090909,229.57049999999998,782.6267045454546,medium,Q4,4,3,5,12,Loyal Customers
CUST-10932,944,12,12,2512.99,101,Latin America,0.38135593220338987,209.41583333333332,79.86197033898304,low,Q3,3,2,3,8,Needs Attention
CUST-10933,729,14,14,3147.8,2,North America,0.5761316872427983,224.84285714285716,129.53909465020575,low,Q3,5,2,4,11,Loyal Customers
CUST-10934,111,39,39,2723.15,48,Latin America,10.54054054054054,69.82435897435897,735.9864864864865,high,Q3,4,5,4,13,Champions / VIP
CUST-10935,543,7,7,622.59,238,Asia-Pacific,0.38674033149171266,88.94142857142857,34.39723756906077,low,Q1,2,1,1,4,At-Risk / Churning
CUST-10936,844,10,10,900.18,59,Latin America,0.35545023696682465,90.018,31.99691943127962,low,Q1,4,2,1,7,Needs Attention
CUST-10937,738,15,15,1647.56,353,Latin America,0.6097560975609756,109.83733333333333,66.9739837398374,low,Q2,1,3,3,7,Needs Attention
CUST-10938,775,11,11,1248.47,99,Latin America,0.42580645161290326,113.49727272727273,48.32787096774194,low,Q2,3,2,2,7,Needs Attention
CUST-10939,1052,37,37,5458.42,359,Europe,1.0551330798479086,147.52486486486487,155.6583650190114,low,Q4,1,5,5,11,Loyal Customers
CUST-10940,736,31,31,1890.16,2,Europe,1.263586956521739,60.972903225806455,77.04456521739131,low,Q2,5,5,3,13,Champions / VIP
CUST-10941,500,15,15,2707.96,243,North America,0.8999999999999999,180.53066666666666,162.4776,low,Q3,2,3,4,9,Needs Attention
CUST-10942,425,56,56,3511.34,297,North America,3.9529411764705884,62.7025,247.85929411764707,medium,Q3,1,5,4,10,Loyal Customers
CUST-10943,290,21,21,1991.21,211,North America,2.1724137931034484,94.81952380952382,205.98724137931035,medium,Q2,2,4,3,9,Needs Attention
CUST-10944,834,42,42,5806.61,123,Latin America,1.5107913669064748,138.25261904761905,208.8708633093525,low,Q4,3,5,5,13,Champions / VIP
CUST-10945,963,40,40,8167.97,229,Europe,1.2461059190031152,204.19925,254.4538940809969,low,Q4,2,5,5,12,Loyal Customers
CUST-10946,934,23,23,4401.75,82,Asia-Pacific,0.7387580299785867,191.3804347826087,141.3838329764454,low,Q4,4,4,5,13,Champions / VIP
CUST-10947,969,7,7,1191.72,144,Latin America,0.21671826625387,170.24571428571429,36.89535603715171,low,Q2,3,1,2,6,At-Risk / Churning
CUST-10948,883,18,18,1080.88,140,Latin America,0.6115515288788221,60.0488888888889,36.72298980747452,low,Q2,3,3,2,8,Needs Attention
CUST-10949,622,10,10,1480.85,29,Latin America,0.4823151125401929,148.08499999999998,71.42363344051446,low,Q2,5,2,2,9,Needs Attention
CUST-10950,743,24,24,1072.21,270,Asia-Pacific,0.9690444145356663,44.67541666666667,43.29246298788695,low,Q2,1,4,2,7,Needs Attention
CUST-10951,661,22,22,2417.95,247,North America,0.9984871406959152,109.90681818181817,109.74054462934946,low,Q3,2,4,3,9,Needs Attention
CUST-10952,88,20,20,2360.82,12,Asia-Pacific,6.818181818181818,118.04100000000001,804.8250000000002,medium,Q3,5,4,3,12,Loyal Customers
CUST-10953,157,28,28,950.81,99,North America,5.350318471337579,33.957499999999996,181.68343949044583,medium,Q1,3,4,2,9,Needs Attention
CUST-10954,765,21,21,1819.59,337,Asia-Pacific,0.8235294117647058,86.64714285714285,71.3564705882353,low,Q2,1,4,3,8,Needs Attention
CUST-10955,750,16,16,3840.34,106,Europe,0.64,240.02125,153.61360000000002,low,Q4,3,3,4,10,Loyal Customers
CUST-10956,555,7,7,1676.97,32,Latin America,0.3783783783783784,239.56714285714287,90.64702702702702,low,Q2,5,1,3,9,Needs Attention
CUST-10957,550,11,11,1147.01,74,Latin America,0.6000000000000001,104.27363636363636,62.56418181818182,low,Q2,4,2,2,8,Needs Attention
CUST-10958,581,8,8,277.58,171,Latin America,0.41308089500860584,34.6975,14.3328743545611,low,Q1,3,1,1,5,At-Risk / Churning
CUST-10959,266,29,29,1893.59,69,North America,3.270676691729323,65.29620689655172,213.56278195488719,medium,Q2,4,5,3,12,Loyal Customers
CUST-10960,523,16,16,1811.98,301,Asia-Pacific,0.9177820267686424,113.24875,103.93766730401529,low,Q2,1,3,3,7,Needs Attention
CUST-10961,33,20,20,4765.01,10,Europe,18.18181818181818,238.25050000000002,4331.827272727272,high,Q4,5,4,5,14,Champions / VIP
CUST-10962,695,12,12,681.24,137,Asia-Pacific,0.5179856115107914,56.77,29.406043165467626,low,Q1,3,2,1,6,At-Risk / Churning
CUST-10963,471,34,34,6690.9,100,Latin America,2.1656050955414012,196.79117647058823,426.171974522293,medium,Q4,3,5,5,13,Champions / VIP
CUST-10964,58,25,25,1236.34,18,Europe,12.931034482758621,49.453599999999994,639.4862068965517,high,Q2,5,4,2,11,Loyal Customers
CUST-10965,639,19,19,4669.88,9,Europe,0.892018779342723,245.78315789473686,219.2431924882629,low,Q4,5,3,5,13,Champions / VIP
CUST-10966,834,17,17,1884.68,62,Latin America,0.6115107913669064,110.86352941176472,67.79424460431655,low,Q2,4,3,3,10,Loyal Customers
CUST-10967,104,9,9,1794.85,57,Asia-Pacific,2.5961538461538463,199.42777777777778,517.7451923076923,medium,Q2,4,2,3,9,Needs Attention
CUST-10968,867,11,11,1122.91,29,Latin America,0.3806228373702422,102.08272727272728,38.85501730103807,low,Q2,5,2,2,9,Needs Attention
CUST-10969,157,5,5,831.13,125,Asia-Pacific,0.9554140127388535,166.226,158.81464968152866,low,Q1,3,1,1,5,At-Risk / Churning
CUST-10970,71,26,26,1773.29,25,Europe,10.985915492957746,68.20346153846154,749.2774647887323,high,Q2,5,4,3,12,Loyal Customers
CUST-10971,70,27,27,1562.08,15,Europe,11.571428571428571,57.85481481481481,669.462857142857,high,Q2,5,4,2,11,Loyal Customers
CUST-10972,963,28,28,6609.8,120,Latin America,0.8722741433021807,236.06428571428572,205.91277258566979,low,Q4,3,4,5,12,Loyal Customers
CUST-10973,63,8,8,1851.77,42,Europe,3.8095238095238093,231.47125,881.795238095238,medium,Q2,5,1,3,9,Needs Attention
CUST-10974,1070,40,40,8987.22,157,North America,1.1214953271028039,224.6805,251.9781308411215,low,Q4,3,5,5,13,Champions / VIP
CUST-10975,1027,14,14,2320.12,335,Europe,0.4089581304771178,165.72285714285712,67.77370983446933,low,Q3,1,2,3,6,At-Risk / Churning
CUST-10976,617,24,24,4964.65,349,North America,1.166936790923825,206.86041666666665,241.3930307941653,low,Q4,1,4,5,10,Loyal Customers
CUST-10977,371,6,6,243.2,260,Europe,0.4851752021563342,40.53333333333333,19.66576819407008,low,Q1,2,1,1,4,At-Risk / Churning
CUST-10978,56,35,35,3511.46,18,Latin America,18.75,100.32742857142857,1881.1392857142857,high,Q3,5,5,4,14,Champions / VIP
CUST-10979,675,26,26,2485.16,242,Latin America,1.1555555555555554,95.58307692307692,110.45155555555554,low,Q3,2,4,3,9,Needs Attention
CUST-10980,760,14,14,2352.28,172,North America,0.5526315789473685,168.02,92.85315789473685,low,Q3,3,2,3,8,Needs Attention
CUST-10981,197,12,12,1261.09,75,Latin America,1.8274111675126905,105.09083333333332,192.04416243654822,low,Q2,4,2,2,8,Needs Attention
CUST-10982,639,26,26,1518.76,270,Europe,1.220657276995305,58.41384615384615,71.30328638497652,low,Q2,1,4,2,7,Needs Attention
CUST-10983,297,35,35,5572.18,114,Europe,3.535353535353535,159.20514285714287,562.8464646464647,medium,Q4,3,5,5,13,Champions / VIP
CUST-10984,850,9,9,1874.13,62,Latin America,0.31764705882352945,208.23666666666668,66.14576470588236,low,Q2,4,2,3,9,Needs Attention
CUST-10985,484,16,16,1775.64,362,Europe,0.9917355371900827,110.9775,110.0603305785124,low,Q2,1,3,3,7,Needs Attention
CUST-10986,935,12,12,657.13,320,Asia-Pacific,0.3850267379679144,54.76083333333333,21.084385026737966,low,Q1,1,2,1,4,At-Risk / Churning
CUST-10987,951,36,36,2493.17,102,Asia-Pacific,1.135646687697161,69.25472222222223,78.64889589905363,low,Q3,3,5,3,11,Loyal Customers
CUST-10988,1010,11,11,862.77,362,Europe,0.32673267326732675,78.43363636363637,25.62683168316832,low,Q1,1,2,1,4,At-Risk / Churning
CUST-10989,731,7,7,647.34,210,Latin America,0.28727770177838574,92.47714285714287,26.566621067031466,low,Q1,2,1,1,4,At-Risk / Churning
CUST-10990,663,27,27,4579.98,255,North America,1.2217194570135745,169.62888888888887,207.2389140271493,low,Q4,2,4,5,11,Loyal Customers
CUST-10991,159,38,38,6088.08,20,Latin America,7.169811320754717,160.21263157894737,1148.6943396226416,medium,Q4,5,5,5,15,Champions / VIP
CUST-10992,1049,26,26,4722.07,58,North America,0.7435653002859867,181.6180769230769,135.0448999046711,low,Q4,4,4,5,13,Champions / VIP
CUST-10993,848,33,33,3516.58,112,Latin America,1.1674528301886793,106.5630303030303,124.40731132075472,low,Q3,3,5,4,12,Loyal Customers
CUST-10994,722,54,54,11361.57,313,Europe,2.2437673130193905,210.39944444444444,472.08739612188367,medium,Q4,1,5,5,11,Loyal Customers
CUST-10995,823,47,47,3333.23,196,Asia-Pacific,1.7132442284325637,70.91978723404256,121.50291616038882,low,Q3,2,5,4,11,Loyal Customers
CUST-10996,58,48,48,6265.64,55,Latin America,24.82758620689655,130.53416666666666,3240.848275862069,high,Q4,4,5,5,14,Champions / VIP
CUST-10997,178,12,12,2462.53,97,North America,2.0224719101123596,205.21083333333334,415.03314606741577,medium,Q3,4,2,3,9,Needs Attention
CUST-10998,40,27,27,1769.46,28,Asia-Pacific,20.25,65.53555555555556,1327.095,high,Q2,5,4,3,12,Loyal Customers
CUST-10999,705,19,19,944.66,52,North America,0.8085106382978723,49.71894736842105,40.198297872340426,low,Q1,4,3,2,9,Needs Attention
CUST-11000,216,19,19,4252.75,37,Europe,2.638888888888889,223.82894736842104,590.6597222222222,medium,Q4,5,3,5,13,Champions / VIP
CUST-11001,836,34,34,3473.41,8,Asia-Pacific,1.2200956937799043,102.15911764705882,124.6438995215311,low,Q3,5,5,4,14,Champions / VIP
CUST-11002,773,25,25,4471.77,300,North America,0.9702457956015524,178.87080000000003,173.54864165588617,low,Q4,1,4,5,10,Loyal Customers
CUST-11003,127,17,17,521.96,98,Latin America,4.015748031496063,30.70352941176471,123.29763779527559,medium,Q1,4,3,1,8,Needs Attention
CUST-11004,84,11,11,1982.87,5,Europe,3.928571428571429,180.26090909090908,708.1678571428572,medium,Q2,5,2,3,10,Loyal Customers
CUST-11005,652,25,25,2403.07,69,Europe,1.1503067484662577,96.12280000000001,110.57070552147239,low,Q3,4,4,3,11,Loyal Customers
CUST-11006,693,16,16,600.67,45,Europe,0.6926406926406926,37.541875,26.0030303030303,low,Q1,5,3,1,9,Needs Attention
CUST-11007,787,34,34,5515.07,137,Latin America,1.2960609911054637,162.20794117647057,210.23138500635324,low,Q4,3,5,5,13,Champions / VIP
CUST-11008,435,33,33,2612.97,234,Latin America,2.2758620689655173,79.18090909090908,180.20482758620687,medium,Q3,2,5,4,11,Loyal Customers
CUST-11009,98,23,23,2576.73,32,Asia-Pacific,7.040816326530613,112.03173913043479,788.7948979591837,medium,Q3,5,4,4,13,Champions / VIP
CUST-11010,780,8,8,345.05,289,Latin America,0.3076923076923077,43.13125,13.271153846153847,low,Q1,1,1,1,3,At-Risk / Churning
CUST-11011,987,13,13,755.45,126,Asia-Pacific,0.3951367781155015,58.111538461538466,22.962006079027358,low,Q1,3,2,1,6,At-Risk / Churning
CUST-11012,394,49,49,4510.2,67,Europe,3.730964467005076,92.04489795918367,343.4162436548223,medium,Q4,4,5,5,14,Champions / VIP
CUST-11013,511,24,24,1084.7,30,Asia-Pacific,1.4090019569471623,45.19583333333333,63.68101761252446,low,Q2,5,4,2,11,Loyal Customers
CUST-11014,230,38,38,8737.56,114,North America,4.956521739130435,229.9357894736842,1139.6817391304346,medium,Q4,3,5,5,13,Champions / VIP
CUST-11015,183,8,8,210.88,29,Europe,1.3114754098360657,26.36,34.57049180327869,low,Q1,5,1,1,7,Needs Attention
CUST-11016,102,84,84,11244.96,3,Europe,24.705882352941178,133.8685714285714,3307.341176470588,high,Q4,5,5,5,15,Champions / VIP
CUST-11017,742,4,4,210.92,185,Asia-Pacific,0.16172506738544473,52.73,8.5277628032345,low,Q1,2,1,1,4,At-Risk / Churning
CUST-11018,325,24,24,2261.47,253,Europe,2.215384615384615,94.22791666666666,208.75107692307688,medium,Q3,2,4,3,9,Needs Attention
CUST-11019,1070,4,4,933.45,286,Latin America,0.11214953271028039,233.3625,26.171495327102807,low,Q1,1,1,2,4,At-Risk / Churning
CUST-11020,90,34,34,2086.96,9,North America,11.333333333333334,61.38117647058824,695.6533333333333,high,Q3,5,5,3,13,Champions / VIP
CUST-11021,968,9,9,2180.81,62,Asia-Pacific,0.27892561983471076,242.3122222222222,67.58708677685951,low,Q3,4,2,3,9,Needs Attention
CUST-11022,71,16,16,1140.86,3,Asia-Pacific,6.76056338028169,71.30375,482.05352112676053,medium,Q2,5,3,2,10,Loyal Customers
CUST-11023,54,22,22,4220.75,46,Europe,12.222222222222221,191.85227272727272,2344.861111111111,high,Q4,4,4,5,13,Champions / VIP
CUST-11024,1092,29,29,4292.07,68,Latin America,0.7967032967032968,148.00241379310344,117.91401098901099,low,Q4,4,5,5,14,Champions / VIP
CUST-11025,160,15,15,3360.12,25,Europe,2.8125,224.00799999999998,630.0225,medium,Q3,5,3,4,12,Loyal Customers
CUST-11026,137,20,20,2992.97,44,Europe,4.37956204379562,149.64849999999998,655.3948905109489,medium,Q3,5,4,4,13,Champions / VIP
CUST-11027,201,21,21,3050.79,163,Asia-Pacific,3.134328358208955,145.2757142857143,455.34179104477613,medium,Q3,3,4,4,11,Loyal Customers
CUST-11028,131,18,18,1241.6,55,Europe,4.122137404580153,68.97777777777777,284.33587786259545,medium,Q2,4,3,2,9,Needs Attention
CUST-11029,895,15,15,936.02,130,North America,0.5027932960893855,62.40133333333333,31.374972067039106,low,Q1,3,3,2,8,Needs Attention
CUST-11030,553,12,12,2774.52,246,Europe,0.650994575045208,231.21,150.51645569620254,low,Q3,2,2,4,8,Needs Attention
CUST-11031,304,22,22,2172.8,297,Europe,2.1710526315789473,98.76363636363637,214.421052631579,medium,Q3,1,4,3,8,Needs Attention
CUST-11032,846,21,21,2283.09,172,Asia-Pacific,0.7446808510638298,108.71857142857144,80.96063829787235,low,Q3,3,4,3,10,Loyal Customers
CUST-11033,986,11,11,2155.56,64,Europe,0.33468559837728196,195.96,65.58498985801216,low,Q3,4,2,3,9,Needs Attention
CUST-11034,1070,15,15,1518.53,31,Latin America,0.42056074766355145,101.23533333333333,42.57560747663552,low,Q2,5,3,2,10,Loyal Customers
CUST-11035,359,4,4,956.86,47,Asia-Pacific,0.3342618384401114,239.215,79.96044568245125,low,Q1,4,1,2,7,Needs Attention
CUST-11036,41,15,15,2865.51,2,Europe,10.97560975609756,191.03400000000002,2096.7146341463417,high,Q3,5,3,4,12,Loyal Customers
CUST-11037,245,4,4,637.69,96,North America,0.489795918367347,159.4225,78.08448979591839,low,Q1,4,1,1,6,At-Risk / Churning
CUST-11038,368,12,12,2678.42,333,North America,0.9782608695652173,223.20166666666668,218.3494565217391,low,Q3,1,2,4,7,Needs Attention
CUST-11039,690,8,8,289.29,110,Asia-Pacific,0.34782608695652173,36.16125,12.577826086956522,low,Q1,3,1,1,5,At-Risk / Churning
CUST-11040,403,10,10,828.39,69,Asia-Pacific,0.7444168734491315,82.839,61.6667493796526,low,Q1,4,2,1,7,Needs Attention
CUST-11041,1005,39,39,5055.69,58,Europe,1.164179104477612,129.6330769230769,150.91611940298506,low,Q4,4,5,5,14,Champions / VIP
CUST-11042,739,7,7,532.49,106,Latin America,0.28416779431664413,76.07000000000001,21.616644113667117,low,Q1,3,1,1,5,At-Risk / Churning
CUST-11043,495,13,13,2500.92,300,Europe,0.7878787878787878,192.37846153846155,151.57090909090908,low,Q3,1,2,3,6,At-Risk / Churning
CUST-11044,518,22,22,5100.08,330,North America,1.2741312741312742,231.82181818181817,295.37142857142857,low,Q4,1,4,5,10,Loyal Customers
CUST-11045,76,3,3,361.04,56,Latin America,1.1842105263157896,120.34666666666668,142.51578947368424,low,Q1,4,1,1,6,At-Risk / Churning
CUST-11046,807,16,16,1631.68,171,Latin America,0.5947955390334573,101.98,60.65724907063198,low,Q2,3,3,3,9,Needs Attention
CUST-11047,1069,20,20,4826.98,162,Latin America,0.5612722170252572,241.349,135.4624883068288,low,Q4,3,4,5,12,Loyal Customers
CUST-11048,740,8,8,1000.73,286,Europe,0.3243243243243243,125.09125,40.57013513513513,low,Q1,1,1,2,4,At-Risk / Churning
CUST-11049,430,5,5,675.18,71,North America,0.3488372093023256,135.036,47.10558139534883,low,Q1,4,1,1,6,At-Risk / Churning
CUST-11050,1010,28,28,2915.39,255,Asia-Pacific,0.8316831683168318,104.12107142857143,86.59574257425743,low,Q3,2,5,4,11,Loyal Customers
CUST-11051,279,3,3,688.95,55,Europe,0.3225806451612903,229.65,74.08064516129032,low,Q1,4,1,1,6,At-Risk / Churning
CUST-11052,420,13,13,1989.19,323,Asia-Pacific,0.9285714285714286,153.01461538461538,142.085,low,Q2,1,2,3,6,At-Risk / Churning
CUST-11053,364,7,7,1375.42,3,Latin America,0.576923076923077,196.48857142857145,113.35879120879122,low,Q2,5,1,2,8,Needs Attention
CUST-11054,658,2,2,415.31,26,Latin America,0.0911854103343465,207.655,18.935106382978724,low,Q1,5,1,1,7,Needs Attention
CUST-11055,166,34,34,3465.15,57,Europe,6.144578313253012,101.91617647058824,626.2319277108434,medium,Q3,4,5,4,13,Champions / VIP
CUST-11056,912,27,27,3309.69,126,North America,0.8881578947368421,122.58111111111111,108.87138157894738,low,Q3,3,4,4,11,Loyal Customers
CUST-11057,717,36,36,7772.62,53,Latin America,1.5062761506276152,215.9061111111111,325.2142259414226,low,Q4,4,5,5,14,Champions / VIP
CUST-11058,856,19,19,2027.92,198,Asia-Pacific,0.6658878504672897,106.73263157894738,71.07196261682243,low,Q3,2,3,3,8,Needs Attention
CUST-11059,756,7,7,1425.45,299,Asia-Pacific,0.2777777777777778,203.6357142857143,56.5654761904762,low,Q2,1,1,2,4,At-Risk / Churning
CUST-11060,623,12,12,2840.68,188,Europe,0.5778491171749599,236.72333333333333,136.7903691813804,low,Q3,2,2,4,8,Needs Attention
CUST-11061,1019,5,5,826.11,186,Asia-Pacific,0.14720314033366044,165.222,24.321197252208044,low,Q1,2,1,1,4,At-Risk / Churning
CUST-11062,401,14,14,2686.13,305,North America,1.0473815461346634,191.86642857142857,200.9573566084788,low,Q3,1,2,4,7,Needs Attention
CUST-11063,964,33,33,6802.85,298,Latin America,1.0269709543568464,206.1469696969697,211.7069502074689,low,Q4,1,5,5,11,Loyal Customers
CUST-11064,1024,12,12,2581.61,204,Asia-Pacific,0.3515625,215.1341666666667,75.63310546875,low,Q3,2,2,4,8,Needs Attention
CUST-11065,431,22,22,2505.51,11,Asia-Pacific,1.531322505800464,113.88681818181819,174.39744779582367,low,Q3,5,4,3,12,Loyal Customers
CUST-11066,644,21,21,767.22,359,Latin America,0.9782608695652175,36.534285714285716,35.740062111801244,low,Q1,1,4,1,6,At-Risk / Churning
CUST-11067,1024,6,6,692.53,354,Europe,0.17578125,115.42166666666667,20.288964843749998,low,Q1,1,1,1,3,At-Risk / Churning
CUST-11068,649,6,6,1059.57,146,Asia-Pacific,0.27734976887519264,176.595,48.978582434514635,low,Q1,3,1,2,6,At-Risk / Churning
CUST-11069,217,26,26,3284.55,85,Europe,3.5944700460829493,126.32884615384616,454.0852534562212,medium,Q3,4,4,4,12,Loyal Customers
CUST-11070,160,9,9,1741.65,100,Europe,1.6875,193.51666666666668,326.55937500000005,low,Q2,3,2,3,8,Needs Attention
CUST-11071,834,23,23,2422.38,104,Asia-Pacific,0.8273381294964028,105.3208695652174,87.13597122302158,low,Q3,3,4,3,10,Loyal Customers
CUST-11072,965,9,9,1510.36,46,North America,0.27979274611398963,167.81777777777776,46.95419689119171,low,Q2,4,2,2,8,Needs Attention
CUST-11073,1015,10,10,669.44,44,Europe,0.29556650246305416,66.944,19.7864039408867,low,Q1,5,2,1,8,Needs Attention
CUST-11074,212,22,22,4259.38,22,Asia-Pacific,3.1132075471698113,193.60818181818183,602.7424528301888,medium,Q4,5,4,5,14,Champions / VIP
CUST-11075,1012,15,15,2216.72,181,Europe,0.44466403162055335,147.78133333333332,65.71304347826086,low,Q3,2,3,3,8,Needs Attention
CUST-11076,393,14,14,992.8,187,Latin America,1.0687022900763359,70.91428571428571,75.78625954198473,low,Q1,2,3,2,7,Needs Attention
CUST-11077,68,8,8,725.44,30,North America,3.5294117647058822,90.68,320.0470588235294,medium,Q1,5,1,1,7,Needs Attention
CUST-11078,526,19,19,3675.3,264,North America,1.0836501901140683,193.43684210526317,209.61787072243345,low,Q4,1,3,4,8,Needs Attention
CUST-11079,1011,9,9,1202.27,98,Latin America,0.2670623145400593,133.58555555555554,35.67566765578635,low,Q2,4,2,2,8,Needs Attention
CUST-11080,950,24,24,1766.57,313,Latin America,0.7578947368421053,73.60708333333334,55.786421052631574,low,Q2,1,4,3,8,Needs Attention
CUST-11081,751,8,8,1941.09,329,Europe,0.3195739014647137,242.63625,77.54021304926763,low,Q2,1,1,3,5,At-Risk / Churning
CUST-11082,45,13,13,2416.74,20,Latin America,8.666666666666666,185.9030769230769,1611.1599999999999,medium,Q3,5,2,3,10,Loyal Customers
CUST-11083,522,24,24,5768.53,281,North America,1.3793103448275863,240.35541666666666,331.5247126436782,low,Q4,1,4,5,10,Loyal Customers
CUST-11084,923,21,21,2543.07,275,Latin America,0.6825568797399784,121.09857142857143,82.65666305525461,low,Q3,1,4,3,8,Needs Attention
CUST-11085,340,22,22,2901.75,261,Asia-Pacific,1.9411764705882353,131.89772727272728,256.0367647058823,low,Q3,2,4,4,10,Loyal Customers
CUST-11086,768,16,16,3632.64,331,Asia-Pacific,0.625,227.04,141.89999999999998,low,Q4,1,3,4,8,Needs Attention
CUST-11087,575,7,7,1001.95,207,Europe,0.3652173913043478,143.1357142857143,52.275652173913045,low,Q1,2,1,2,5,At-Risk / Churning
CUST-11088,443,29,29,5339.99,328,North America,1.9638826185101579,184.13758620689654,361.62460496613994,low,Q4,1,5,5,11,Loyal Customers
CUST-11089,280,17,17,1389.56,211,Asia-Pacific,1.8214285714285714,81.73882352941176,148.88142857142856,low,Q2,2,3,2,7,Needs Attention
CUST-11090,788,11,11,1380.65,215,Latin America,0.4187817258883249,125.51363636363637,52.56281725888326,low,Q2,2,2,2,6,At-Risk / Churning
CUST-11091,1092,10,10,527.76,40,Asia-Pacific,0.27472527472527475,52.775999999999996,14.498901098901099,low,Q1,5,2,1,8,Needs Attention
CUST-11092,843,44,44,3139.2,26,Asia-Pacific,1.5658362989323842,71.34545454545454,111.71530249110319,low,Q3,5,5,4,14,Champions / VIP
CUST-11093,58,15,15,378.18,27,Europe,7.758620689655173,25.212,195.6103448275862,medium,Q1,5,3,1,9,Needs Attention
CUST-11094,987,6,6,203.01,190,Latin America,0.182370820668693,33.835,6.170516717325228,low,Q1,2,1,1,4,At-Risk / Churning
CUST-11095,506,35,35,8571.11,83,Latin America,2.075098814229249,244.88885714285715,508.1685770750988,medium,Q4,4,5,5,14,Champions / VIP
CUST-11096,347,13,13,1033.88,170,Latin America,1.1239193083573487,79.52923076923078,89.38443804034583,low,Q1,3,2,2,7,Needs Attention
CUST-11097,274,11,11,1916.69,167,Europe,1.2043795620437956,174.24454545454546,209.8565693430657,low,Q2,3,2,3,8,Needs Attention
CUST-11098,777,7,7,1496.58,188,Latin America,0.2702702702702703,213.79714285714286,57.783011583011586,low,Q2,2,1,2,5,At-Risk / Churning
CUST-11099,726,18,18,2680.17,169,Latin America,0.7438016528925621,148.89833333333334,110.750826446281,low,Q3,3,3,4,10,Loyal Customers
CUST-11100,301,30,30,1783.73,289,Asia-Pacific,2.990033222591362,59.45766666666667,177.78039867109635,medium,Q2,1,5,3,9,Needs Attention
CUST-11101,406,18,18,3398.87,229,Asia-Pacific,1.3300492610837438,188.82611111111112,251.14802955665024,low,Q3,2,3,4,9,Needs Attention
CUST-11102,295,12,12,1920.68,97,Latin America,1.2203389830508473,160.05666666666667,195.32338983050846,low,Q2,4,2,3,9,Needs Attention
CUST-11103,955,5,5,947.66,16,North America,0.15706806282722513,189.53199999999998,29.769424083769632,low,Q1,5,1,2,8,Needs Attention
CUST-11104,950,14,14,2774.7,279,North America,0.4421052631578947,198.19285714285712,87.62210526315789,low,Q3,1,3,4,8,Needs Attention
CUST-11105,369,20,20,4889.35,135,Latin America,1.6260162601626016,244.46750000000003,397.5081300813008,low,Q4,3,4,5,12,Loyal Customers
CUST-11106,418,9,9,1386.47,26,North America,0.645933014354067,154.0522222222222,99.50741626794259,low,Q2,5,2,2,9,Needs Attention
CUST-11107,606,36,36,3667.29,352,Europe,1.7821782178217822,101.86916666666667,181.54900990099011,low,Q4,1,5,4,10,Loyal Customers
CUST-11108,32,12,12,2050.85,12,Asia-Pacific,11.25,170.90416666666667,1922.671875,high,Q3,5,2,3,10,Loyal Customers
CUST-11109,405,21,21,848.38,72,Europe,1.5555555555555556,40.39904761904762,62.842962962962964,low,Q1,4,4,1,9,Needs Attention
CUST-11110,353,13,13,2949.89,133,Asia-Pacific,1.1048158640226629,226.9146153846154,250.69886685552405,low,Q3,3,2,4,9,Needs Attention
CUST-11111,175,28,28,1452.1,106,North America,4.8,51.86071428571428,248.93142857142857,medium,Q2,3,5,2,10,Loyal Customers
CUST-11112,322,19,19,1876.53,220,North America,1.7701863354037268,98.76473684210526,174.83198757763975,low,Q2,2,3,3,8,Needs Attention
CUST-11113,461,42,42,8758.79,177,Latin America,2.7331887201735356,208.54261904761907,569.9863340563992,medium,Q4,3,5,5,13,Champions / VIP
CUST-11114,734,19,19,3028.51,282,North America,0.776566757493188,159.39526315789476,123.78106267029975,low,Q3,1,3,4,8,Needs Attention
CUST-11115,978,24,24,2725.63,133,North America,0.7361963190184049,113.56791666666668,83.60828220858896,low,Q3,3,4,4,11,Loyal Customers
CUST-11116,614,20,20,2630.46,22,Latin America,0.977198697068404,131.523,128.5241042345277,low,Q3,5,4,4,13,Champions / VIP
CUST-11117,428,7,7,1520.91,269,Latin America,0.49065420560747663,217.27285714285716,106.60584112149533,low,Q2,1,1,2,4,At-Risk / Churning
CUST-11118,846,35,35,3552.53,161,Asia-Pacific,1.2411347517730498,101.50085714285714,125.97624113475179,low,Q4,3,5,4,12,Loyal Customers
CUST-11119,993,22,22,4854.77,107,North America,0.6646525679758308,220.67136363636365,146.66978851963748,low,Q4,3,4,5,12,Loyal Customers
CUST-11120,216,24,24,1075.93,23,Asia-Pacific,3.333333333333333,44.83041666666667,149.43472222222223,medium,Q2,5,4,2,11,Loyal Customers
CUST-11121,90,32,32,6392.95,18,Asia-Pacific,10.666666666666666,199.7796875,2130.983333333333,high,Q4,5,5,5,15,Champions / VIP
CUST-11122,968,33,33,7118.04,242,Europe,1.0227272727272727,215.6981818181818,220.6004132231405,low,Q4,2,5,5,12,Loyal Customers
CUST-11123,739,7,7,461.36,117,North America,0.28416779431664413,65.90857142857143,18.729093369418134,low,Q1,3,1,1,5,At-Risk / Churning
CUST-11124,836,6,6,730.97,286,North America,0.21531100478468898,121.82833333333333,26.23098086124402,low,Q1,1,1,1,3,At-Risk / Churning
CUST-11125,40,9,9,560.14,26,Europe,6.75,62.23777777777778,420.105,medium,Q1,5,2,1,8,Needs Attention
CUST-11126,255,6,6,1103.92,144,Asia-Pacific,0.7058823529411765,183.98666666666668,129.8729411764706,low,Q2,3,1,2,6,At-Risk / Churning
CUST-11127,593,12,12,1745.44,205,North America,0.6070826306913997,145.45333333333335,88.30219224283306,low,Q2,2,2,3,7,Needs Attention
CUST-11128,801,7,7,1175.63,39,Asia-Pacific,0.2621722846441948,167.94714285714286,44.0310861423221,low,Q2,5,1,2,8,Needs Attention
CUST-11129,914,7,7,484.47,154,Europe,0.22975929978118162,69.21000000000001,15.90164113785558,low,Q1,3,1,1,5,At-Risk / Churning
CUST-11130,255,21,21,1525.5,176,Latin America,2.4705882352941178,72.64285714285714,179.47058823529412,medium,Q2,3,4,2,9,Needs Attention
CUST-11131,854,4,4,137.35,241,Asia-Pacific,0.14051522248243561,34.3375,4.824941451990632,low,Q1,2,1,1,4,At-Risk / Churning
CUST-11132,247,17,17,1656.91,166,North America,2.064777327935223,97.46529411764706,201.2441295546559,medium,Q2,3,3,3,9,Needs Attention
CUST-11133,966,29,29,4377.33,134,Latin America,0.9006211180124223,150.94241379310344,135.9419254658385,low,Q4,3,5,5,13,Champions / VIP
CUST-11134,782,29,29,6323.03,46,Asia-Pacific,1.1125319693094629,218.0355172413793,242.57148337595908,low,Q4,4,5,5,14,Champions / VIP
CUST-11135,535,25,25,4376.47,50,Asia-Pacific,1.4018691588785048,175.05880000000002,245.40953271028042,low,Q4,4,4,5,13,Champions / VIP
CUST-11136,288,27,27,3320.03,166,Latin America,2.8125,122.96407407407408,345.8364583333334,medium,Q3,3,4,4,11,Loyal Customers
CUST-11137,83,26,26,6225.75,18,Latin America,9.397590361445783,239.45192307692307,2250.2710843373493,medium,Q4,5,4,5,14,Champions / VIP
CUST-11138,756,7,7,1307.81,72,Latin America,0.2777777777777778,186.82999999999998,51.89722222222222,low,Q2,4,1,2,7,Needs Attention
CUST-11139,718,14,14,3280.02,330,North America,0.584958217270195,234.28714285714287,137.04818941504178,low,Q3,1,3,4,8,Needs Attention
CUST-11140,1073,25,25,3592.68,273,North America,0.6989748369058714,143.7072,100.44771668219944,low,Q4,1,4,4,9,Needs Attention
CUST-11141,448,12,12,999.04,247,Asia-Pacific,0.8035714285714286,83.25333333333333,66.89999999999999,low,Q1,2,2,2,6,At-Risk / Churning
CUST-11142,719,12,12,442.63,186,Asia-Pacific,0.5006954102920723,36.88583333333333,18.468567454798333,low,Q1,2,2,1,5,At-Risk / Churning
CUST-11143,879,20,20,3767.38,70,Europe,0.68259385665529,188.369,128.57952218430034,low,Q4,4,4,4,12,Loyal Customers
CUST-11144,91,46,46,2405.49,78,North America,15.164835164835166,52.29326086956521,793.0186813186813,high,Q3,4,5,3,12,Loyal Customers
CUST-11145,245,28,28,2607.48,150,Asia-Pacific,3.428571428571429,93.12428571428572,319.2832653061225,medium,Q3,3,5,4,12,Loyal Customers
CUST-11146,32,4,4,579.22,22,Latin America,3.75,144.805,543.0187500000001,medium,Q1,5,1,1,7,Needs Attention
CUST-11147,189,19,19,2887.88,6,Latin America,3.015873015873016,151.9936842105263,458.3936507936508,medium,Q3,5,3,4,12,Loyal Customers
CUST-11148,810,8,8,1281.05,26,North America,0.2962962962962963,160.13125,47.446296296296296,low,Q2,5,1,2,8,Needs Attention
CUST-11149,922,29,29,1809.82,140,Latin America,0.9436008676789588,62.407586206896546,58.887852494577004,low,Q2,3,5,3,11,Loyal Customers
CUST-11150,358,37,37,4086.31,99,Europe,3.100558659217877,110.4408108108108,342.42821229050276,medium,Q4,3,5,4,12,Loyal Customers
CUST-11151,609,51,51,8357.3,278,Asia-Pacific,2.5123152709359604,163.86862745098037,411.6896551724137,medium,Q4,1,5,5,11,Loyal Customers
CUST-11152,981,29,29,7053.07,51,Asia-Pacific,0.8868501529051988,243.20931034482757,215.69021406727825,low,Q4,4,5,5,14,Champions / VIP
CUST-11153,664,23,23,4340.49,151,Asia-Pacific,1.0391566265060241,188.71695652173912,196.10647590361444,low,Q4,3,4,5,12,Loyal Customers
CUST-11154,1017,24,24,5582.06,104,North America,0.7079646017699115,232.58583333333334,164.66253687315637,low,Q4,3,4,5,12,Loyal Customers
CUST-11155,950,8,8,1571.98,89,Latin America,0.25263157894736843,196.4975,49.641473684210524,low,Q2,4,1,2,7,Needs Attention
CUST-11156,767,16,16,2530.18,141,Europe,0.6258148631029987,158.13625,98.96401564537157,low,Q3,3,3,3,9,Needs Attention
CUST-11157,199,19,19,1295.9,138,North America,2.8643216080402008,68.20526315789475,195.36180904522612,medium,Q2,3,3,2,8,Needs Attention
CUST-11158,550,11,11,1925.05,183,Asia-Pacific,0.6000000000000001,175.00454545454545,105.00272727272727,low,Q2,2,2,3,7,Needs Attention
CUST-11159,69,23,23,3800.99,9,Europe,10.0,165.26043478260868,1652.604347826087,medium,Q4,5,4,4,13,Champions / VIP
CUST-11160,984,55,55,8830.56,79,Asia-Pacific,1.676829268292683,160.55563636363635,269.22439024390246,low,Q4,4,5,5,14,Champions / VIP
CUST-11161,1013,4,4,540.81,52,Asia-Pacific,0.11846001974333663,135.2025,16.01609081934847,low,Q1,4,1,1,6,At-Risk / Churning
CUST-11162,1004,25,25,3598.69,269,North America,0.7470119521912351,143.9476,107.53057768924302,low,Q4,1,4,4,9,Needs Attention
CUST-11163,67,17,17,1704.24,51,Asia-Pacific,7.611940298507463,100.24941176470588,763.0925373134328,medium,Q2,4,3,3,10,Loyal Customers
CUST-11164,357,23,23,3262.44,186,Europe,1.9327731092436975,141.84521739130435,274.1546218487395,low,Q3,2,4,4,10,Loyal Customers
CUST-11165,943,19,19,1319.55,34,Asia-Pacific,0.6044538706256628,69.45,41.97932131495228,low,Q2,5,3,2,10,Loyal Customers
CUST-11166,483,14,14,2886.3,291,Latin America,0.8695652173913043,206.16428571428574,179.27329192546583,low,Q3,1,3,4,8,Needs Attention
CUST-11167,66,5,5,334.0,3,Asia-Pacific,2.2727272727272725,66.8,151.8181818181818,medium,Q1,5,1,1,7,Needs Attention
CUST-11168,1002,26,26,1147.05,120,North America,0.7784431137724551,44.11730769230769,34.34281437125748,low,Q2,3,4,2,9,Needs Attention
CUST-11169,825,23,23,2832.57,326,Europe,0.8363636363636363,123.15521739130436,103.00254545454546,low,Q3,1,4,4,9,Needs Attention
CUST-11170,1002,23,23,3981.74,247,North America,0.688622754491018,173.1191304347826,119.21377245508982,low,Q4,2,4,4,10,Loyal Customers
CUST-11171,622,35,35,4322.02,192,Latin America,1.6881028938906752,123.48628571428573,208.45755627009646,low,Q4,2,5,5,12,Loyal Customers
CUST-11172,1093,12,12,1047.24,323,Asia-Pacific,0.32936870997255263,87.27,28.744007319304668,low,Q1,1,2,2,5,At-Risk / Churning
CUST-11173,253,17,17,2560.0,210,North America,2.015810276679842,150.58823529411765,303.55731225296444,medium,Q3,2,3,4,9,Needs Attention
CUST-11174,347,9,9,927.68,103,North America,0.7780979827089337,103.07555555555555,80.2028818443804,low,Q1,3,2,2,7,Needs Attention
CUST-11175,378,12,12,2818.74,329,North America,0.9523809523809524,234.89499999999998,223.7095238095238,low,Q3,1,2,4,7,Needs Attention
CUST-11176,144,6,6,1395.57,116,North America,1.25,232.595,290.74375,low,Q2,3,1,2,6,At-Risk / Churning
CUST-11177,727,10,10,1380.34,133,Latin America,0.4126547455295736,138.034,56.960385144429154,low,Q2,3,2,2,7,Needs Attention
CUST-11178,1093,22,22,2173.03,323,Latin America,0.6038426349496798,98.77409090909092,59.64400731930468,low,Q3,1,4,3,8,Needs Attention
CUST-11179,69,52,52,9924.45,11,Asia-Pacific,22.608695652173914,190.8548076923077,4314.978260869566,high,Q4,5,5,5,15,Champions / VIP
CUST-11180,245,7,7,232.82,121,Asia-Pacific,0.8571428571428572,33.26,28.50857142857143,low,Q1,3,1,1,5,At-Risk / Churning
CUST-11181,365,14,14,1845.52,94,Europe,1.1506849315068495,131.82285714285715,151.68657534246577,low,Q2,4,3,3,10,Loyal Customers
CUST-11182,121,47,47,4731.62,68,Latin America,11.652892561983471,100.6727659574468,1173.1289256198347,high,Q4,4,5,5,14,Champions / VIP
CUST-11183,382,24,24,5570.89,129,North America,1.8848167539267018,232.12041666666667,437.50445026178016,low,Q4,3,4,5,12,Loyal Customers
CUST-11184,600,21,21,581.71,91,North America,1.05,27.70047619047619,29.085500000000003,low,Q1,4,4,1,9,Needs Attention
CUST-11185,845,9,9,1344.45,92,Europe,0.3195266272189349,149.38333333333333,47.731952662721895,low,Q2,4,2,2,8,Needs Attention
CUST-11186,810,15,15,2874.74,63,North America,0.5555555555555556,191.64933333333332,106.47185185185184,low,Q3,4,3,4,11,Loyal Customers
CUST-11187,392,11,11,1475.42,29,Europe,0.8418367346938775,134.1290909090909,112.91479591836736,low,Q2,5,2,2,9,Needs Attention
CUST-11188,586,23,23,1016.96,210,Asia-Pacific,1.1774744027303754,44.21565217391304,52.06279863481228,low,Q1,2,4,2,8,Needs Attention
CUST-11189,385,23,23,5607.49,12,Latin America,1.7922077922077921,243.80391304347825,436.9472727272727,low,Q4,5,4,5,14,Champions / VIP
CUST-11190,220,12,12,1698.63,77,Europe,1.6363636363636365,141.5525,231.63136363636366,low,Q2,4,2,3,9,Needs Attention
CUST-11191,451,14,14,2284.69,297,North America,0.9312638580931264,163.19214285714287,151.9749445676275,low,Q3,1,3,3,7,Needs Attention
CUST-11192,729,35,35,2738.3,130,Europe,1.4403292181069958,78.23714285714286,112.6872427983539,low,Q3,3,5,4,12,Loyal Customers
CUST-11193,36,37,37,4950.12,16,Asia-Pacific,30.833333333333336,133.78702702702702,4125.1,high,Q4,5,5,5,15,Champions / VIP
CUST-11194,162,13,13,1580.26,24,North America,2.4074074074074074,121.55846153846154,292.64074074074074,medium,Q2,5,2,2,9,Needs Attention
CUST-11195,586,14,14,585.92,99,Asia-Pacific,0.7167235494880545,41.85142857142857,29.995904436860062,low,Q1,3,3,1,7,Needs Attention
CUST-11196,855,7,7,342.2,356,Asia-Pacific,0.24561403508771928,48.885714285714286,12.007017543859648,low,Q1,1,1,1,3,At-Risk / Churning
CUST-11197,790,14,14,2988.04,139,Europe,0.5316455696202532,213.43142857142857,113.46987341772152,low,Q3,3,3,4,10,Loyal Customers
CUST-11198,1084,18,18,1421.27,314,Asia-Pacific,0.4981549815498155,78.95944444444444,39.334040590405905,low,Q2,1,3,2,6,At-Risk / Churning
CUST-11199,564,5,5,344.33,174,North America,0.26595744680851063,68.866,18.315425531914894,low,Q1,3,1,1,5,At-Risk / Churning
CUST-11200,455,22,22,3049.31,29,Asia-Pacific,1.4505494505494505,138.605,201.0534065934066,low,Q3,5,4,4,13,Champions / VIP
