customer_id,customer_name,segment,signup_date,status,order_id,order_date,order_amount,payment_status
1001,Customer_1001,Retail,2024-12-16,Active,50985.0,2025-01-02,125.71,Paid
1001,Customer_1001,Retail,2024-12-16,Active,51308.0,2025-01-13,93.77,Paid
1001,Customer_1001,Retail,2024-12-16,Active,51604.0,2025-03-08,274.03,Paid
1001,Customer_1001,Retail,2024-12-16,Active,52217.0,2025-02-27,508.45,Processing
1001,Customer_1001,Retail,2024-12-16,Active,52324.0,2025-02-15,110.7,Paid
1001,Customer_1001,Retail,2024-12-16,Active,52612.0,2025-01-17,246.77,Paid
1001,Customer_1001,Retail,2024-12-16,Active,53442.0,2025-03-11,92.17,Paid
1001,Customer_1001,Retail,2024-12-16,Active,54633.0,2025-01-06,193.76,Paid
1002,Customer_1002,VIP,2024-08-19,Active,50129.0,2025-01-20,64.89,Paid
1002,Customer_1002,VIP,2024-08-19,Active,52033.0,2025-03-18,186.61,Paid
1002,Customer_1002,VIP,2024-08-19,Active,52575.0,2025-01-19,125.0,Paid
1002,Customer_1002,VIP,2024-08-19,Active,52589.0,2025-02-22,241.64,Paid
1002,Customer_1002,VIP,2024-08-19,Active,53016.0,2025-02-24,67.57,Paid
1002,Customer_1002,VIP,2024-08-19,Active,53712.0,2025-03-04,88.45,Paid
1003,Customer_1003,SMB,2024-08-21,Active,50421.0,2025-03-16,46.67,Paid
1003,Customer_1003,SMB,2024-08-21,Active,52492.0,2025-03-17,233.54,Paid
1003,Customer_1003,SMB,2024-08-21,Active,54787.0,2025-02-04,257.63,Paid
1004,Customer_1004,SMB,2024-01-23,Active,52726.0,2025-01-11,113.35,Paid
1004,Customer_1004,SMB,2024-01-23,Active,53267.0,2025-02-22,79.51,Paid
1004,Customer_1004,SMB,2024-01-23,Active,53812.0,2025-03-26,61.86,Paid
1004,Customer_1004,SMB,2024-01-23,Active,54361.0,2025-01-03,584.94,Paid
1004,Customer_1004,SMB,2024-01-23,Active,54491.0,2025-01-20,42.38,Refunded
1005,Customer_1005,Retail,2024-05-22,Active,51488.0,2025-02-05,290.39,Processing
1005,Customer_1005,Retail,2024-05-22,Active,51961.0,2025-03-09,194.07,Paid
1005,Customer_1005,Retail,2024-05-22,Active,53055.0,2025-02-04,54.63,Paid
1005,Customer_1005,Retail,2024-05-22,Active,54467.0,2025-02-10,299.18,Paid
1006,Customer_1006,Retail,2024-06-08,Active,51400.0,2025-03-14,158.21,Paid
1006,Customer_1006,Retail,2024-06-08,Active,52166.0,2025-03-04,124.25,Paid
1006,Customer_1006,Retail,2024-06-08,Active,52767.0,2025-02-09,123.84,Paid
1006,Customer_1006,Retail,2024-06-08,Active,54072.0,2025-01-17,334.71,Paid
1006,Customer_1006,Retail,2024-06-08,Active,54084.0,2025-02-18,93.4,Paid
1006,Customer_1006,Retail,2024-06-08,Active,54678.0,2025-02-06,895.16,Paid
1007,Customer_1007,Retail,2024-09-18,Active,51760.0,2025-02-11,248.49,Paid
1007,Customer_1007,Retail,2024-09-18,Active,51992.0,2025-01-27,21.98,Paid
1007,Customer_1007,Retail,2024-09-18,Active,52501.0,2025-03-25,161.71,Paid
1007,Customer_1007,Retail,2024-09-18,Active,52508.0,2025-02-19,306.42,Refunded
1007,Customer_1007,Retail,2024-09-18,Active,53769.0,2025-02-09,259.49,Paid
1007,Customer_1007,Retail,2024-09-18,Active,54161.0,2025-01-09,39.59,Paid
1007,Customer_1007,Retail,2024-09-18,Active,54890.0,2025-01-24,140.1,Paid
1008,Customer_1008,Enterprise,2024-09-12,Active,51092.0,2025-02-18,543.01,Paid
1008,Customer_1008,Enterprise,2024-09-12,Active,51137.0,2025-02-27,29.61,Paid
1008,Customer_1008,Enterprise,2024-09-12,Active,51499.0,2025-03-27,177.55,Paid
1008,Customer_1008,Enterprise,2024-09-12,Active,51899.0,2025-02-03,151.99,Paid
1008,Customer_1008,Enterprise,2024-09-12,Active,53811.0,2025-03-26,23.06,Paid
1009,Customer_1009,SMB,2024-11-26,Active,51193.0,2025-02-05,265.49,Refunded
1009,Customer_1009,SMB,2024-11-26,Active,52514.0,2025-01-26,259.79,Paid
1009,Customer_1009,SMB,2024-11-26,Active,53985.0,2025-01-24,32.16,Paid
1009,Customer_1009,SMB,2024-11-26,Active,54123.0,2025-01-01,101.84,Paid
1010,Customer_1010,SMB,2024-09-13,Active,50087.0,2025-02-11,35.29,Paid
1010,Customer_1010,SMB,2024-09-13,Active,50922.0,2025-03-18,64.45,Processing
1010,Customer_1010,SMB,2024-09-13,Active,52742.0,2025-01-02,247.16,Paid
1010,Customer_1010,SMB,2024-09-13,Active,53457.0,2025-01-27,70.23,Paid
1010,Customer_1010,SMB,2024-09-13,Active,54933.0,2025-02-05,117.58,Paid
1011,Customer_1011,Retail,2024-10-15,Active,50835.0,2025-03-11,271.46,Paid
1011,Customer_1011,Retail,2024-10-15,Active,52215.0,2025-01-04,29.03,Paid
1012,Customer_1012,VIP,2024-10-16,Dormant,50411.0,2025-01-20,216.94,Paid
1012,Customer_1012,VIP,2024-10-16,Dormant,50508.0,2025-01-23,227.25,Paid
1012,Customer_1012,VIP,2024-10-16,Dormant,51160.0,2025-03-06,264.63,Paid
1012,Customer_1012,VIP,2024-10-16,Dormant,52048.0,2025-02-04,147.76,Paid
1012,Customer_1012,VIP,2024-10-16,Dormant,52749.0,2025-01-16,197.76,Paid
1012,Customer_1012,VIP,2024-10-16,Dormant,54448.0,2025-01-09,169.78,Paid
1012,Customer_1012,VIP,2024-10-16,Dormant,54501.0,2025-01-09,337.97,Paid
1013,Customer_1013,Enterprise,2024-07-17,Active,50441.0,2025-01-09,158.11,Paid
1013,Customer_1013,Enterprise,2024-07-17,Active,50660.0,2025-02-25,32.37,Paid
1013,Customer_1013,Enterprise,2024-07-17,Active,50913.0,2025-01-18,221.65,Paid
1013,Customer_1013,Enterprise,2024-07-17,Active,52760.0,2025-01-13,85.48,Paid
1013,Customer_1013,Enterprise,2024-07-17,Active,53330.0,2025-02-08,61.62,Paid
1013,Customer_1013,Enterprise,2024-07-17,Active,53459.0,2025-02-15,50.89,Paid
1013,Customer_1013,Enterprise,2024-07-17,Active,54216.0,2025-03-01,73.61,Processing
1013,Customer_1013,Enterprise,2024-07-17,Active,54287.0,2025-03-09,177.68,Paid
1013,Customer_1013,Enterprise,2024-07-17,Active,54446.0,2025-02-19,124.17,Paid
1013,Customer_1013,Enterprise,2024-07-17,Active,54555.0,2025-03-24,296.79,Paid
1014,Customer_1014,Retail,2024-07-26,Active,50376.0,2025-01-04,109.85,Paid
1014,Customer_1014,Retail,2024-07-26,Active,52109.0,2025-03-08,193.3,Paid
1014,Customer_1014,Retail,2024-07-26,Active,52520.0,2025-01-24,37.22,Paid
1014,Customer_1014,Retail,2024-07-26,Active,52743.0,2025-03-09,128.04,Paid
1014,Customer_1014,Retail,2024-07-26,Active,53911.0,2025-03-25,47.09,Refunded
1014,Customer_1014,Retail,2024-07-26,Active,54499.0,2025-02-20,530.12,Refunded
1014,Customer_1014,Retail,2024-07-26,Active,54973.0,2025-01-26,46.93,Paid
1015,Customer_1015,Retail,2024-05-22,Active,50057.0,2025-02-03,78.93,Processing
1015,Customer_1015,Retail,2024-05-22,Active,52524.0,2025-02-02,86.24,Paid
1015,Customer_1015,Retail,2024-05-22,Active,54158.0,2025-02-22,363.41,Paid
1015,Customer_1015,Retail,2024-05-22,Active,54616.0,2025-03-24,28.9,Paid
1016,Customer_1016,Retail,2024-10-07,Active,50762.0,2025-02-04,66.66,Processing
1016,Customer_1016,Retail,2024-10-07,Active,51023.0,2025-01-06,20.13,Processing
1016,Customer_1016,Retail,2024-10-07,Active,51765.0,2025-02-11,230.93,Paid
1016,Customer_1016,Retail,2024-10-07,Active,52537.0,2025-01-27,79.6,Processing
1016,Customer_1016,Retail,2024-10-07,Active,52817.0,2025-01-15,39.72,Paid
1016,Customer_1016,Retail,2024-10-07,Active,52854.0,2025-02-08,39.42,Paid
1016,Customer_1016,Retail,2024-10-07,Active,54010.0,2025-02-14,41.07,Processing
1016,Customer_1016,Retail,2024-10-07,Active,54212.0,2025-03-07,311.0,Processing
1017,Customer_1017,Retail,2024-05-07,Active,51620.0,2025-02-12,70.28,Paid
1017,Customer_1017,Retail,2024-05-07,Active,52666.0,2025-03-22,134.99,Paid
1017,Customer_1017,Retail,2024-05-07,Active,52698.0,2025-03-19,44.32,Paid
1017,Customer_1017,Retail,2024-05-07,Active,52982.0,2025-03-06,351.3,Paid
1017,Customer_1017,Retail,2024-05-07,Active,54035.0,2025-01-06,29.29,Paid
1018,Customer_1018,SMB,2024-09-19,Active,51762.0,2025-02-01,27.52,Paid
1018,Customer_1018,SMB,2024-09-19,Active,52049.0,2025-01-09,195.0,Paid
1018,Customer_1018,SMB,2024-09-19,Active,52916.0,2025-01-27,238.12,Paid
1018,Customer_1018,SMB,2024-09-19,Active,52935.0,2025-01-15,406.46,Paid
1018,Customer_1018,SMB,2024-09-19,Active,54986.0,2025-02-02,415.64,Paid
1019,Customer_1019,Retail,2024-08-18,Active,50245.0,2025-02-23,78.37,Processing
1019,Customer_1019,Retail,2024-08-18,Active,50343.0,2025-02-02,56.29,Paid
1019,Customer_1019,Retail,2024-08-18,Active,50626.0,2025-02-24,26.53,Paid
1019,Customer_1019,Retail,2024-08-18,Active,50959.0,2025-03-10,119.35,Paid
1019,Customer_1019,Retail,2024-08-18,Active,52379.0,2025-02-19,81.17,Processing
1019,Customer_1019,Retail,2024-08-18,Active,53865.0,2025-02-04,250.88,Paid
1019,Customer_1019,Retail,2024-08-18,Active,53868.0,2025-02-23,93.08,Processing
1019,Customer_1019,Retail,2024-08-18,Active,54611.0,2025-03-27,88.44,Paid
1020,Customer_1020,Retail,2024-11-23,Active,50956.0,2025-03-03,132.42,Paid
1020,Customer_1020,Retail,2024-11-23,Active,53119.0,2025-02-04,207.37,Paid
1020,Customer_1020,Retail,2024-11-23,Active,53603.0,2025-01-19,235.3,Paid
1021,Customer_1021,SMB,2024-02-20,Active,50041.0,2025-02-23,433.38,Paid
1021,Customer_1021,SMB,2024-02-20,Active,50774.0,2025-03-17,128.58,Paid
1021,Customer_1021,SMB,2024-02-20,Active,51161.0,2025-01-14,139.75,Paid
1021,Customer_1021,SMB,2024-02-20,Active,51676.0,2025-01-26,21.44,Processing
1021,Customer_1021,SMB,2024-02-20,Active,52000.0,2025-02-12,106.88,Processing
1021,Customer_1021,SMB,2024-02-20,Active,52874.0,2025-02-14,23.87,Refunded
1021,Customer_1021,SMB,2024-02-20,Active,54233.0,2025-01-12,293.81,Refunded
1022,Customer_1022,Retail,2024-07-03,Active,50010.0,2025-01-27,69.73,Paid
1022,Customer_1022,Retail,2024-07-03,Active,50248.0,2025-01-18,246.22,Paid
1022,Customer_1022,Retail,2024-07-03,Active,53142.0,2025-01-16,46.26,Paid
1022,Customer_1022,Retail,2024-07-03,Active,54876.0,2025-01-26,149.58,Paid
1023,Customer_1023,Retail,2024-02-27,Active,,,,
1024,Customer_1024,Retail,2024-10-07,Dormant,50606.0,2025-01-07,357.44,Refunded
1024,Customer_1024,Retail,2024-10-07,Dormant,51312.0,2025-02-21,350.4,Paid
1024,Customer_1024,Retail,2024-10-07,Dormant,51728.0,2025-01-23,167.39,Paid
1024,Customer_1024,Retail,2024-10-07,Dormant,51888.0,2025-03-11,205.01,Paid
1025,Customer_1025,Retail,2024-01-14,Active,50022.0,2025-03-23,380.42,Paid
1025,Customer_1025,Retail,2024-01-14,Active,50640.0,2025-02-02,532.85,Paid
1025,Customer_1025,Retail,2024-01-14,Active,51380.0,2025-02-15,207.73,Processing
1025,Customer_1025,Retail,2024-01-14,Active,51576.0,2025-01-17,23.5,Paid
1025,Customer_1025,Retail,2024-01-14,Active,51739.0,2025-03-18,116.55,Paid
1025,Customer_1025,Retail,2024-01-14,Active,52101.0,2025-01-23,181.1,Paid
1025,Customer_1025,Retail,2024-01-14,Active,52649.0,2025-03-01,121.72,Paid
1025,Customer_1025,Retail,2024-01-14,Active,53315.0,2025-02-26,82.2,Processing
1025,Customer_1025,Retail,2024-01-14,Active,53342.0,2025-03-12,350.19,Paid
1025,Customer_1025,Retail,2024-01-14,Active,53469.0,2025-02-13,98.38,Paid
1026,Customer_1026,SMB,2024-08-03,Active,51012.0,2025-03-14,76.22,Paid
1026,Customer_1026,SMB,2024-08-03,Active,51104.0,2025-01-09,102.81,Paid
1026,Customer_1026,SMB,2024-08-03,Active,51138.0,2025-02-27,34.12,Paid
1026,Customer_1026,SMB,2024-08-03,Active,51536.0,2025-02-17,37.84,Paid
1026,Customer_1026,SMB,2024-08-03,Active,52419.0,2025-01-06,234.7,Paid
1026,Customer_1026,SMB,2024-08-03,Active,53496.0,2025-01-04,31.79,Refunded
1026,Customer_1026,SMB,2024-08-03,Active,54009.0,2025-01-25,92.77,Paid
1026,Customer_1026,SMB,2024-08-03,Active,54598.0,2025-03-16,229.2,Paid
1027,Customer_1027,Retail,2024-12-13,Active,50200.0,2025-02-12,94.22,Paid
1027,Customer_1027,Retail,2024-12-13,Active,50316.0,2025-03-11,254.03,Paid
1027,Customer_1027,Retail,2024-12-13,Active,51788.0,2025-03-22,88.91,Paid
1027,Customer_1027,Retail,2024-12-13,Active,52836.0,2025-03-18,54.35,Paid
1027,Customer_1027,Retail,2024-12-13,Active,53408.0,2025-01-12,111.0,Paid
1027,Customer_1027,Retail,2024-12-13,Active,54951.0,2025-01-21,102.46,Paid
1028,Customer_1028,SMB,2024-02-03,Active,50653.0,2025-02-10,130.68,Refunded
1028,Customer_1028,SMB,2024-02-03,Active,50697.0,2025-02-14,66.91,Paid
1028,Customer_1028,SMB,2024-02-03,Active,52193.0,2025-03-25,45.4,Paid
1028,Customer_1028,SMB,2024-02-03,Active,53135.0,2025-03-24,235.59,Refunded
1029,Customer_1029,SMB,2024-05-11,Active,50461.0,2025-02-17,121.53,Paid
1029,Customer_1029,SMB,2024-05-11,Active,51407.0,2025-03-27,150.58,Paid
1029,Customer_1029,SMB,2024-05-11,Active,51978.0,2025-01-01,74.51,Processing
1029,Customer_1029,SMB,2024-05-11,Active,52303.0,2025-01-13,89.97,Processing
1029,Customer_1029,SMB,2024-05-11,Active,53212.0,2025-02-19,150.5,Paid
1029,Customer_1029,SMB,2024-05-11,Active,53806.0,2025-03-10,273.23,Paid
1029,Customer_1029,SMB,2024-05-11,Active,54466.0,2025-03-14,193.09,Paid
1029,Customer_1029,SMB,2024-05-11,Active,54936.0,2025-01-18,29.04,Processing
1030,Customer_1030,Retail,2024-08-26,Active,52862.0,2025-03-09,164.48,Paid
1030,Customer_1030,Retail,2024-08-26,Active,52987.0,2025-01-10,37.52,Paid
1030,Customer_1030,Retail,2024-08-26,Active,53274.0,2025-01-10,344.2,Paid
1030,Customer_1030,Retail,2024-08-26,Active,53649.0,2025-02-25,136.83,Processing
1030,Customer_1030,Retail,2024-08-26,Active,54795.0,2025-01-06,309.37,Paid
1031,Customer_1031,SMB,2024-07-23,Active,51611.0,2025-02-10,289.4,Paid
1031,Customer_1031,SMB,2024-07-23,Active,51719.0,2025-02-13,51.47,Refunded
1031,Customer_1031,SMB,2024-07-23,Active,51793.0,2025-02-18,31.95,Paid
1031,Customer_1031,SMB,2024-07-23,Active,53430.0,2025-01-24,116.23,Paid
1031,Customer_1031,SMB,2024-07-23,Active,53557.0,2025-03-08,122.06,Paid
1032,Customer_1032,Retail,2024-12-07,Active,50223.0,2025-03-25,83.5,Paid
1032,Customer_1032,Retail,2024-12-07,Active,51462.0,2025-01-08,141.67,Paid
1032,Customer_1032,Retail,2024-12-07,Active,51526.0,2025-03-23,70.93,Refunded
1032,Customer_1032,Retail,2024-12-07,Active,54209.0,2025-01-15,104.83,Paid
1032,Customer_1032,Retail,2024-12-07,Active,54915.0,2025-01-01,386.46,Paid
1033,Customer_1033,Retail,2024-08-17,Active,53350.0,2025-01-18,192.05,Paid
1034,Customer_1034,Enterprise,2024-04-22,Active,52973.0,2025-03-08,384.79,Paid
1034,Customer_1034,Enterprise,2024-04-22,Active,54087.0,2025-02-04,280.72,Paid
1035,Customer_1035,VIP,2024-09-13,Active,50580.0,2025-01-02,131.47,Refunded
1035,Customer_1035,VIP,2024-09-13,Active,52601.0,2025-02-13,167.48,Processing
1035,Customer_1035,VIP,2024-09-13,Active,53091.0,2025-02-24,312.39,Paid
1035,Customer_1035,VIP,2024-09-13,Active,53504.0,2025-03-03,306.73,Processing
1036,Customer_1036,Enterprise,2024-02-01,Active,50495.0,2025-03-21,230.69,Paid
1036,Customer_1036,Enterprise,2024-02-01,Active,52801.0,2025-02-05,23.34,Paid
1036,Customer_1036,Enterprise,2024-02-01,Active,53689.0,2025-03-12,67.89,Paid
1037,Customer_1037,Retail,2024-10-12,Active,52917.0,2025-03-05,56.39,Paid
1037,Customer_1037,Retail,2024-10-12,Active,53982.0,2025-02-16,58.92,Processing
1037,Customer_1037,Retail,2024-10-12,Active,54057.0,2025-03-01,165.86,Paid
1038,Customer_1038,Retail,2024-02-23,Pending,50123.0,2025-01-25,25.46,Paid
1038,Customer_1038,Retail,2024-02-23,Pending,52261.0,2025-01-14,156.88,Paid
1038,Customer_1038,Retail,2024-02-23,Pending,54624.0,2025-02-27,327.53,Paid
1039,Customer_1039,SMB,2024-03-10,Active,50116.0,2025-01-20,255.2,Paid
1039,Customer_1039,SMB,2024-03-10,Active,50265.0,2025-02-12,71.56,Processing
1039,Customer_1039,SMB,2024-03-10,Active,51042.0,2025-02-03,114.7,Paid
1039,Customer_1039,SMB,2024-03-10,Active,52009.0,2025-02-01,339.97,Paid
1039,Customer_1039,SMB,2024-03-10,Active,52851.0,2025-01-04,21.39,Paid
1039,Customer_1039,SMB,2024-03-10,Active,53389.0,2025-01-19,422.31,Paid
1039,Customer_1039,SMB,2024-03-10,Active,54462.0,2025-01-13,466.77,Paid
1039,Customer_1039,SMB,2024-03-10,Active,54821.0,2025-02-06,281.63,Paid
1040,Customer_1040,Retail,2024-02-27,Active,50396.0,2025-03-18,236.06,Paid
1040,Customer_1040,Retail,2024-02-27,Active,50839.0,2025-03-05,356.49,Paid
1040,Customer_1040,Retail,2024-02-27,Active,51353.0,2025-01-19,424.6,Paid
1040,Customer_1040,Retail,2024-02-27,Active,51626.0,2025-03-04,114.42,Paid
1040,Customer_1040,Retail,2024-02-27,Active,54629.0,2025-01-26,211.45,Paid
1041,Customer_1041,Retail,2024-07-13,Active,51412.0,2025-03-09,28.79,Paid
1041,Customer_1041,Retail,2024-07-13,Active,52206.0,2025-02-02,205.77,Refunded
1042,Customer_1042,Retail,2024-02-03,Dormant,50665.0,2025-01-13,154.26,Paid
1042,Customer_1042,Retail,2024-02-03,Dormant,50907.0,2025-03-09,163.33,Paid
1042,Customer_1042,Retail,2024-02-03,Dormant,51669.0,2025-01-11,103.96,Paid
1042,Customer_1042,Retail,2024-02-03,Dormant,52133.0,2025-01-16,43.99,Paid
1042,Customer_1042,Retail,2024-02-03,Dormant,52540.0,2025-02-09,93.06,Refunded
1042,Customer_1042,Retail,2024-02-03,Dormant,52907.0,2025-02-26,82.37,Paid
1042,Customer_1042,Retail,2024-02-03,Dormant,54092.0,2025-02-07,464.08,Paid
1042,Customer_1042,Retail,2024-02-03,Dormant,54261.0,2025-01-26,128.52,Paid
1042,Customer_1042,Retail,2024-02-03,Dormant,54567.0,2025-03-05,115.76,Paid
1043,Customer_1043,Retail,2024-11-07,Active,52074.0,2025-01-19,76.73,Paid
1043,Customer_1043,Retail,2024-11-07,Active,52627.0,2025-01-23,219.99,Paid
1043,Customer_1043,Retail,2024-11-07,Active,53567.0,2025-03-21,123.2,Paid
1043,Customer_1043,Retail,2024-11-07,Active,54063.0,2025-02-24,135.02,Paid
1043,Customer_1043,Retail,2024-11-07,Active,54906.0,2025-02-14,63.76,Refunded
1044,Customer_1044,Enterprise,2024-04-17,Active,51016.0,2025-03-15,174.09,Paid
1044,Customer_1044,Enterprise,2024-04-17,Active,51417.0,2025-01-09,36.74,Paid
1044,Customer_1044,Enterprise,2024-04-17,Active,51979.0,2025-01-04,28.16,Processing
1044,Customer_1044,Enterprise,2024-04-17,Active,52852.0,2025-02-06,59.22,Paid
1044,Customer_1044,Enterprise,2024-04-17,Active,54309.0,2025-01-16,106.5,Paid
1044,Customer_1044,Enterprise,2024-04-17,Active,54438.0,2025-02-23,195.36,Paid
1045,Customer_1045,Retail,2024-05-12,Active,51288.0,2025-02-08,35.62,Processing
1045,Customer_1045,Retail,2024-05-12,Active,51785.0,2025-02-17,234.67,Paid
1045,Customer_1045,Retail,2024-05-12,Active,52491.0,2025-01-06,294.11,Paid
1045,Customer_1045,Retail,2024-05-12,Active,53424.0,2025-02-26,230.11,Paid
1045,Customer_1045,Retail,2024-05-12,Active,53866.0,2025-03-08,37.9,Paid
1045,Customer_1045,Retail,2024-05-12,Active,53938.0,2025-03-26,70.98,Paid
1046,Customer_1046,SMB,2024-09-16,Active,51981.0,2025-03-11,211.73,Paid
1046,Customer_1046,SMB,2024-09-16,Active,52167.0,2025-02-04,87.84,Paid
1046,Customer_1046,SMB,2024-09-16,Active,52327.0,2025-02-23,126.5,Processing
1046,Customer_1046,SMB,2024-09-16,Active,54893.0,2025-03-16,300.85,Refunded
1047,Customer_1047,Retail,2024-08-12,Active,50536.0,2025-02-12,28.57,Refunded
1047,Customer_1047,Retail,2024-08-12,Active,51890.0,2025-02-01,185.12,Paid
1047,Customer_1047,Retail,2024-08-12,Active,52112.0,2025-03-26,83.73,Paid
1047,Customer_1047,Retail,2024-08-12,Active,52245.0,2025-01-03,120.88,Paid
1047,Customer_1047,Retail,2024-08-12,Active,53963.0,2025-03-19,70.25,Paid
1048,Customer_1048,SMB,2024-09-10,Active,50181.0,2025-01-24,86.94,Paid
1048,Customer_1048,SMB,2024-09-10,Active,50505.0,2025-02-21,152.79,Paid
1048,Customer_1048,SMB,2024-09-10,Active,51405.0,2025-02-02,412.97,Paid
1048,Customer_1048,SMB,2024-09-10,Active,54019.0,2025-03-16,123.1,Paid
1048,Customer_1048,SMB,2024-09-10,Active,54118.0,2025-01-21,58.59,Paid
1049,Customer_1049,SMB,2024-09-07,Pending,50297.0,2025-01-01,47.88,Paid
1049,Customer_1049,SMB,2024-09-07,Pending,51779.0,2025-02-26,95.19,Paid
1049,Customer_1049,SMB,2024-09-07,Pending,52116.0,2025-03-19,66.0,Paid
1049,Customer_1049,SMB,2024-09-07,Pending,53056.0,2025-03-15,743.43,Processing
1049,Customer_1049,SMB,2024-09-07,Pending,54008.0,2025-03-22,44.31,Paid
1049,Customer_1049,SMB,2024-09-07,Pending,54183.0,2025-01-05,459.96,Paid
1049,Customer_1049,SMB,2024-09-07,Pending,54273.0,2025-03-05,47.2,Paid
1050,Customer_1050,Retail,2024-04-05,Active,50157.0,2025-01-22,498.34,Paid
1050,Customer_1050,Retail,2024-04-05,Active,50378.0,2025-02-17,138.5,Paid
1050,Customer_1050,Retail,2024-04-05,Active,50938.0,2025-03-22,85.2,Paid
1050,Customer_1050,Retail,2024-04-05,Active,51205.0,2025-03-21,54.19,Paid
1050,Customer_1050,Retail,2024-04-05,Active,52180.0,2025-01-09,309.06,Paid
1050,Customer_1050,Retail,2024-04-05,Active,53096.0,2025-01-05,890.72,Paid
1051,Customer_1051,VIP,2024-01-17,Active,51217.0,2025-01-22,57.46,Paid
1051,Customer_1051,VIP,2024-01-17,Active,51915.0,2025-01-04,79.67,Paid
1051,Customer_1051,VIP,2024-01-17,Active,52834.0,2025-03-07,263.58,Paid
1051,Customer_1051,VIP,2024-01-17,Active,53331.0,2025-01-24,352.13,Paid
1051,Customer_1051,VIP,2024-01-17,Active,53619.0,2025-03-19,140.68,Paid
1052,Customer_1052,SMB,2024-03-13,Dormant,50247.0,2025-01-05,204.73,Paid
1052,Customer_1052,SMB,2024-03-13,Dormant,50855.0,2025-03-20,70.42,Paid
1052,Customer_1052,SMB,2024-03-13,Dormant,51836.0,2025-02-26,97.23,Paid
1052,Customer_1052,SMB,2024-03-13,Dormant,52370.0,2025-01-20,127.36,Paid
1052,Customer_1052,SMB,2024-03-13,Dormant,53481.0,2025-03-26,37.85,Paid
1052,Customer_1052,SMB,2024-03-13,Dormant,54284.0,2025-01-24,402.46,Refunded
1052,Customer_1052,SMB,2024-03-13,Dormant,54900.0,2025-02-05,150.19,Paid
1053,Customer_1053,Enterprise,2024-08-18,Active,51306.0,2025-01-07,79.1,Paid
1053,Customer_1053,Enterprise,2024-08-18,Active,51379.0,2025-02-24,111.24,Paid
1053,Customer_1053,Enterprise,2024-08-18,Active,52095.0,2025-03-16,98.74,Refunded
1053,Customer_1053,Enterprise,2024-08-18,Active,52802.0,2025-02-25,55.72,Paid
1054,Customer_1054,Enterprise,2024-04-18,Active,50279.0,2025-02-11,34.67,Paid
1054,Customer_1054,Enterprise,2024-04-18,Active,50898.0,2025-03-19,25.02,Paid
1054,Customer_1054,Enterprise,2024-04-18,Active,52879.0,2025-03-27,125.5,Paid
1054,Customer_1054,Enterprise,2024-04-18,Active,53040.0,2025-01-01,235.45,Paid
1054,Customer_1054,Enterprise,2024-04-18,Active,54870.0,2025-03-02,51.8,Paid
1055,Customer_1055,SMB,2024-05-25,Active,50905.0,2025-03-24,85.54,Paid
1055,Customer_1055,SMB,2024-05-25,Active,52934.0,2025-02-16,180.07,Paid
1056,Customer_1056,Enterprise,2024-01-21,Active,50289.0,2025-02-12,31.66,Paid
1056,Customer_1056,Enterprise,2024-01-21,Active,50560.0,2025-03-14,272.64,Paid
1056,Customer_1056,Enterprise,2024-01-21,Active,52603.0,2025-03-13,200.93,Processing
1056,Customer_1056,Enterprise,2024-01-21,Active,53156.0,2025-02-24,517.84,Paid
1056,Customer_1056,Enterprise,2024-01-21,Active,53492.0,2025-03-14,318.19,Paid
1056,Customer_1056,Enterprise,2024-01-21,Active,53870.0,2025-03-09,271.28,Paid
1056,Customer_1056,Enterprise,2024-01-21,Active,54096.0,2025-03-01,321.22,Paid
1056,Customer_1056,Enterprise,2024-01-21,Active,54482.0,2025-01-08,73.22,Paid
1057,Customer_1057,Retail,2024-09-15,Active,50272.0,2025-02-21,202.66,Paid
1057,Customer_1057,Retail,2024-09-15,Active,50469.0,2025-01-03,95.53,Paid
1057,Customer_1057,Retail,2024-09-15,Active,50717.0,2025-03-10,224.26,Processing
1057,Customer_1057,Retail,2024-09-15,Active,50744.0,2025-02-14,25.8,Paid
1057,Customer_1057,Retail,2024-09-15,Active,50813.0,2025-03-12,35.72,Refunded
1057,Customer_1057,Retail,2024-09-15,Active,51715.0,2025-02-11,71.63,Paid
1057,Customer_1057,Retail,2024-09-15,Active,51929.0,2025-03-08,138.79,Paid
1057,Customer_1057,Retail,2024-09-15,Active,52965.0,2025-01-20,61.23,Paid
1058,Customer_1058,Retail,2024-01-25,Dormant,50097.0,2025-01-13,405.52,Processing
1058,Customer_1058,Retail,2024-01-25,Dormant,50124.0,2025-02-23,22.62,Paid
1058,Customer_1058,Retail,2024-01-25,Dormant,50195.0,2025-02-16,87.23,Paid
1058,Customer_1058,Retail,2024-01-25,Dormant,50242.0,2025-02-15,53.33,Paid
1058,Customer_1058,Retail,2024-01-25,Dormant,51854.0,2025-03-04,29.61,Paid
1058,Customer_1058,Retail,2024-01-25,Dormant,52577.0,2025-03-13,183.08,Paid
1058,Customer_1058,Retail,2024-01-25,Dormant,52637.0,2025-01-09,103.6,Paid
1058,Customer_1058,Retail,2024-01-25,Dormant,52642.0,2025-01-19,64.43,Paid
1058,Customer_1058,Retail,2024-01-25,Dormant,53260.0,2025-02-25,111.6,Paid
1058,Customer_1058,Retail,2024-01-25,Dormant,54956.0,2025-02-23,60.05,Paid
1058,Customer_1058,Retail,2024-01-25,Dormant,54979.0,2025-03-13,158.76,Paid
1059,Customer_1059,Retail,2024-08-04,Active,50310.0,2025-03-12,49.62,Paid
1059,Customer_1059,Retail,2024-08-04,Active,50477.0,2025-01-09,299.97,Paid
1059,Customer_1059,Retail,2024-08-04,Active,50616.0,2025-03-08,105.75,Processing
1059,Customer_1059,Retail,2024-08-04,Active,51483.0,2025-03-05,84.06,Paid
1059,Customer_1059,Retail,2024-08-04,Active,52027.0,2025-02-04,58.31,Paid
1059,Customer_1059,Retail,2024-08-04,Active,52437.0,2025-01-08,36.21,Paid
1059,Customer_1059,Retail,2024-08-04,Active,54120.0,2025-02-13,317.75,Paid
1059,Customer_1059,Retail,2024-08-04,Active,54442.0,2025-01-10,43.7,Paid
1060,Customer_1060,Retail,2024-12-27,Active,50488.0,2025-03-01,444.58,Paid
1060,Customer_1060,Retail,2024-12-27,Active,53186.0,2025-02-05,34.35,Paid
1060,Customer_1060,Retail,2024-12-27,Active,53479.0,2025-03-08,195.43,Paid
1060,Customer_1060,Retail,2024-12-27,Active,54636.0,2025-03-08,351.66,Paid
1061,Customer_1061,Retail,2024-10-05,Active,51902.0,2025-01-21,185.18,Paid
1061,Customer_1061,Retail,2024-10-05,Active,52964.0,2025-01-12,72.71,Refunded
1062,Customer_1062,Retail,2024-05-11,Pending,50582.0,2025-02-27,37.67,Paid
1062,Customer_1062,Retail,2024-05-11,Pending,52292.0,2025-03-04,182.42,Paid
1062,Customer_1062,Retail,2024-05-11,Pending,52674.0,2025-02-18,63.08,Paid
1062,Customer_1062,Retail,2024-05-11,Pending,53183.0,2025-02-18,189.72,Paid
1062,Customer_1062,Retail,2024-05-11,Pending,53770.0,2025-01-27,62.59,Paid
1063,Customer_1063,Enterprise,2024-12-06,Dormant,50964.0,2025-01-16,267.71,Paid
1063,Customer_1063,Enterprise,2024-12-06,Dormant,50997.0,2025-01-04,153.41,Paid
1063,Customer_1063,Enterprise,2024-12-06,Dormant,51392.0,2025-01-09,45.08,Paid
1063,Customer_1063,Enterprise,2024-12-06,Dormant,51925.0,2025-03-18,551.62,Paid
1064,Customer_1064,Retail,2024-07-24,Pending,50908.0,2025-01-12,78.2,Paid
1064,Customer_1064,Retail,2024-07-24,Pending,51150.0,2025-03-08,213.82,Paid
1064,Customer_1064,Retail,2024-07-24,Pending,52872.0,2025-03-09,145.14,Paid
1064,Customer_1064,Retail,2024-07-24,Pending,53670.0,2025-01-26,46.24,Paid
1064,Customer_1064,Retail,2024-07-24,Pending,53948.0,2025-03-27,201.54,Paid
1064,Customer_1064,Retail,2024-07-24,Pending,54674.0,2025-02-16,151.66,Paid
1065,Customer_1065,Retail,2024-08-11,Active,51661.0,2025-03-03,56.84,Paid
1065,Customer_1065,Retail,2024-08-11,Active,51806.0,2025-03-13,173.75,Paid
1065,Customer_1065,Retail,2024-08-11,Active,52763.0,2025-01-16,24.36,Paid
1065,Customer_1065,Retail,2024-08-11,Active,53106.0,2025-02-14,733.04,Paid
1065,Customer_1065,Retail,2024-08-11,Active,53446.0,2025-01-24,32.24,Paid
1066,Customer_1066,SMB,2024-02-25,Active,50674.0,2025-02-20,310.01,Paid
1066,Customer_1066,SMB,2024-02-25,Active,50690.0,2025-01-16,785.22,Processing
1066,Customer_1066,SMB,2024-02-25,Active,51116.0,2025-01-23,87.04,Paid
1066,Customer_1066,SMB,2024-02-25,Active,53382.0,2025-03-06,101.74,Paid
1066,Customer_1066,SMB,2024-02-25,Active,53758.0,2025-02-23,218.32,Refunded
1066,Customer_1066,SMB,2024-02-25,Active,54013.0,2025-03-18,76.92,Paid
1066,Customer_1066,SMB,2024-02-25,Active,54049.0,2025-02-21,288.59,Paid
1067,Customer_1067,Retail,2024-07-20,Active,51662.0,2025-01-01,49.15,Paid
1067,Customer_1067,Retail,2024-07-20,Active,52685.0,2025-01-15,576.25,Paid
1067,Customer_1067,Retail,2024-07-20,Active,53321.0,2025-03-01,555.52,Paid
1067,Customer_1067,Retail,2024-07-20,Active,54546.0,2025-03-02,64.24,Paid
1068,Customer_1068,Enterprise,2024-04-27,Active,51114.0,2025-01-08,57.58,Paid
1068,Customer_1068,Enterprise,2024-04-27,Active,51730.0,2025-02-03,190.78,Paid
1068,Customer_1068,Enterprise,2024-04-27,Active,52453.0,2025-03-22,91.01,Paid
1068,Customer_1068,Enterprise,2024-04-27,Active,52694.0,2025-01-20,104.03,Paid
1068,Customer_1068,Enterprise,2024-04-27,Active,52868.0,2025-01-17,80.93,Paid
1068,Customer_1068,Enterprise,2024-04-27,Active,53996.0,2025-02-23,457.09,Paid
1068,Customer_1068,Enterprise,2024-04-27,Active,54903.0,2025-03-27,76.93,Paid
1069,Customer_1069,Retail,2024-08-20,Active,51238.0,2025-03-17,236.22,Paid
1069,Customer_1069,Retail,2024-08-20,Active,51725.0,2025-01-13,85.59,Paid
1069,Customer_1069,Retail,2024-08-20,Active,52490.0,2025-02-21,166.61,Paid
1069,Customer_1069,Retail,2024-08-20,Active,53052.0,2025-03-03,86.45,Paid
1069,Customer_1069,Retail,2024-08-20,Active,53077.0,2025-01-25,135.53,Paid
1069,Customer_1069,Retail,2024-08-20,Active,53308.0,2025-01-07,82.53,Paid
1069,Customer_1069,Retail,2024-08-20,Active,53627.0,2025-03-10,123.15,Paid
1069,Customer_1069,Retail,2024-08-20,Active,53826.0,2025-03-07,233.65,Paid
1069,Customer_1069,Retail,2024-08-20,Active,53858.0,2025-02-05,187.65,Paid
1069,Customer_1069,Retail,2024-08-20,Active,54160.0,2025-02-10,70.48,Paid
1069,Customer_1069,Retail,2024-08-20,Active,54355.0,2025-01-01,71.42,Paid
1069,Customer_1069,Retail,2024-08-20,Active,54892.0,2025-03-16,140.51,Paid
1070,Customer_1070,VIP,2024-06-21,Active,50035.0,2025-01-15,246.11,Paid
1070,Customer_1070,VIP,2024-06-21,Active,51983.0,2025-02-12,168.96,Refunded
1070,Customer_1070,VIP,2024-06-21,Active,52021.0,2025-03-13,30.19,Paid
1070,Customer_1070,VIP,2024-06-21,Active,52114.0,2025-03-05,210.66,Paid
1070,Customer_1070,VIP,2024-06-21,Active,54047.0,2025-02-25,61.31,Paid
1070,Customer_1070,VIP,2024-06-21,Active,54744.0,2025-01-14,37.84,Paid
1070,Customer_1070,VIP,2024-06-21,Active,54772.0,2025-01-27,45.24,Paid
1071,Customer_1071,SMB,2024-03-13,Active,50722.0,2025-02-03,143.21,Paid
1071,Customer_1071,SMB,2024-03-13,Active,50962.0,2025-01-12,78.86,Refunded
1071,Customer_1071,SMB,2024-03-13,Active,51946.0,2025-01-27,33.36,Paid
1071,Customer_1071,SMB,2024-03-13,Active,52188.0,2025-02-12,411.66,Paid
1071,Customer_1071,SMB,2024-03-13,Active,52267.0,2025-03-01,20.19,Paid
1071,Customer_1071,SMB,2024-03-13,Active,53247.0,2025-03-24,126.93,Paid
1071,Customer_1071,SMB,2024-03-13,Active,53285.0,2025-03-14,92.68,Paid
1071,Customer_1071,SMB,2024-03-13,Active,53324.0,2025-03-02,61.1,Refunded
1071,Customer_1071,SMB,2024-03-13,Active,54263.0,2025-03-20,30.79,Paid
1072,Customer_1072,Retail,2024-10-11,Active,51190.0,2025-02-09,94.93,Paid
1072,Customer_1072,Retail,2024-10-11,Active,51343.0,2025-03-18,48.45,Paid
1072,Customer_1072,Retail,2024-10-11,Active,51776.0,2025-02-03,89.73,Paid
1072,Customer_1072,Retail,2024-10-11,Active,52316.0,2025-03-22,721.59,Paid
1072,Customer_1072,Retail,2024-10-11,Active,52318.0,2025-01-08,227.7,Processing
1072,Customer_1072,Retail,2024-10-11,Active,53083.0,2025-02-10,479.53,Paid
1072,Customer_1072,Retail,2024-10-11,Active,53893.0,2025-03-20,386.07,Paid
1072,Customer_1072,Retail,2024-10-11,Active,54945.0,2025-03-20,385.75,Paid
1073,Customer_1073,Retail,2024-02-25,Active,50383.0,2025-02-21,121.31,Paid
1073,Customer_1073,Retail,2024-02-25,Active,50781.0,2025-02-04,326.38,Processing
1073,Customer_1073,Retail,2024-02-25,Active,51148.0,2025-02-17,125.76,Paid
1073,Customer_1073,Retail,2024-02-25,Active,51566.0,2025-01-04,157.06,Paid
1073,Customer_1073,Retail,2024-02-25,Active,52305.0,2025-01-13,129.31,Paid
1073,Customer_1073,Retail,2024-02-25,Active,53793.0,2025-03-20,100.24,Paid
1073,Customer_1073,Retail,2024-02-25,Active,53833.0,2025-01-20,107.86,Paid
1073,Customer_1073,Retail,2024-02-25,Active,53998.0,2025-03-01,249.11,Paid
1073,Customer_1073,Retail,2024-02-25,Active,54274.0,2025-02-20,28.19,Paid
1073,Customer_1073,Retail,2024-02-25,Active,54382.0,2025-01-27,25.23,Processing
1073,Customer_1073,Retail,2024-02-25,Active,54548.0,2025-02-19,128.95,Paid
1074,Customer_1074,Enterprise,2024-10-09,Active,50126.0,2025-03-15,52.68,Paid
1074,Customer_1074,Enterprise,2024-10-09,Active,50544.0,2025-01-21,118.45,Processing
1074,Customer_1074,Enterprise,2024-10-09,Active,50771.0,2025-02-24,62.59,Paid
1074,Customer_1074,Enterprise,2024-10-09,Active,51097.0,2025-02-18,228.92,Paid
1074,Customer_1074,Enterprise,2024-10-09,Active,51658.0,2025-03-18,104.5,Paid
1074,Customer_1074,Enterprise,2024-10-09,Active,51703.0,2025-02-03,128.29,Paid
1074,Customer_1074,Enterprise,2024-10-09,Active,52409.0,2025-02-23,46.19,Processing
1075,Customer_1075,SMB,2024-01-26,Active,50557.0,2025-02-01,165.39,Paid
1075,Customer_1075,SMB,2024-01-26,Active,50961.0,2025-03-05,43.92,Paid
1075,Customer_1075,SMB,2024-01-26,Active,52122.0,2025-02-26,569.03,Paid
1075,Customer_1075,SMB,2024-01-26,Active,52488.0,2025-02-23,245.01,Paid
1075,Customer_1075,SMB,2024-01-26,Active,53536.0,2025-02-23,114.28,Refunded
1075,Customer_1075,SMB,2024-01-26,Active,53674.0,2025-03-25,349.13,Processing
1075,Customer_1075,SMB,2024-01-26,Active,54074.0,2025-03-04,72.48,Paid
1075,Customer_1075,SMB,2024-01-26,Active,54320.0,2025-03-17,77.41,Processing
1076,Customer_1076,SMB,2024-03-24,Active,51105.0,2025-01-17,121.72,Processing
1076,Customer_1076,SMB,2024-03-24,Active,51212.0,2025-01-05,118.08,Paid
1076,Customer_1076,SMB,2024-03-24,Active,51568.0,2025-03-09,117.98,Paid
1076,Customer_1076,SMB,2024-03-24,Active,52380.0,2025-01-11,190.06,Paid
1076,Customer_1076,SMB,2024-03-24,Active,53093.0,2025-02-14,44.53,Refunded
1076,Customer_1076,SMB,2024-03-24,Active,53149.0,2025-01-01,92.08,Paid
1076,Customer_1076,SMB,2024-03-24,Active,53361.0,2025-02-01,160.11,Paid
1076,Customer_1076,SMB,2024-03-24,Active,53900.0,2025-02-13,103.49,Paid
1077,Customer_1077,SMB,2024-06-05,Active,51009.0,2025-01-11,20.61,Paid
1077,Customer_1077,SMB,2024-06-05,Active,54831.0,2025-02-04,280.23,Refunded
1078,Customer_1078,Retail,2024-05-22,Active,50756.0,2025-02-18,46.66,Paid
1078,Customer_1078,Retail,2024-05-22,Active,50857.0,2025-02-09,114.92,Paid
1078,Customer_1078,Retail,2024-05-22,Active,51476.0,2025-02-11,130.92,Paid
1078,Customer_1078,Retail,2024-05-22,Active,52867.0,2025-01-04,412.47,Paid
1078,Customer_1078,Retail,2024-05-22,Active,52881.0,2025-01-23,53.83,Paid
1078,Customer_1078,Retail,2024-05-22,Active,53971.0,2025-02-12,63.5,Paid
1079,Customer_1079,Retail,2024-07-17,Active,50130.0,2025-02-03,79.1,Paid
1079,Customer_1079,Retail,2024-07-17,Active,51271.0,2025-02-22,98.17,Paid
1079,Customer_1079,Retail,2024-07-17,Active,51547.0,2025-03-18,320.34,Processing
1079,Customer_1079,Retail,2024-07-17,Active,51919.0,2025-03-22,281.82,Paid
1079,Customer_1079,Retail,2024-07-17,Active,52073.0,2025-03-06,43.98,Paid
1079,Customer_1079,Retail,2024-07-17,Active,52325.0,2025-01-06,340.9,Paid
1079,Customer_1079,Retail,2024-07-17,Active,52693.0,2025-02-20,76.76,Paid
1079,Customer_1079,Retail,2024-07-17,Active,53722.0,2025-02-15,226.55,Paid
1079,Customer_1079,Retail,2024-07-17,Active,54739.0,2025-01-23,315.56,Paid
1079,Customer_1079,Retail,2024-07-17,Active,54962.0,2025-01-16,256.59,Paid
1080,Customer_1080,Retail,2024-09-03,Active,53240.0,2025-02-04,67.52,Processing
1080,Customer_1080,Retail,2024-09-03,Active,53921.0,2025-03-19,55.15,Processing
1081,Customer_1081,Enterprise,2024-04-26,Active,50357.0,2025-01-25,291.05,Paid
1081,Customer_1081,Enterprise,2024-04-26,Active,51551.0,2025-01-01,82.99,Paid
1081,Customer_1081,Enterprise,2024-04-26,Active,53189.0,2025-01-19,278.55,Paid
1082,Customer_1082,SMB,2024-01-27,Dormant,50496.0,2025-02-18,43.61,Paid
1082,Customer_1082,SMB,2024-01-27,Dormant,51073.0,2025-03-25,244.5,Paid
1082,Customer_1082,SMB,2024-01-27,Dormant,51254.0,2025-03-02,168.45,Paid
1082,Customer_1082,SMB,2024-01-27,Dormant,51565.0,2025-02-09,118.14,Paid
1082,Customer_1082,SMB,2024-01-27,Dormant,51862.0,2025-01-09,241.53,Paid
1082,Customer_1082,SMB,2024-01-27,Dormant,52226.0,2025-03-25,490.8,Paid
1082,Customer_1082,SMB,2024-01-27,Dormant,53079.0,2025-03-05,804.72,Paid
1082,Customer_1082,SMB,2024-01-27,Dormant,53445.0,2025-01-11,28.17,Paid
1082,Customer_1082,SMB,2024-01-27,Dormant,53951.0,2025-03-18,80.29,Paid
1083,Customer_1083,Retail,2024-10-03,Active,51248.0,2025-03-06,59.22,Paid
1083,Customer_1083,Retail,2024-10-03,Active,52214.0,2025-02-15,176.97,Paid
1083,Customer_1083,Retail,2024-10-03,Active,53551.0,2025-02-20,23.69,Paid
1083,Customer_1083,Retail,2024-10-03,Active,54535.0,2025-02-24,340.07,Paid
1083,Customer_1083,Retail,2024-10-03,Active,54895.0,2025-03-18,106.46,Paid
1084,Customer_1084,Retail,2024-02-18,Active,50051.0,2025-01-18,41.07,Paid
1084,Customer_1084,Retail,2024-02-18,Active,50694.0,2025-02-15,70.24,Paid
1084,Customer_1084,Retail,2024-02-18,Active,51303.0,2025-02-25,655.24,Paid
1084,Customer_1084,Retail,2024-02-18,Active,52521.0,2025-01-17,213.3,Paid
1084,Customer_1084,Retail,2024-02-18,Active,53606.0,2025-02-19,412.47,Paid
1084,Customer_1084,Retail,2024-02-18,Active,54221.0,2025-01-25,399.49,Paid
1085,Customer_1085,Retail,2024-01-24,Active,51446.0,2025-03-21,87.32,Paid
1085,Customer_1085,Retail,2024-01-24,Active,51881.0,2025-02-18,303.83,Paid
1085,Customer_1085,Retail,2024-01-24,Active,51973.0,2025-01-21,58.76,Paid
1085,Customer_1085,Retail,2024-01-24,Active,52403.0,2025-03-06,178.44,Paid
1085,Customer_1085,Retail,2024-01-24,Active,52676.0,2025-01-08,481.55,Paid
1085,Customer_1085,Retail,2024-01-24,Active,53335.0,2025-02-13,47.15,Paid
1085,Customer_1085,Retail,2024-01-24,Active,54556.0,2025-01-18,82.76,Paid
1086,Customer_1086,Retail,2024-03-03,Active,50020.0,2025-01-01,192.69,Paid
1086,Customer_1086,Retail,2024-03-03,Active,50550.0,2025-01-09,412.74,Paid
1086,Customer_1086,Retail,2024-03-03,Active,51972.0,2025-03-06,341.69,Paid
1086,Customer_1086,Retail,2024-03-03,Active,52091.0,2025-03-23,43.45,Paid
1086,Customer_1086,Retail,2024-03-03,Active,52412.0,2025-01-25,112.23,Paid
1087,Customer_1087,SMB,2024-06-13,Active,50202.0,2025-02-27,64.03,Paid
1087,Customer_1087,SMB,2024-06-13,Active,52012.0,2025-02-11,91.05,Paid
1087,Customer_1087,SMB,2024-06-13,Active,52285.0,2025-03-18,45.65,Paid
1087,Customer_1087,SMB,2024-06-13,Active,52646.0,2025-02-10,501.71,Paid
1087,Customer_1087,SMB,2024-06-13,Active,54721.0,2025-02-24,403.03,Paid
1088,Customer_1088,SMB,2024-08-15,Active,51005.0,2025-03-01,103.64,Paid
1088,Customer_1088,SMB,2024-08-15,Active,51920.0,2025-02-05,109.84,Paid
1088,Customer_1088,SMB,2024-08-15,Active,52020.0,2025-02-04,37.97,Paid
1088,Customer_1088,SMB,2024-08-15,Active,52570.0,2025-02-02,349.78,Paid
1088,Customer_1088,SMB,2024-08-15,Active,52949.0,2025-01-27,86.92,Paid
1088,Customer_1088,SMB,2024-08-15,Active,54502.0,2025-01-22,112.43,Paid
1089,Customer_1089,Enterprise,2024-09-09,Dormant,51999.0,2025-03-15,191.94,Paid
1089,Customer_1089,Enterprise,2024-09-09,Dormant,53160.0,2025-03-12,455.87,Processing
1090,Customer_1090,Retail,2024-04-14,Active,50259.0,2025-03-15,130.53,Paid
1090,Customer_1090,Retail,2024-04-14,Active,50323.0,2025-03-13,670.01,Paid
1090,Customer_1090,Retail,2024-04-14,Active,51175.0,2025-02-19,217.72,Paid
1090,Customer_1090,Retail,2024-04-14,Active,51297.0,2025-02-07,164.39,Paid
1090,Customer_1090,Retail,2024-04-14,Active,52328.0,2025-01-14,176.18,Paid
1090,Customer_1090,Retail,2024-04-14,Active,52896.0,2025-01-10,297.9,Paid
1090,Customer_1090,Retail,2024-04-14,Active,53150.0,2025-01-08,561.43,Paid
1090,Customer_1090,Retail,2024-04-14,Active,53794.0,2025-03-12,124.61,Paid
1090,Customer_1090,Retail,2024-04-14,Active,53846.0,2025-03-16,25.01,Paid
1090,Customer_1090,Retail,2024-04-14,Active,54762.0,2025-02-06,25.86,Paid
1090,Customer_1090,Retail,2024-04-14,Active,54843.0,2025-02-13,26.61,Paid
1091,Customer_1091,Retail,2024-05-02,Pending,50277.0,2025-03-24,45.59,Paid
1091,Customer_1091,Retail,2024-05-02,Pending,54436.0,2025-03-25,76.88,Paid
1091,Customer_1091,Retail,2024-05-02,Pending,54561.0,2025-01-07,229.27,Paid
1091,Customer_1091,Retail,2024-05-02,Pending,54926.0,2025-01-27,52.44,Paid
1092,Customer_1092,SMB,2024-11-09,Active,51322.0,2025-02-26,132.03,Paid
1092,Customer_1092,SMB,2024-11-09,Active,52791.0,2025-03-01,104.13,Paid
1092,Customer_1092,SMB,2024-11-09,Active,52963.0,2025-01-12,633.68,Paid
1092,Customer_1092,SMB,2024-11-09,Active,53512.0,2025-01-18,135.59,Paid
1092,Customer_1092,SMB,2024-11-09,Active,53887.0,2025-03-05,147.46,Paid
1092,Customer_1092,SMB,2024-11-09,Active,54529.0,2025-01-06,196.76,Paid
1092,Customer_1092,SMB,2024-11-09,Active,54597.0,2025-02-25,115.13,Paid
1093,Customer_1093,SMB,2024-08-03,Active,51918.0,2025-02-10,384.18,Paid
1093,Customer_1093,SMB,2024-08-03,Active,51954.0,2025-02-02,273.61,Paid
1093,Customer_1093,SMB,2024-08-03,Active,52932.0,2025-03-08,160.5,Processing
1093,Customer_1093,SMB,2024-08-03,Active,53307.0,2025-01-01,42.36,Paid
1093,Customer_1093,SMB,2024-08-03,Active,53345.0,2025-02-14,139.37,Paid
1093,Customer_1093,SMB,2024-08-03,Active,53582.0,2025-01-09,205.24,Paid
1093,Customer_1093,SMB,2024-08-03,Active,54311.0,2025-02-02,152.27,Paid
1093,Customer_1093,SMB,2024-08-03,Active,54433.0,2025-01-04,526.04,Paid
1093,Customer_1093,SMB,2024-08-03,Active,54590.0,2025-02-27,46.53,Paid
1094,Customer_1094,SMB,2024-11-09,Dormant,50229.0,2025-01-21,99.92,Paid
1094,Customer_1094,SMB,2024-11-09,Dormant,50348.0,2025-03-06,121.12,Paid
1094,Customer_1094,SMB,2024-11-09,Dormant,54756.0,2025-02-08,198.94,Processing
1094,Customer_1094,SMB,2024-11-09,Dormant,54970.0,2025-03-10,49.05,Paid
1095,Customer_1095,SMB,2024-03-25,Active,51967.0,2025-01-03,99.22,Paid
1095,Customer_1095,SMB,2024-03-25,Active,52085.0,2025-02-19,48.35,Refunded
1095,Customer_1095,SMB,2024-03-25,Active,52371.0,2025-01-15,46.22,Paid
1095,Customer_1095,SMB,2024-03-25,Active,52947.0,2025-02-06,136.28,Paid
1096,Customer_1096,Retail,2024-02-12,Active,50425.0,2025-02-27,91.68,Paid
1096,Customer_1096,Retail,2024-02-12,Active,52413.0,2025-02-23,41.79,Paid
1096,Customer_1096,Retail,2024-02-12,Active,52541.0,2025-01-08,83.06,Paid
1096,Customer_1096,Retail,2024-02-12,Active,52708.0,2025-02-21,34.16,Paid
1096,Customer_1096,Retail,2024-02-12,Active,53636.0,2025-03-12,31.17,Processing
1096,Customer_1096,Retail,2024-02-12,Active,53932.0,2025-01-17,156.4,Processing
1097,Customer_1097,SMB,2024-10-09,Active,50333.0,2025-01-14,72.67,Paid
1097,Customer_1097,SMB,2024-10-09,Active,52486.0,2025-02-27,65.3,Paid
1097,Customer_1097,SMB,2024-10-09,Active,53746.0,2025-02-23,36.21,Paid
1097,Customer_1097,SMB,2024-10-09,Active,53791.0,2025-01-05,242.32,Paid
1097,Customer_1097,SMB,2024-10-09,Active,54749.0,2025-02-19,122.85,Refunded
1098,Customer_1098,Retail,2024-08-25,Active,52677.0,2025-02-19,340.74,Paid
1098,Customer_1098,Retail,2024-08-25,Active,53041.0,2025-03-06,479.23,Paid
1098,Customer_1098,Retail,2024-08-25,Active,53648.0,2025-02-22,71.9,Paid
1098,Customer_1098,Retail,2024-08-25,Active,54490.0,2025-03-12,269.99,Processing
1098,Customer_1098,Retail,2024-08-25,Active,54922.0,2025-02-19,326.06,Paid
1099,Customer_1099,Retail,2024-05-11,Active,50732.0,2025-02-02,87.43,Paid
1099,Customer_1099,Retail,2024-05-11,Active,51325.0,2025-03-07,418.15,Paid
1099,Customer_1099,Retail,2024-05-11,Active,51652.0,2025-03-05,168.06,Paid
1099,Customer_1099,Retail,2024-05-11,Active,51713.0,2025-01-19,121.34,Paid
1099,Customer_1099,Retail,2024-05-11,Active,52216.0,2025-02-27,56.89,Paid
1099,Customer_1099,Retail,2024-05-11,Active,52959.0,2025-03-09,284.7,Paid
1100,Customer_1100,Retail,2024-11-02,Active,51402.0,2025-01-27,363.61,Paid
1100,Customer_1100,Retail,2024-11-02,Active,51564.0,2025-01-20,162.96,Paid
1100,Customer_1100,Retail,2024-11-02,Active,51958.0,2025-01-08,160.63,Paid
1100,Customer_1100,Retail,2024-11-02,Active,52692.0,2025-01-25,580.05,Refunded
1101,Customer_1101,Retail,2024-08-15,Active,50543.0,2025-02-12,159.69,Paid
1101,Customer_1101,Retail,2024-08-15,Active,51304.0,2025-01-19,88.62,Paid
1101,Customer_1101,Retail,2024-08-15,Active,51574.0,2025-03-03,74.28,Processing
1101,Customer_1101,Retail,2024-08-15,Active,51782.0,2025-01-25,147.97,Paid
1101,Customer_1101,Retail,2024-08-15,Active,52368.0,2025-01-26,80.3,Processing
1101,Customer_1101,Retail,2024-08-15,Active,52422.0,2025-02-12,185.63,Processing
1101,Customer_1101,Retail,2024-08-15,Active,52626.0,2025-03-05,245.24,Paid
1101,Customer_1101,Retail,2024-08-15,Active,53174.0,2025-01-06,119.32,Paid
1101,Customer_1101,Retail,2024-08-15,Active,53422.0,2025-01-27,370.78,Paid
1101,Customer_1101,Retail,2024-08-15,Active,54026.0,2025-03-21,160.53,Refunded
1101,Customer_1101,Retail,2024-08-15,Active,54853.0,2025-03-22,39.89,Paid
1102,Customer_1102,SMB,2024-06-08,Active,51014.0,2025-01-07,288.0,Paid
1102,Customer_1102,SMB,2024-06-08,Active,52220.0,2025-02-06,235.35,Paid
1102,Customer_1102,SMB,2024-06-08,Active,52994.0,2025-02-13,59.84,Paid
1103,Customer_1103,Retail,2024-11-05,Active,50405.0,2025-03-04,78.87,Paid
1103,Customer_1103,Retail,2024-11-05,Active,50601.0,2025-02-26,132.42,Refunded
1103,Customer_1103,Retail,2024-11-05,Active,50932.0,2025-03-09,59.46,Paid
1103,Customer_1103,Retail,2024-11-05,Active,52136.0,2025-03-05,51.15,Paid
1103,Customer_1103,Retail,2024-11-05,Active,52841.0,2025-01-03,214.29,Paid
1103,Customer_1103,Retail,2024-11-05,Active,53011.0,2025-03-17,130.8,Paid
1103,Customer_1103,Retail,2024-11-05,Active,53934.0,2025-01-23,52.14,Processing
1104,Customer_1104,SMB,2024-10-18,Active,50591.0,2025-03-25,103.6,Paid
1104,Customer_1104,SMB,2024-10-18,Active,52130.0,2025-01-27,181.59,Paid
1104,Customer_1104,SMB,2024-10-18,Active,52607.0,2025-03-19,227.41,Paid
1104,Customer_1104,SMB,2024-10-18,Active,53264.0,2025-03-18,186.21,Paid
1104,Customer_1104,SMB,2024-10-18,Active,54896.0,2025-02-18,115.35,Paid
1105,Customer_1105,Enterprise,2024-06-05,Active,52312.0,2025-02-24,65.55,Paid
1105,Customer_1105,Enterprise,2024-06-05,Active,53640.0,2025-02-18,241.35,Paid
1105,Customer_1105,Enterprise,2024-06-05,Active,53642.0,2025-02-09,22.74,Paid
1105,Customer_1105,Enterprise,2024-06-05,Active,54303.0,2025-03-27,118.87,Paid
1105,Customer_1105,Enterprise,2024-06-05,Active,54563.0,2025-03-25,647.39,Paid
1105,Customer_1105,Enterprise,2024-06-05,Active,54898.0,2025-03-09,91.65,Processing
1106,Customer_1106,Retail,2024-12-16,Active,50443.0,2025-02-03,53.69,Paid
1106,Customer_1106,Retail,2024-12-16,Active,51279.0,2025-02-03,59.15,Processing
1106,Customer_1106,Retail,2024-12-16,Active,51365.0,2025-03-14,174.57,Paid
1106,Customer_1106,Retail,2024-12-16,Active,52131.0,2025-03-26,29.16,Paid
1106,Customer_1106,Retail,2024-12-16,Active,52201.0,2025-02-11,446.31,Paid
1106,Customer_1106,Retail,2024-12-16,Active,52732.0,2025-03-18,149.35,Paid
1106,Customer_1106,Retail,2024-12-16,Active,53136.0,2025-01-03,211.42,Paid
1106,Customer_1106,Retail,2024-12-16,Active,53333.0,2025-02-26,101.42,Paid
1106,Customer_1106,Retail,2024-12-16,Active,54157.0,2025-02-02,92.24,Paid
1106,Customer_1106,Retail,2024-12-16,Active,54883.0,2025-03-02,490.86,Paid
1107,Customer_1107,Retail,2024-12-05,Active,52144.0,2025-02-25,70.82,Paid
1107,Customer_1107,Retail,2024-12-05,Active,52184.0,2025-01-13,66.48,Paid
1107,Customer_1107,Retail,2024-12-05,Active,52207.0,2025-03-06,171.59,Paid
1107,Customer_1107,Retail,2024-12-05,Active,54742.0,2025-02-01,178.69,Paid
1108,Customer_1108,SMB,2024-01-18,Active,50599.0,2025-03-10,264.12,Paid
1108,Customer_1108,SMB,2024-01-18,Active,52679.0,2025-02-25,176.17,Paid
1108,Customer_1108,SMB,2024-01-18,Active,52797.0,2025-01-26,177.33,Paid
1108,Customer_1108,SMB,2024-01-18,Active,53540.0,2025-03-25,103.49,Paid
1108,Customer_1108,SMB,2024-01-18,Active,54032.0,2025-02-18,36.72,Paid
1108,Customer_1108,SMB,2024-01-18,Active,54086.0,2025-01-15,92.1,Refunded
1109,Customer_1109,Retail,2024-08-13,Pending,50071.0,2025-01-17,37.28,Paid
1109,Customer_1109,Retail,2024-08-13,Pending,50427.0,2025-01-24,178.82,Paid
1109,Customer_1109,Retail,2024-08-13,Pending,50695.0,2025-03-16,108.6,Paid
1109,Customer_1109,Retail,2024-08-13,Pending,52736.0,2025-02-17,121.31,Processing
1109,Customer_1109,Retail,2024-08-13,Pending,52950.0,2025-02-19,113.53,Paid
1109,Customer_1109,Retail,2024-08-13,Pending,54278.0,2025-02-11,186.53,Paid
1109,Customer_1109,Retail,2024-08-13,Pending,54602.0,2025-03-20,278.52,Processing
1110,Customer_1110,Retail,2024-03-26,Active,51142.0,2025-03-20,258.32,Paid
1110,Customer_1110,Retail,2024-03-26,Active,52690.0,2025-01-06,249.0,Processing
1110,Customer_1110,Retail,2024-03-26,Active,52943.0,2025-03-06,618.92,Paid
1110,Customer_1110,Retail,2024-03-26,Active,54060.0,2025-03-06,102.73,Refunded
1111,Customer_1111,Retail,2024-03-24,Active,50171.0,2025-03-02,83.39,Paid
1111,Customer_1111,Retail,2024-03-24,Active,50307.0,2025-02-23,70.31,Paid
1111,Customer_1111,Retail,2024-03-24,Active,51876.0,2025-01-21,340.11,Paid
1111,Customer_1111,Retail,2024-03-24,Active,51896.0,2025-02-07,353.88,Paid
1111,Customer_1111,Retail,2024-03-24,Active,53259.0,2025-01-18,122.12,Paid
1111,Customer_1111,Retail,2024-03-24,Active,53338.0,2025-01-24,93.02,Processing
1111,Customer_1111,Retail,2024-03-24,Active,54641.0,2025-02-20,377.68,Refunded
1111,Customer_1111,Retail,2024-03-24,Active,54793.0,2025-03-20,77.09,Processing
1112,Customer_1112,Retail,2024-08-02,Active,50380.0,2025-02-09,129.06,Paid
1112,Customer_1112,Retail,2024-08-02,Active,50884.0,2025-02-21,42.11,Paid
1112,Customer_1112,Retail,2024-08-02,Active,51003.0,2025-01-19,288.0,Paid
1112,Customer_1112,Retail,2024-08-02,Active,51237.0,2025-01-26,30.21,Paid
1112,Customer_1112,Retail,2024-08-02,Active,51324.0,2025-01-24,422.37,Processing
1112,Customer_1112,Retail,2024-08-02,Active,51453.0,2025-01-21,471.42,Paid
1112,Customer_1112,Retail,2024-08-02,Active,51927.0,2025-03-21,40.51,Paid
1112,Customer_1112,Retail,2024-08-02,Active,52431.0,2025-03-26,29.06,Paid
1112,Customer_1112,Retail,2024-08-02,Active,52656.0,2025-02-08,68.98,Paid
1112,Customer_1112,Retail,2024-08-02,Active,53054.0,2025-02-13,45.93,Processing
1112,Customer_1112,Retail,2024-08-02,Active,53560.0,2025-01-27,200.79,Paid
1112,Customer_1112,Retail,2024-08-02,Active,54746.0,2025-02-07,758.75,Paid
1113,Customer_1113,Enterprise,2024-08-27,Active,50255.0,2025-01-17,186.28,Paid
1113,Customer_1113,Enterprise,2024-08-27,Active,51061.0,2025-03-13,146.01,Processing
1113,Customer_1113,Enterprise,2024-08-27,Active,52921.0,2025-02-22,36.79,Paid
1113,Customer_1113,Enterprise,2024-08-27,Active,53098.0,2025-01-27,43.58,Paid
1113,Customer_1113,Enterprise,2024-08-27,Active,54582.0,2025-03-25,50.92,Paid
1114,Customer_1114,Enterprise,2024-01-06,Active,50401.0,2025-01-13,131.32,Paid
1114,Customer_1114,Enterprise,2024-01-06,Active,50423.0,2025-03-06,26.65,Paid
1114,Customer_1114,Enterprise,2024-01-06,Active,51035.0,2025-02-21,145.41,Paid
1114,Customer_1114,Enterprise,2024-01-06,Active,51546.0,2025-02-20,218.92,Paid
1114,Customer_1114,Enterprise,2024-01-06,Active,52024.0,2025-01-15,387.88,Paid
1114,Customer_1114,Enterprise,2024-01-06,Active,52365.0,2025-03-14,26.8,Paid
1114,Customer_1114,Enterprise,2024-01-06,Active,54407.0,2025-02-27,21.97,Paid
1114,Customer_1114,Enterprise,2024-01-06,Active,54961.0,2025-01-23,82.0,Paid
1115,Customer_1115,SMB,2024-08-19,Active,50090.0,2025-02-21,857.58,Paid
1115,Customer_1115,SMB,2024-08-19,Active,51352.0,2025-03-09,136.84,Paid
1115,Customer_1115,SMB,2024-08-19,Active,51778.0,2025-02-10,148.51,Paid
1115,Customer_1115,SMB,2024-08-19,Active,52633.0,2025-02-11,330.85,Paid
1115,Customer_1115,SMB,2024-08-19,Active,53455.0,2025-02-24,244.02,Paid
1115,Customer_1115,SMB,2024-08-19,Active,54559.0,2025-02-17,25.85,Paid
1116,Customer_1116,Enterprise,2024-08-01,Active,50234.0,2025-03-08,472.29,Paid
1116,Customer_1116,Enterprise,2024-08-01,Active,51090.0,2025-03-07,248.75,Paid
1116,Customer_1116,Enterprise,2024-08-01,Active,52310.0,2025-01-13,148.77,Processing
1116,Customer_1116,Enterprise,2024-08-01,Active,53018.0,2025-03-08,1016.15,Paid
1116,Customer_1116,Enterprise,2024-08-01,Active,53488.0,2025-01-22,61.68,Paid
1116,Customer_1116,Enterprise,2024-08-01,Active,53632.0,2025-02-15,54.03,Refunded
1116,Customer_1116,Enterprise,2024-08-01,Active,54332.0,2025-02-09,23.84,Paid
1117,Customer_1117,Enterprise,2024-11-27,Active,50579.0,2025-03-05,56.93,Paid
1117,Customer_1117,Enterprise,2024-11-27,Active,50978.0,2025-01-02,171.71,Paid
1117,Customer_1117,Enterprise,2024-11-27,Active,50994.0,2025-03-15,72.31,Paid
1117,Customer_1117,Enterprise,2024-11-27,Active,51128.0,2025-03-03,342.06,Paid
1117,Customer_1117,Enterprise,2024-11-27,Active,51517.0,2025-03-20,203.45,Paid
1117,Customer_1117,Enterprise,2024-11-27,Active,51673.0,2025-01-01,252.82,Paid
1117,Customer_1117,Enterprise,2024-11-27,Active,52251.0,2025-03-02,56.75,Processing
1117,Customer_1117,Enterprise,2024-11-27,Active,52264.0,2025-02-04,41.42,Paid
1118,Customer_1118,Retail,2024-09-13,Pending,50859.0,2025-01-26,253.61,Paid
1118,Customer_1118,Retail,2024-09-13,Pending,50974.0,2025-02-02,211.48,Processing
1118,Customer_1118,Retail,2024-09-13,Pending,51372.0,2025-03-06,304.65,Paid
1118,Customer_1118,Retail,2024-09-13,Pending,51603.0,2025-02-24,96.88,Paid
1118,Customer_1118,Retail,2024-09-13,Pending,52599.0,2025-03-26,343.35,Paid
1118,Customer_1118,Retail,2024-09-13,Pending,53776.0,2025-01-07,148.48,Paid
1118,Customer_1118,Retail,2024-09-13,Pending,54401.0,2025-02-25,191.21,Paid
1119,Customer_1119,Enterprise,2024-11-13,Pending,50033.0,2025-02-02,169.84,Paid
1119,Customer_1119,Enterprise,2024-11-13,Pending,52329.0,2025-01-15,129.11,Refunded
1119,Customer_1119,Enterprise,2024-11-13,Pending,52706.0,2025-01-23,83.88,Processing
1119,Customer_1119,Enterprise,2024-11-13,Pending,54847.0,2025-02-06,281.92,Paid
1120,Customer_1120,SMB,2024-09-21,Dormant,52031.0,2025-03-20,239.62,Paid
1120,Customer_1120,SMB,2024-09-21,Dormant,52157.0,2025-02-08,246.96,Paid
1120,Customer_1120,SMB,2024-09-21,Dormant,52269.0,2025-01-05,221.94,Paid
1120,Customer_1120,SMB,2024-09-21,Dormant,52703.0,2025-02-14,34.69,Paid
1120,Customer_1120,SMB,2024-09-21,Dormant,54993.0,2025-01-06,882.7,Refunded
1121,Customer_1121,Enterprise,2024-10-04,Active,50273.0,2025-01-24,192.19,Paid
1121,Customer_1121,Enterprise,2024-10-04,Active,52778.0,2025-01-20,447.48,Paid
1121,Customer_1121,Enterprise,2024-10-04,Active,52849.0,2025-03-10,21.83,Processing
1121,Customer_1121,Enterprise,2024-10-04,Active,53387.0,2025-01-24,337.78,Paid
1121,Customer_1121,Enterprise,2024-10-04,Active,54775.0,2025-01-02,273.38,Paid
1122,Customer_1122,Enterprise,2024-11-06,Active,51893.0,2025-03-16,100.04,Paid
1122,Customer_1122,Enterprise,2024-11-06,Active,53278.0,2025-03-24,57.39,Paid
1122,Customer_1122,Enterprise,2024-11-06,Active,54468.0,2025-01-08,157.65,Paid
1122,Customer_1122,Enterprise,2024-11-06,Active,54510.0,2025-01-23,44.57,Paid
1122,Customer_1122,Enterprise,2024-11-06,Active,54802.0,2025-03-04,118.92,Paid
1123,Customer_1123,Retail,2024-12-07,Active,50152.0,2025-03-17,215.87,Paid
1123,Customer_1123,Retail,2024-12-07,Active,50211.0,2025-03-21,45.21,Paid
1123,Customer_1123,Retail,2024-12-07,Active,50503.0,2025-03-18,210.07,Paid
1123,Customer_1123,Retail,2024-12-07,Active,51342.0,2025-01-20,197.74,Paid
1123,Customer_1123,Retail,2024-12-07,Active,51775.0,2025-01-01,175.11,Paid
1123,Customer_1123,Retail,2024-12-07,Active,52011.0,2025-01-23,68.52,Paid
1123,Customer_1123,Retail,2024-12-07,Active,54117.0,2025-03-24,173.2,Paid
1123,Customer_1123,Retail,2024-12-07,Active,54379.0,2025-01-21,153.73,Paid
1124,Customer_1124,Retail,2024-05-11,Active,51789.0,2025-03-08,344.31,Paid
1124,Customer_1124,Retail,2024-05-11,Active,54508.0,2025-02-01,70.77,Paid
1125,Customer_1125,Retail,2024-10-25,Active,50824.0,2025-02-16,532.24,Paid
1125,Customer_1125,Retail,2024-10-25,Active,51043.0,2025-01-18,222.36,Paid
1125,Customer_1125,Retail,2024-10-25,Active,51821.0,2025-02-17,110.7,Paid
1125,Customer_1125,Retail,2024-10-25,Active,52314.0,2025-03-24,148.67,Paid
1125,Customer_1125,Retail,2024-10-25,Active,53187.0,2025-01-26,32.02,Paid
1125,Customer_1125,Retail,2024-10-25,Active,53801.0,2025-03-01,221.04,Paid
1125,Customer_1125,Retail,2024-10-25,Active,54135.0,2025-02-18,298.39,Paid
1126,Customer_1126,Retail,2024-03-23,Active,50570.0,2025-03-04,393.31,Paid
1126,Customer_1126,Retail,2024-03-23,Active,51447.0,2025-01-27,231.89,Paid
1126,Customer_1126,Retail,2024-03-23,Active,51926.0,2025-01-08,147.97,Paid
1126,Customer_1126,Retail,2024-03-23,Active,52366.0,2025-03-09,57.47,Refunded
1126,Customer_1126,Retail,2024-03-23,Active,52725.0,2025-01-10,74.81,Paid
1126,Customer_1126,Retail,2024-03-23,Active,52861.0,2025-03-22,54.35,Refunded
1126,Customer_1126,Retail,2024-03-23,Active,53428.0,2025-02-01,31.03,Paid
1127,Customer_1127,Enterprise,2024-10-10,Active,50407.0,2025-03-07,359.31,Paid
1127,Customer_1127,Enterprise,2024-10-10,Active,51045.0,2025-03-06,228.42,Paid
1127,Customer_1127,Enterprise,2024-10-10,Active,51599.0,2025-03-21,48.07,Processing
1128,Customer_1128,Enterprise,2024-11-21,Active,51900.0,2025-01-11,228.66,Paid
1128,Customer_1128,Enterprise,2024-11-21,Active,52224.0,2025-02-13,217.64,Paid
1128,Customer_1128,Enterprise,2024-11-21,Active,52513.0,2025-02-13,192.68,Processing
1128,Customer_1128,Enterprise,2024-11-21,Active,52966.0,2025-01-21,172.44,Refunded
1128,Customer_1128,Enterprise,2024-11-21,Active,54430.0,2025-03-18,49.52,Paid
1128,Customer_1128,Enterprise,2024-11-21,Active,54453.0,2025-02-08,106.27,Paid
1128,Customer_1128,Enterprise,2024-11-21,Active,54671.0,2025-03-04,81.08,Paid
1129,Customer_1129,Retail,2024-07-18,Active,50106.0,2025-02-13,219.01,Paid
1129,Customer_1129,Retail,2024-07-18,Active,51503.0,2025-02-04,128.37,Paid
1129,Customer_1129,Retail,2024-07-18,Active,52496.0,2025-02-01,450.71,Paid
1129,Customer_1129,Retail,2024-07-18,Active,52639.0,2025-02-06,63.82,Paid
1129,Customer_1129,Retail,2024-07-18,Active,53961.0,2025-02-03,198.27,Processing
1129,Customer_1129,Retail,2024-07-18,Active,53964.0,2025-03-23,185.56,Paid
1129,Customer_1129,Retail,2024-07-18,Active,54073.0,2025-01-19,291.7,Paid
1129,Customer_1129,Retail,2024-07-18,Active,54156.0,2025-01-03,124.21,Paid
1129,Customer_1129,Retail,2024-07-18,Active,54987.0,2025-01-18,193.89,Paid
1130,Customer_1130,SMB,2024-04-02,Active,50999.0,2025-02-12,362.82,Paid
1130,Customer_1130,SMB,2024-04-02,Active,51302.0,2025-01-20,22.9,Refunded
1130,Customer_1130,SMB,2024-04-02,Active,51537.0,2025-02-15,91.96,Paid
1130,Customer_1130,SMB,2024-04-02,Active,51692.0,2025-03-23,200.83,Paid
1130,Customer_1130,SMB,2024-04-02,Active,51869.0,2025-01-07,268.78,Paid
1130,Customer_1130,SMB,2024-04-02,Active,51952.0,2025-01-19,390.01,Paid
1130,Customer_1130,SMB,2024-04-02,Active,52463.0,2025-03-01,576.83,Paid
1130,Customer_1130,SMB,2024-04-02,Active,52996.0,2025-02-10,111.15,Refunded
1130,Customer_1130,SMB,2024-04-02,Active,53221.0,2025-01-07,108.31,Paid
1130,Customer_1130,SMB,2024-04-02,Active,53261.0,2025-02-08,21.22,Paid
1130,Customer_1130,SMB,2024-04-02,Active,53297.0,2025-01-10,208.97,Paid
1130,Customer_1130,SMB,2024-04-02,Active,53460.0,2025-01-19,71.32,Paid
1131,Customer_1131,Retail,2024-12-07,Active,50583.0,2025-03-09,257.46,Paid
1131,Customer_1131,Retail,2024-12-07,Active,53299.0,2025-01-22,307.09,Paid
1131,Customer_1131,Retail,2024-12-07,Active,53416.0,2025-02-10,121.03,Paid
1132,Customer_1132,Retail,2024-02-13,Pending,51366.0,2025-01-10,95.19,Paid
1132,Customer_1132,Retail,2024-02-13,Pending,51659.0,2025-02-22,38.27,Paid
1132,Customer_1132,Retail,2024-02-13,Pending,51734.0,2025-01-14,92.95,Paid
1132,Customer_1132,Retail,2024-02-13,Pending,51897.0,2025-02-06,325.09,Paid
1132,Customer_1132,Retail,2024-02-13,Pending,54359.0,2025-01-14,276.35,Processing
1132,Customer_1132,Retail,2024-02-13,Pending,54594.0,2025-02-24,152.58,Paid
1132,Customer_1132,Retail,2024-02-13,Pending,54722.0,2025-02-22,52.78,Paid
1133,Customer_1133,Retail,2024-11-17,Active,52530.0,2025-02-16,96.08,Paid
1133,Customer_1133,Retail,2024-11-17,Active,52909.0,2025-01-16,104.1,Paid
1133,Customer_1133,Retail,2024-11-17,Active,52956.0,2025-03-13,24.99,Paid
1133,Customer_1133,Retail,2024-11-17,Active,54579.0,2025-01-18,174.94,Paid
1134,Customer_1134,Retail,2024-09-17,Active,51423.0,2025-01-23,87.51,Paid
1134,Customer_1134,Retail,2024-09-17,Active,51569.0,2025-03-01,180.98,Paid
1134,Customer_1134,Retail,2024-09-17,Active,51677.0,2025-02-14,529.07,Paid
1134,Customer_1134,Retail,2024-09-17,Active,52944.0,2025-03-12,167.04,Paid
1134,Customer_1134,Retail,2024-09-17,Active,54093.0,2025-01-27,147.86,Paid
1134,Customer_1134,Retail,2024-09-17,Active,54296.0,2025-01-21,40.61,Paid
1134,Customer_1134,Retail,2024-09-17,Active,54932.0,2025-02-27,28.89,Processing
1135,Customer_1135,Enterprise,2024-08-02,Active,50874.0,2025-01-10,152.93,Paid
1135,Customer_1135,Enterprise,2024-08-02,Active,51102.0,2025-01-11,140.22,Paid
1135,Customer_1135,Enterprise,2024-08-02,Active,52259.0,2025-02-01,57.33,Paid
1135,Customer_1135,Enterprise,2024-08-02,Active,52293.0,2025-01-21,114.88,Paid
1135,Customer_1135,Enterprise,2024-08-02,Active,52787.0,2025-02-08,359.5,Paid
1136,Customer_1136,Retail,2024-12-24,Active,50168.0,2025-01-18,413.86,Paid
1136,Customer_1136,Retail,2024-12-24,Active,50937.0,2025-01-13,170.24,Paid
1136,Customer_1136,Retail,2024-12-24,Active,51916.0,2025-01-21,114.6,Paid
1137,Customer_1137,SMB,2024-03-16,Active,50775.0,2025-03-12,215.99,Paid
1137,Customer_1137,SMB,2024-03-16,Active,50925.0,2025-03-06,34.09,Paid
1137,Customer_1137,SMB,2024-03-16,Active,52719.0,2025-01-04,291.84,Paid
1137,Customer_1137,SMB,2024-03-16,Active,53815.0,2025-02-14,351.04,Paid
1137,Customer_1137,SMB,2024-03-16,Active,54432.0,2025-01-10,122.43,Paid
1138,Customer_1138,SMB,2024-06-19,Active,50555.0,2025-01-10,76.57,Paid
1138,Customer_1138,SMB,2024-06-19,Active,50684.0,2025-01-17,90.73,Paid
1138,Customer_1138,SMB,2024-06-19,Active,50836.0,2025-03-25,190.23,Paid
1138,Customer_1138,SMB,2024-06-19,Active,53266.0,2025-02-01,33.45,Paid
1139,Customer_1139,Retail,2024-07-10,Active,50373.0,2025-03-11,162.51,Paid
1139,Customer_1139,Retail,2024-07-10,Active,50386.0,2025-03-09,92.44,Paid
1139,Customer_1139,Retail,2024-07-10,Active,52182.0,2025-02-04,246.16,Paid
1139,Customer_1139,Retail,2024-07-10,Active,53607.0,2025-02-07,23.71,Paid
1139,Customer_1139,Retail,2024-07-10,Active,53875.0,2025-02-25,53.81,Refunded
1139,Customer_1139,Retail,2024-07-10,Active,54758.0,2025-02-12,78.36,Paid
1140,Customer_1140,VIP,2024-09-02,Active,50204.0,2025-03-01,28.76,Paid
1140,Customer_1140,VIP,2024-09-02,Active,50205.0,2025-02-08,153.04,Paid
1140,Customer_1140,VIP,2024-09-02,Active,52788.0,2025-03-09,196.28,Paid
1140,Customer_1140,VIP,2024-09-02,Active,53144.0,2025-03-07,155.75,Paid
1140,Customer_1140,VIP,2024-09-02,Active,54153.0,2025-01-06,40.64,Paid
1140,Customer_1140,VIP,2024-09-02,Active,54779.0,2025-02-24,219.4,Paid
1141,Customer_1141,VIP,2024-12-15,Active,50806.0,2025-01-14,262.88,Paid
1141,Customer_1141,VIP,2024-12-15,Active,50917.0,2025-01-02,36.31,Paid
1141,Customer_1141,VIP,2024-12-15,Active,52200.0,2025-01-22,47.76,Paid
1141,Customer_1141,VIP,2024-12-15,Active,53922.0,2025-03-02,30.41,Paid
1141,Customer_1141,VIP,2024-12-15,Active,54122.0,2025-01-17,64.38,Paid
1141,Customer_1141,VIP,2024-12-15,Active,54343.0,2025-02-19,54.63,Paid
1142,Customer_1142,Retail,2024-05-22,Active,54113.0,2025-03-07,297.97,Paid
1143,Customer_1143,Retail,2024-04-20,Active,50669.0,2025-03-06,212.19,Paid
1143,Customer_1143,Retail,2024-04-20,Active,50870.0,2025-03-05,288.22,Paid
1143,Customer_1143,Retail,2024-04-20,Active,51210.0,2025-01-04,273.26,Paid
1143,Customer_1143,Retail,2024-04-20,Active,51261.0,2025-03-10,43.96,Paid
1143,Customer_1143,Retail,2024-04-20,Active,54205.0,2025-03-07,37.74,Paid
1143,Customer_1143,Retail,2024-04-20,Active,54577.0,2025-02-01,236.39,Paid
1144,Customer_1144,Retail,2024-04-18,Active,50231.0,2025-03-23,112.22,Paid
1144,Customer_1144,Retail,2024-04-18,Active,50485.0,2025-01-26,24.64,Paid
1144,Customer_1144,Retail,2024-04-18,Active,50875.0,2025-03-11,126.93,Paid
1144,Customer_1144,Retail,2024-04-18,Active,51856.0,2025-01-11,67.17,Paid
1144,Customer_1144,Retail,2024-04-18,Active,52043.0,2025-03-04,139.89,Paid
1144,Customer_1144,Retail,2024-04-18,Active,52594.0,2025-01-16,181.67,Paid
1144,Customer_1144,Retail,2024-04-18,Active,52611.0,2025-02-22,54.75,Paid
1144,Customer_1144,Retail,2024-04-18,Active,54015.0,2025-01-21,422.22,Paid
1144,Customer_1144,Retail,2024-04-18,Active,54914.0,2025-02-12,106.1,Processing
1145,Customer_1145,Retail,2024-04-27,Active,50379.0,2025-03-10,178.11,Processing
1145,Customer_1145,Retail,2024-04-27,Active,53944.0,2025-01-02,111.99,Paid
1145,Customer_1145,Retail,2024-04-27,Active,54243.0,2025-03-26,203.82,Paid
1145,Customer_1145,Retail,2024-04-27,Active,54803.0,2025-02-13,167.85,Paid
1146,Customer_1146,Retail,2024-01-12,Dormant,50892.0,2025-02-04,425.34,Processing
1146,Customer_1146,Retail,2024-01-12,Dormant,51554.0,2025-01-24,160.81,Paid
1146,Customer_1146,Retail,2024-01-12,Dormant,51587.0,2025-02-15,148.25,Paid
1146,Customer_1146,Retail,2024-01-12,Dormant,51998.0,2025-01-20,249.34,Paid
1146,Customer_1146,Retail,2024-01-12,Dormant,52389.0,2025-03-14,87.37,Paid
1146,Customer_1146,Retail,2024-01-12,Dormant,52408.0,2025-01-02,213.6,Paid
1146,Customer_1146,Retail,2024-01-12,Dormant,52940.0,2025-02-09,70.74,Paid
1146,Customer_1146,Retail,2024-01-12,Dormant,54053.0,2025-01-24,250.48,Paid
1147,Customer_1147,SMB,2024-06-17,Active,51056.0,2025-01-11,135.6,Paid
1147,Customer_1147,SMB,2024-06-17,Active,51186.0,2025-02-03,211.31,Processing
1147,Customer_1147,SMB,2024-06-17,Active,51432.0,2025-02-24,38.54,Paid
1147,Customer_1147,SMB,2024-06-17,Active,51867.0,2025-03-25,200.85,Paid
1147,Customer_1147,SMB,2024-06-17,Active,52635.0,2025-01-20,127.64,Paid
1147,Customer_1147,SMB,2024-06-17,Active,53034.0,2025-03-22,47.99,Refunded
1147,Customer_1147,SMB,2024-06-17,Active,54751.0,2025-01-24,195.52,Paid
1148,Customer_1148,SMB,2024-10-22,Active,52341.0,2025-01-10,139.18,Refunded
1148,Customer_1148,SMB,2024-10-22,Active,53595.0,2025-01-11,208.17,Paid
1148,Customer_1148,SMB,2024-10-22,Active,54080.0,2025-03-01,61.69,Paid
1148,Customer_1148,SMB,2024-10-22,Active,54852.0,2025-01-13,193.36,Processing
1149,Customer_1149,Retail,2024-01-22,Active,51541.0,2025-03-03,219.62,Paid
1149,Customer_1149,Retail,2024-01-22,Active,51579.0,2025-03-07,85.69,Paid
1149,Customer_1149,Retail,2024-01-22,Active,51846.0,2025-02-01,722.67,Paid
1149,Customer_1149,Retail,2024-01-22,Active,53298.0,2025-01-26,161.6,Paid
1149,Customer_1149,Retail,2024-01-22,Active,53873.0,2025-03-15,357.61,Paid
1149,Customer_1149,Retail,2024-01-22,Active,54399.0,2025-03-03,161.4,Paid
1150,Customer_1150,Retail,2024-10-24,Active,50128.0,2025-02-20,299.46,Paid
1150,Customer_1150,Retail,2024-10-24,Active,51486.0,2025-03-08,60.92,Paid
1150,Customer_1150,Retail,2024-10-24,Active,51817.0,2025-01-23,213.01,Processing
1150,Customer_1150,Retail,2024-10-24,Active,51859.0,2025-02-08,196.15,Paid
1150,Customer_1150,Retail,2024-10-24,Active,52037.0,2025-03-24,713.78,Processing
1150,Customer_1150,Retail,2024-10-24,Active,52191.0,2025-03-18,43.43,Paid
1150,Customer_1150,Retail,2024-10-24,Active,53667.0,2025-02-19,137.72,Processing
1151,Customer_1151,Enterprise,2024-11-18,Active,50159.0,2025-03-09,374.65,Paid
1151,Customer_1151,Enterprise,2024-11-18,Active,50636.0,2025-01-17,200.58,Paid
1151,Customer_1151,Enterprise,2024-11-18,Active,53253.0,2025-02-01,50.64,Processing
1151,Customer_1151,Enterprise,2024-11-18,Active,54041.0,2025-03-17,249.18,Paid
1152,Customer_1152,Retail,2024-02-14,Active,52083.0,2025-01-22,39.16,Processing
1152,Customer_1152,Retail,2024-02-14,Active,52613.0,2025-02-13,264.87,Paid
1152,Customer_1152,Retail,2024-02-14,Active,53423.0,2025-03-17,147.29,Paid
1152,Customer_1152,Retail,2024-02-14,Active,54386.0,2025-03-23,118.69,Paid
1153,Customer_1153,Retail,2024-12-04,Dormant,54039.0,2025-01-20,323.41,Paid
1153,Customer_1153,Retail,2024-12-04,Dormant,54134.0,2025-02-20,32.7,Paid
1153,Customer_1153,Retail,2024-12-04,Dormant,54771.0,2025-01-07,86.82,Paid
1154,Customer_1154,Retail,2024-11-03,Active,50463.0,2025-02-08,145.43,Paid
1154,Customer_1154,Retail,2024-11-03,Active,50602.0,2025-02-10,61.3,Paid
1154,Customer_1154,Retail,2024-11-03,Active,52993.0,2025-03-17,40.73,Processing
1154,Customer_1154,Retail,2024-11-03,Active,53075.0,2025-03-21,192.53,Paid
1154,Customer_1154,Retail,2024-11-03,Active,53107.0,2025-02-02,26.73,Paid
1154,Customer_1154,Retail,2024-11-03,Active,54939.0,2025-02-15,30.25,Paid
1155,Customer_1155,VIP,2024-04-12,Active,50103.0,2025-02-19,191.85,Refunded
1155,Customer_1155,VIP,2024-04-12,Active,51386.0,2025-02-13,37.11,Paid
1155,Customer_1155,VIP,2024-04-12,Active,51848.0,2025-03-17,225.41,Paid
1155,Customer_1155,VIP,2024-04-12,Active,53521.0,2025-03-01,111.39,Paid
1155,Customer_1155,VIP,2024-04-12,Active,54297.0,2025-02-22,86.82,Paid
1155,Customer_1155,VIP,2024-04-12,Active,54516.0,2025-02-14,96.81,Paid
1155,Customer_1155,VIP,2024-04-12,Active,54600.0,2025-02-07,60.27,Paid
1155,Customer_1155,VIP,2024-04-12,Active,54836.0,2025-02-21,118.42,Paid
1156,Customer_1156,Retail,2024-07-11,Active,50148.0,2025-03-20,61.89,Paid
1156,Customer_1156,Retail,2024-07-11,Active,50203.0,2025-03-17,104.84,Paid
1156,Customer_1156,Retail,2024-07-11,Active,50220.0,2025-03-04,54.51,Paid
1156,Customer_1156,Retail,2024-07-11,Active,50573.0,2025-03-07,288.51,Paid
1156,Customer_1156,Retail,2024-07-11,Active,51598.0,2025-02-06,155.7,Paid
1156,Customer_1156,Retail,2024-07-11,Active,53850.0,2025-02-25,364.77,Paid
1156,Customer_1156,Retail,2024-07-11,Active,54337.0,2025-02-06,30.0,Refunded
1157,Customer_1157,SMB,2024-01-06,Active,51198.0,2025-02-09,51.83,Paid
1157,Customer_1157,SMB,2024-01-06,Active,52632.0,2025-03-20,351.23,Paid
1157,Customer_1157,SMB,2024-01-06,Active,54384.0,2025-01-13,395.98,Paid
1157,Customer_1157,SMB,2024-01-06,Active,54391.0,2025-01-26,97.6,Paid
1158,Customer_1158,SMB,2024-03-11,Active,50196.0,2025-03-17,65.26,Paid
1158,Customer_1158,SMB,2024-03-11,Active,51717.0,2025-02-07,118.51,Paid
1158,Customer_1158,SMB,2024-03-11,Active,51941.0,2025-03-19,37.79,Paid
1158,Customer_1158,SMB,2024-03-11,Active,52237.0,2025-02-17,661.36,Paid
1158,Customer_1158,SMB,2024-03-11,Active,52641.0,2025-03-20,658.34,Paid
1158,Customer_1158,SMB,2024-03-11,Active,53612.0,2025-01-23,129.63,Paid
1159,Customer_1159,Retail,2024-10-23,Active,50635.0,2025-02-03,136.73,Paid
1159,Customer_1159,Retail,2024-10-23,Active,51374.0,2025-01-06,87.24,Paid
1159,Customer_1159,Retail,2024-10-23,Active,52800.0,2025-01-21,48.0,Paid
1159,Customer_1159,Retail,2024-10-23,Active,54406.0,2025-03-20,46.45,Paid
1160,Customer_1160,SMB,2024-10-02,Active,50812.0,2025-02-18,370.86,Paid
1161,Customer_1161,Retail,2024-02-04,Active,50013.0,2025-01-08,144.45,Paid
1161,Customer_1161,Retail,2024-02-04,Active,50263.0,2025-01-25,108.03,Paid
1161,Customer_1161,Retail,2024-02-04,Active,51095.0,2025-02-26,234.31,Paid
1161,Customer_1161,Retail,2024-02-04,Active,52039.0,2025-03-22,26.8,Paid
1161,Customer_1161,Retail,2024-02-04,Active,52625.0,2025-01-03,155.52,Paid
1161,Customer_1161,Retail,2024-02-04,Active,53889.0,2025-02-07,224.43,Refunded
1161,Customer_1161,Retail,2024-02-04,Active,54370.0,2025-01-25,183.55,Paid
1162,Customer_1162,SMB,2024-01-03,Active,50215.0,2025-02-08,31.41,Paid
1162,Customer_1162,SMB,2024-01-03,Active,50798.0,2025-03-09,182.63,Paid
1162,Customer_1162,SMB,2024-01-03,Active,52759.0,2025-03-26,63.25,Paid
1162,Customer_1162,SMB,2024-01-03,Active,52914.0,2025-02-01,307.4,Paid
1162,Customer_1162,SMB,2024-01-03,Active,53566.0,2025-03-03,114.61,Paid
1162,Customer_1162,SMB,2024-01-03,Active,54452.0,2025-01-22,594.84,Paid
1163,Customer_1163,SMB,2024-09-07,Dormant,53979.0,2025-03-09,178.33,Paid
1163,Customer_1163,SMB,2024-09-07,Dormant,54528.0,2025-02-10,627.59,Paid
1163,Customer_1163,SMB,2024-09-07,Dormant,54948.0,2025-01-15,31.48,Paid
1163,Customer_1163,SMB,2024-09-07,Dormant,54971.0,2025-03-19,557.32,Paid
1164,Customer_1164,SMB,2024-07-11,Active,50460.0,2025-03-05,147.98,Paid
1164,Customer_1164,SMB,2024-07-11,Active,50880.0,2025-03-20,147.76,Paid
1164,Customer_1164,SMB,2024-07-11,Active,51651.0,2025-03-04,115.68,Paid
1164,Customer_1164,SMB,2024-07-11,Active,52955.0,2025-03-01,44.88,Paid
1164,Customer_1164,SMB,2024-07-11,Active,53064.0,2025-01-24,218.2,Paid
1164,Customer_1164,SMB,2024-07-11,Active,53216.0,2025-01-27,21.92,Processing
1164,Customer_1164,SMB,2024-07-11,Active,54165.0,2025-02-14,56.98,Paid
1165,Customer_1165,Retail,2024-04-02,Dormant,50965.0,2025-01-05,240.56,Paid
1165,Customer_1165,Retail,2024-04-02,Dormant,53182.0,2025-03-11,151.32,Paid
1165,Customer_1165,Retail,2024-04-02,Dormant,53413.0,2025-03-20,84.18,Paid
1165,Customer_1165,Retail,2024-04-02,Dormant,54910.0,2025-01-01,22.96,Paid
1166,Customer_1166,Enterprise,2024-04-22,Active,50121.0,2025-02-02,759.78,Paid
1166,Customer_1166,Enterprise,2024-04-22,Active,50188.0,2025-02-18,499.16,Paid
1166,Customer_1166,Enterprise,2024-04-22,Active,51223.0,2025-03-17,246.69,Processing
1166,Customer_1166,Enterprise,2024-04-22,Active,51470.0,2025-01-01,111.81,Paid
1166,Customer_1166,Enterprise,2024-04-22,Active,51631.0,2025-01-27,109.2,Paid
1166,Customer_1166,Enterprise,2024-04-22,Active,52348.0,2025-02-01,375.52,Paid
1166,Customer_1166,Enterprise,2024-04-22,Active,53042.0,2025-03-27,654.79,Paid
1166,Customer_1166,Enterprise,2024-04-22,Active,54059.0,2025-02-21,178.15,Paid
1166,Customer_1166,Enterprise,2024-04-22,Active,54856.0,2025-02-14,207.33,Paid
1166,Customer_1166,Enterprise,2024-04-22,Active,54859.0,2025-02-10,300.84,Paid
1167,Customer_1167,Retail,2024-11-27,Pending,52605.0,2025-01-24,155.52,Paid
1167,Customer_1167,Retail,2024-11-27,Pending,53250.0,2025-03-25,102.37,Paid
1167,Customer_1167,Retail,2024-11-27,Pending,54972.0,2025-01-24,163.28,Paid
1168,Customer_1168,Retail,2024-03-17,Active,50707.0,2025-01-09,22.41,Paid
1168,Customer_1168,Retail,2024-03-17,Active,51164.0,2025-02-16,67.15,Processing
1168,Customer_1168,Retail,2024-03-17,Active,51963.0,2025-01-09,114.49,Paid
1168,Customer_1168,Retail,2024-03-17,Active,52350.0,2025-03-17,90.57,Paid
1168,Customer_1168,Retail,2024-03-17,Active,52525.0,2025-02-03,139.94,Paid
1168,Customer_1168,Retail,2024-03-17,Active,54500.0,2025-03-03,303.25,Paid
1169,Customer_1169,Retail,2024-12-24,Pending,50554.0,2025-02-26,107.32,Paid
1169,Customer_1169,Retail,2024-12-24,Pending,52364.0,2025-03-23,187.45,Paid
1169,Customer_1169,Retail,2024-12-24,Pending,52655.0,2025-03-10,481.56,Paid
1169,Customer_1169,Retail,2024-12-24,Pending,52835.0,2025-03-13,93.3,Paid
1169,Customer_1169,Retail,2024-12-24,Pending,53131.0,2025-01-14,123.29,Paid
1169,Customer_1169,Retail,2024-12-24,Pending,54197.0,2025-02-13,78.67,Paid
1170,Customer_1170,SMB,2024-12-21,Dormant,52137.0,2025-02-24,48.08,Paid
1170,Customer_1170,SMB,2024-12-21,Dormant,54471.0,2025-02-11,552.6,Paid
1171,Customer_1171,SMB,2024-05-27,Active,50030.0,2025-01-24,135.62,Paid
1171,Customer_1171,SMB,2024-05-27,Active,50031.0,2025-03-24,205.74,Processing
1171,Customer_1171,SMB,2024-05-27,Active,50111.0,2025-03-27,55.73,Paid
1171,Customer_1171,SMB,2024-05-27,Active,50337.0,2025-02-26,162.03,Paid
1171,Customer_1171,SMB,2024-05-27,Active,50766.0,2025-01-24,76.74,Processing
1171,Customer_1171,SMB,2024-05-27,Active,51162.0,2025-01-21,67.13,Paid
1171,Customer_1171,SMB,2024-05-27,Active,51172.0,2025-02-02,65.87,Paid
1171,Customer_1171,SMB,2024-05-27,Active,52197.0,2025-03-14,86.71,Paid
1171,Customer_1171,SMB,2024-05-27,Active,52457.0,2025-03-20,106.73,Paid
1171,Customer_1171,SMB,2024-05-27,Active,52587.0,2025-01-17,72.42,Processing
1171,Customer_1171,SMB,2024-05-27,Active,53205.0,2025-03-05,25.98,Paid
1171,Customer_1171,SMB,2024-05-27,Active,53237.0,2025-01-05,146.79,Paid
1171,Customer_1171,SMB,2024-05-27,Active,53903.0,2025-01-25,100.61,Processing
1172,Customer_1172,Retail,2024-04-06,Dormant,50568.0,2025-01-24,172.56,Refunded
1172,Customer_1172,Retail,2024-04-06,Dormant,50605.0,2025-01-27,310.67,Paid
1172,Customer_1172,Retail,2024-04-06,Dormant,51746.0,2025-01-14,22.81,Paid
1172,Customer_1172,Retail,2024-04-06,Dormant,52295.0,2025-01-19,40.57,Paid
1172,Customer_1172,Retail,2024-04-06,Dormant,52893.0,2025-03-19,38.79,Paid
1172,Customer_1172,Retail,2024-04-06,Dormant,54882.0,2025-03-06,229.92,Paid
1173,Customer_1173,SMB,2024-03-25,Active,50334.0,2025-02-16,346.31,Processing
1173,Customer_1173,SMB,2024-03-25,Active,50509.0,2025-01-06,162.94,Paid
1173,Customer_1173,SMB,2024-03-25,Active,50869.0,2025-03-19,119.1,Processing
1173,Customer_1173,SMB,2024-03-25,Active,54637.0,2025-01-20,20.48,Paid
1173,Customer_1173,SMB,2024-03-25,Active,54683.0,2025-02-23,134.1,Refunded
1174,Customer_1174,Retail,2024-05-03,Active,53427.0,2025-01-04,46.91,Processing
1174,Customer_1174,Retail,2024-05-03,Active,53665.0,2025-01-14,282.86,Paid
1174,Customer_1174,Retail,2024-05-03,Active,54088.0,2025-02-11,80.82,Paid
1175,Customer_1175,SMB,2024-11-01,Active,51475.0,2025-01-23,69.01,Paid
1175,Customer_1175,SMB,2024-11-01,Active,52291.0,2025-03-21,58.3,Paid
1175,Customer_1175,SMB,2024-11-01,Active,52704.0,2025-02-09,106.3,Paid
1175,Customer_1175,SMB,2024-11-01,Active,53398.0,2025-03-17,50.82,Paid
1176,Customer_1176,Retail,2024-10-06,Active,51742.0,2025-03-10,103.84,Processing
1176,Customer_1176,Retail,2024-10-06,Active,52330.0,2025-02-26,350.04,Paid
1176,Customer_1176,Retail,2024-10-06,Active,53198.0,2025-01-21,199.91,Paid
1177,Customer_1177,SMB,2024-02-03,Active,51110.0,2025-02-08,98.81,Paid
1177,Customer_1177,SMB,2024-02-03,Active,52260.0,2025-02-17,95.16,Processing
1177,Customer_1177,SMB,2024-02-03,Active,52924.0,2025-03-17,228.47,Paid
1177,Customer_1177,SMB,2024-02-03,Active,53340.0,2025-03-16,20.15,Paid
1177,Customer_1177,SMB,2024-02-03,Active,54168.0,2025-03-07,86.45,Processing
1177,Customer_1177,SMB,2024-02-03,Active,54329.0,2025-01-01,212.42,Paid
1178,Customer_1178,Retail,2024-01-25,Active,52334.0,2025-03-12,40.95,Paid
1178,Customer_1178,Retail,2024-01-25,Active,52753.0,2025-03-21,122.46,Paid
1178,Customer_1178,Retail,2024-01-25,Active,53310.0,2025-01-14,31.64,Paid
1178,Customer_1178,Retail,2024-01-25,Active,54302.0,2025-01-15,352.86,Paid
1178,Customer_1178,Retail,2024-01-25,Active,54790.0,2025-02-07,549.12,Paid
1179,Customer_1179,Enterprise,2024-08-12,Active,52051.0,2025-02-08,162.63,Paid
1179,Customer_1179,Enterprise,2024-08-12,Active,52279.0,2025-01-07,209.71,Processing
1179,Customer_1179,Enterprise,2024-08-12,Active,52811.0,2025-02-21,174.93,Paid
1179,Customer_1179,Enterprise,2024-08-12,Active,53403.0,2025-01-16,32.96,Refunded
1179,Customer_1179,Enterprise,2024-08-12,Active,53476.0,2025-02-10,354.56,Paid
1179,Customer_1179,Enterprise,2024-08-12,Active,53533.0,2025-03-19,64.2,Paid
1179,Customer_1179,Enterprise,2024-08-12,Active,54305.0,2025-01-09,92.73,Paid
1179,Customer_1179,Enterprise,2024-08-12,Active,54394.0,2025-02-27,41.4,Paid
1179,Customer_1179,Enterprise,2024-08-12,Active,54520.0,2025-02-06,131.05,Paid
1180,Customer_1180,Retail,2024-02-15,Active,50576.0,2025-02-12,373.21,Paid
1180,Customer_1180,Retail,2024-02-15,Active,50954.0,2025-03-15,68.37,Paid
1180,Customer_1180,Retail,2024-02-15,Active,51252.0,2025-01-11,95.81,Paid
1180,Customer_1180,Retail,2024-02-15,Active,52272.0,2025-01-08,160.0,Paid
1180,Customer_1180,Retail,2024-02-15,Active,52979.0,2025-02-11,40.19,Paid
1180,Customer_1180,Retail,2024-02-15,Active,53529.0,2025-02-10,210.09,Paid
1180,Customer_1180,Retail,2024-02-15,Active,54423.0,2025-03-03,315.31,Paid
1180,Customer_1180,Retail,2024-02-15,Active,54813.0,2025-02-09,70.55,Paid
1181,Customer_1181,Retail,2024-12-16,Pending,50790.0,2025-02-02,115.58,Paid
1181,Customer_1181,Retail,2024-12-16,Pending,50805.0,2025-03-11,72.39,Paid
1181,Customer_1181,Retail,2024-12-16,Pending,51051.0,2025-03-17,41.32,Paid
1181,Customer_1181,Retail,2024-12-16,Pending,51655.0,2025-02-16,275.02,Paid
1181,Customer_1181,Retail,2024-12-16,Pending,52670.0,2025-03-11,374.89,Paid
1181,Customer_1181,Retail,2024-12-16,Pending,53226.0,2025-01-08,252.78,Paid
1181,Customer_1181,Retail,2024-12-16,Pending,53678.0,2025-03-17,313.89,Paid
1181,Customer_1181,Retail,2024-12-16,Pending,53740.0,2025-02-04,104.85,Paid
1181,Customer_1181,Retail,2024-12-16,Pending,54768.0,2025-01-13,209.5,Paid
1182,Customer_1182,Retail,2024-11-08,Active,50779.0,2025-01-12,50.95,Paid
1182,Customer_1182,Retail,2024-11-08,Active,50793.0,2025-01-09,350.55,Paid
1182,Customer_1182,Retail,2024-11-08,Active,50986.0,2025-01-12,111.25,Paid
1182,Customer_1182,Retail,2024-11-08,Active,51313.0,2025-03-21,195.87,Paid
1182,Customer_1182,Retail,2024-11-08,Active,51455.0,2025-03-04,25.02,Paid
1182,Customer_1182,Retail,2024-11-08,Active,51847.0,2025-02-24,280.13,Paid
1182,Customer_1182,Retail,2024-11-08,Active,52229.0,2025-02-18,38.28,Paid
1182,Customer_1182,Retail,2024-11-08,Active,52357.0,2025-02-22,112.63,Processing
1182,Customer_1182,Retail,2024-11-08,Active,52544.0,2025-02-02,112.67,Paid
1182,Customer_1182,Retail,2024-11-08,Active,53087.0,2025-01-17,77.78,Paid
1183,Customer_1183,Enterprise,2024-12-14,Active,51082.0,2025-02-07,247.26,Paid
1183,Customer_1183,Enterprise,2024-12-14,Active,51777.0,2025-01-05,164.36,Paid
1183,Customer_1183,Enterprise,2024-12-14,Active,53400.0,2025-02-19,353.8,Paid
1183,Customer_1183,Enterprise,2024-12-14,Active,54585.0,2025-01-03,358.59,Processing
1184,Customer_1184,Enterprise,2024-09-17,Active,50981.0,2025-02-06,218.04,Paid
1184,Customer_1184,Enterprise,2024-09-17,Active,51088.0,2025-01-23,81.16,Paid
1184,Customer_1184,Enterprise,2024-09-17,Active,51320.0,2025-03-15,73.83,Paid
1184,Customer_1184,Enterprise,2024-09-17,Active,52306.0,2025-03-27,298.07,Paid
1184,Customer_1184,Enterprise,2024-09-17,Active,53807.0,2025-02-16,139.77,Paid
1184,Customer_1184,Enterprise,2024-09-17,Active,53813.0,2025-02-01,34.15,Paid
1184,Customer_1184,Enterprise,2024-09-17,Active,54950.0,2025-03-17,44.49,Paid
1185,Customer_1185,Retail,2024-05-08,Active,50001.0,2025-01-06,117.01,Paid
1185,Customer_1185,Retail,2024-05-08,Active,50313.0,2025-03-04,102.85,Paid
1185,Customer_1185,Retail,2024-05-08,Active,51391.0,2025-02-27,85.83,Paid
1185,Customer_1185,Retail,2024-05-08,Active,51748.0,2025-03-02,400.38,Paid
1185,Customer_1185,Retail,2024-05-08,Active,53390.0,2025-02-09,122.64,Paid
1186,Customer_1186,SMB,2024-11-14,Active,50094.0,2025-03-08,210.56,Refunded
1186,Customer_1186,SMB,2024-11-14,Active,50911.0,2025-01-18,43.21,Paid
1186,Customer_1186,SMB,2024-11-14,Active,51266.0,2025-01-01,844.01,Paid
1186,Customer_1186,SMB,2024-11-14,Active,51413.0,2025-02-20,30.43,Paid
1186,Customer_1186,SMB,2024-11-14,Active,51732.0,2025-01-21,328.49,Paid
1186,Customer_1186,SMB,2024-11-14,Active,52089.0,2025-03-23,286.73,Paid
1187,Customer_1187,Enterprise,2024-02-20,Active,50034.0,2025-02-02,237.0,Paid
1187,Customer_1187,Enterprise,2024-02-20,Active,50040.0,2025-03-26,31.79,Paid
1187,Customer_1187,Enterprise,2024-02-20,Active,50622.0,2025-01-16,162.44,Paid
1187,Customer_1187,Enterprise,2024-02-20,Active,51429.0,2025-02-23,248.79,Paid
1187,Customer_1187,Enterprise,2024-02-20,Active,51688.0,2025-01-12,113.34,Paid
1187,Customer_1187,Enterprise,2024-02-20,Active,52487.0,2025-02-26,490.28,Paid
1187,Customer_1187,Enterprise,2024-02-20,Active,53362.0,2025-03-16,71.68,Paid
1187,Customer_1187,Enterprise,2024-02-20,Active,53856.0,2025-02-25,77.81,Paid
1187,Customer_1187,Enterprise,2024-02-20,Active,54226.0,2025-02-04,23.46,Paid
1188,Customer_1188,SMB,2024-07-03,Active,50481.0,2025-02-23,460.95,Paid
1188,Customer_1188,SMB,2024-07-03,Active,52172.0,2025-03-08,55.0,Paid
1188,Customer_1188,SMB,2024-07-03,Active,53133.0,2025-02-23,79.91,Paid
1188,Customer_1188,SMB,2024-07-03,Active,53418.0,2025-03-04,128.63,Processing
1188,Customer_1188,SMB,2024-07-03,Active,53420.0,2025-03-04,219.41,Paid
1188,Customer_1188,SMB,2024-07-03,Active,53625.0,2025-02-19,38.45,Paid
1188,Customer_1188,SMB,2024-07-03,Active,54167.0,2025-02-10,237.52,Paid
1188,Customer_1188,SMB,2024-07-03,Active,54385.0,2025-03-22,143.62,Paid
1188,Customer_1188,SMB,2024-07-03,Active,54943.0,2025-03-25,46.48,Paid
1189,Customer_1189,SMB,2024-12-21,Dormant,50081.0,2025-01-06,94.17,Processing
1189,Customer_1189,SMB,2024-12-21,Dormant,50487.0,2025-01-15,95.51,Paid
1189,Customer_1189,SMB,2024-12-21,Dormant,50671.0,2025-01-21,154.65,Paid
1189,Customer_1189,SMB,2024-12-21,Dormant,51487.0,2025-03-10,145.86,Paid
1189,Customer_1189,SMB,2024-12-21,Dormant,52252.0,2025-01-19,286.68,Refunded
1189,Customer_1189,SMB,2024-12-21,Dormant,52320.0,2025-03-04,113.0,Paid
1189,Customer_1189,SMB,2024-12-21,Dormant,53066.0,2025-02-16,50.94,Paid
1189,Customer_1189,SMB,2024-12-21,Dormant,53127.0,2025-02-03,263.32,Paid
1189,Customer_1189,SMB,2024-12-21,Dormant,54219.0,2025-02-11,166.2,Paid
1189,Customer_1189,SMB,2024-12-21,Dormant,54270.0,2025-03-27,161.05,Paid
1190,Customer_1190,Retail,2024-08-26,Active,50314.0,2025-01-22,137.35,Paid
1190,Customer_1190,Retail,2024-08-26,Active,50597.0,2025-03-05,49.24,Paid
1190,Customer_1190,Retail,2024-08-26,Active,53173.0,2025-02-16,148.81,Paid
1190,Customer_1190,Retail,2024-08-26,Active,53973.0,2025-01-25,243.28,Paid
1190,Customer_1190,Retail,2024-08-26,Active,54578.0,2025-03-23,491.38,Paid
1190,Customer_1190,Retail,2024-08-26,Active,54609.0,2025-02-10,297.37,Processing
1191,Customer_1191,Retail,2024-03-20,Active,50213.0,2025-03-26,133.02,Paid
1191,Customer_1191,Retail,2024-03-20,Active,50667.0,2025-01-10,147.78,Paid
1191,Customer_1191,Retail,2024-03-20,Active,51449.0,2025-02-01,208.38,Paid
1191,Customer_1191,Retail,2024-03-20,Active,52502.0,2025-02-06,931.33,Paid
1191,Customer_1191,Retail,2024-03-20,Active,52506.0,2025-03-03,731.09,Paid
1191,Customer_1191,Retail,2024-03-20,Active,53799.0,2025-02-10,46.82,Paid
1191,Customer_1191,Retail,2024-03-20,Active,53805.0,2025-01-01,78.27,Paid
1191,Customer_1191,Retail,2024-03-20,Active,53828.0,2025-02-12,121.79,Paid
1192,Customer_1192,Enterprise,2024-09-14,Active,50217.0,2025-03-10,132.14,Paid
1192,Customer_1192,Enterprise,2024-09-14,Active,51274.0,2025-03-23,427.89,Processing
1192,Customer_1192,Enterprise,2024-09-14,Active,51622.0,2025-02-16,169.76,Refunded
1192,Customer_1192,Enterprise,2024-09-14,Active,52814.0,2025-03-14,20.09,Paid
1192,Customer_1192,Enterprise,2024-09-14,Active,52826.0,2025-02-10,22.28,Paid
1192,Customer_1192,Enterprise,2024-09-14,Active,53248.0,2025-01-16,88.83,Paid
1192,Customer_1192,Enterprise,2024-09-14,Active,53453.0,2025-02-17,259.18,Paid
1192,Customer_1192,Enterprise,2024-09-14,Active,53989.0,2025-03-08,65.14,Paid
1192,Customer_1192,Enterprise,2024-09-14,Active,54547.0,2025-02-19,105.8,Paid
1193,Customer_1193,Enterprise,2024-07-17,Active,50377.0,2025-02-19,233.17,Processing
1193,Customer_1193,Enterprise,2024-07-17,Active,50575.0,2025-02-22,129.12,Paid
1193,Customer_1193,Enterprise,2024-07-17,Active,51522.0,2025-01-15,307.5,Paid
1193,Customer_1193,Enterprise,2024-07-17,Active,51610.0,2025-01-04,209.52,Processing
1193,Customer_1193,Enterprise,2024-07-17,Active,54034.0,2025-01-05,478.86,Paid
1193,Customer_1193,Enterprise,2024-07-17,Active,54628.0,2025-02-24,76.79,Paid
1194,Customer_1194,SMB,2024-12-20,Active,50179.0,2025-01-23,83.47,Paid
1194,Customer_1194,SMB,2024-12-20,Active,50254.0,2025-01-02,83.46,Paid
1194,Customer_1194,SMB,2024-12-20,Active,50852.0,2025-01-24,34.68,Paid
1194,Customer_1194,SMB,2024-12-20,Active,51545.0,2025-03-13,42.71,Paid
1194,Customer_1194,SMB,2024-12-20,Active,52038.0,2025-03-22,276.7,Paid
1194,Customer_1194,SMB,2024-12-20,Active,54133.0,2025-02-08,309.23,Paid
1195,Customer_1195,Retail,2024-04-09,Active,50228.0,2025-01-11,48.42,Paid
1195,Customer_1195,Retail,2024-04-09,Active,50274.0,2025-01-12,94.84,Paid
1195,Customer_1195,Retail,2024-04-09,Active,51011.0,2025-01-09,103.15,Paid
1195,Customer_1195,Retail,2024-04-09,Active,51406.0,2025-02-22,709.8,Refunded
1195,Customer_1195,Retail,2024-04-09,Active,52256.0,2025-01-11,33.35,Paid
1195,Customer_1195,Retail,2024-04-09,Active,53317.0,2025-03-08,175.64,Paid
1195,Customer_1195,Retail,2024-04-09,Active,54106.0,2025-03-23,279.44,Paid
1195,Customer_1195,Retail,2024-04-09,Active,54504.0,2025-02-06,90.93,Paid
1196,Customer_1196,Retail,2024-06-16,Active,50537.0,2025-02-20,44.16,Processing
1196,Customer_1196,Retail,2024-06-16,Active,51113.0,2025-01-10,39.35,Paid
1196,Customer_1196,Retail,2024-06-16,Active,51397.0,2025-01-26,140.94,Processing
1196,Customer_1196,Retail,2024-06-16,Active,51971.0,2025-02-20,331.05,Paid
1197,Customer_1197,SMB,2024-09-22,Active,50224.0,2025-01-13,22.66,Paid
1197,Customer_1197,SMB,2024-09-22,Active,50267.0,2025-03-06,265.93,Paid
1197,Customer_1197,SMB,2024-09-22,Active,50814.0,2025-01-20,180.14,Paid
1197,Customer_1197,SMB,2024-09-22,Active,52360.0,2025-02-19,369.11,Paid
1197,Customer_1197,SMB,2024-09-22,Active,52464.0,2025-01-02,214.45,Paid
1197,Customer_1197,SMB,2024-09-22,Active,53302.0,2025-03-04,96.43,Paid
1197,Customer_1197,SMB,2024-09-22,Active,54513.0,2025-02-02,97.84,Paid
1198,Customer_1198,Enterprise,2024-06-21,Dormant,50426.0,2025-03-27,265.42,Paid
1198,Customer_1198,Enterprise,2024-06-21,Dormant,50758.0,2025-02-05,214.75,Paid
1198,Customer_1198,Enterprise,2024-06-21,Dormant,51506.0,2025-03-14,206.32,Paid
1198,Customer_1198,Enterprise,2024-06-21,Dormant,54489.0,2025-02-15,211.12,Paid
1198,Customer_1198,Enterprise,2024-06-21,Dormant,54657.0,2025-01-18,320.84,Paid
1198,Customer_1198,Enterprise,2024-06-21,Dormant,54839.0,2025-02-27,51.9,Paid
1199,Customer_1199,Enterprise,2024-05-02,Pending,50153.0,2025-01-17,61.64,Paid
1199,Customer_1199,Enterprise,2024-05-02,Pending,51354.0,2025-02-03,117.64,Paid
1199,Customer_1199,Enterprise,2024-05-02,Pending,51989.0,2025-02-16,77.61,Paid
1199,Customer_1199,Enterprise,2024-05-02,Pending,53514.0,2025-03-19,480.43,Paid
1199,Customer_1199,Enterprise,2024-05-02,Pending,53653.0,2025-02-13,86.67,Paid
1199,Customer_1199,Enterprise,2024-05-02,Pending,53978.0,2025-03-20,194.73,Processing
1200,Customer_1200,SMB,2024-08-08,Active,50074.0,2025-01-05,218.89,Paid
1200,Customer_1200,SMB,2024-08-08,Active,50169.0,2025-02-27,176.13,Paid
1200,Customer_1200,SMB,2024-08-08,Active,50403.0,2025-01-02,869.2,Paid
1200,Customer_1200,SMB,2024-08-08,Active,50592.0,2025-02-27,364.44,Paid
1200,Customer_1200,SMB,2024-08-08,Active,51153.0,2025-03-08,362.09,Paid
1200,Customer_1200,SMB,2024-08-08,Active,53440.0,2025-02-09,86.62,Paid
1200,Customer_1200,SMB,2024-08-08,Active,53771.0,2025-01-17,208.75,Paid
1201,Customer_1201,SMB,2024-11-13,Active,50433.0,2025-01-10,173.82,Refunded
1201,Customer_1201,SMB,2024-11-13,Active,51341.0,2025-03-17,125.64,Paid
1201,Customer_1201,SMB,2024-11-13,Active,52156.0,2025-03-24,196.87,Paid
1201,Customer_1201,SMB,2024-11-13,Active,53763.0,2025-03-26,379.25,Paid
1201,Customer_1201,SMB,2024-11-13,Active,54002.0,2025-02-15,266.86,Paid
1201,Customer_1201,SMB,2024-11-13,Active,54286.0,2025-02-04,539.88,Paid
1201,Customer_1201,SMB,2024-11-13,Active,54415.0,2025-03-19,280.68,Paid
1202,Customer_1202,Retail,2024-01-08,Active,50233.0,2025-03-11,26.99,Paid
1202,Customer_1202,Retail,2024-01-08,Active,52173.0,2025-02-11,92.72,Paid
1203,Customer_1203,Retail,2024-05-18,Active,50650.0,2025-02-14,21.84,Paid
1203,Customer_1203,Retail,2024-05-18,Active,52505.0,2025-01-08,84.25,Paid
1203,Customer_1203,Retail,2024-05-18,Active,52636.0,2025-02-27,286.47,Paid
1204,Customer_1204,Enterprise,2024-02-14,Active,51141.0,2025-02-16,47.84,Paid
1204,Customer_1204,Enterprise,2024-02-14,Active,51143.0,2025-03-01,20.17,Refunded
1204,Customer_1204,Enterprise,2024-02-14,Active,51370.0,2025-02-16,358.66,Paid
1204,Customer_1204,Enterprise,2024-02-14,Active,51996.0,2025-01-19,217.37,Paid
1204,Customer_1204,Enterprise,2024-02-14,Active,52794.0,2025-03-17,305.5,Paid
1204,Customer_1204,Enterprise,2024-02-14,Active,53019.0,2025-02-15,397.55,Paid
1204,Customer_1204,Enterprise,2024-02-14,Active,53177.0,2025-02-17,262.4,Paid
1205,Customer_1205,SMB,2024-06-11,Active,51445.0,2025-02-21,26.96,Paid
1205,Customer_1205,SMB,2024-06-11,Active,52580.0,2025-02-27,365.16,Paid
1205,Customer_1205,SMB,2024-06-11,Active,53927.0,2025-01-04,215.18,Paid
1206,Customer_1206,Retail,2024-09-01,Active,50920.0,2025-01-22,247.35,Paid
1206,Customer_1206,Retail,2024-09-01,Active,50952.0,2025-02-23,71.52,Paid
1206,Customer_1206,Retail,2024-09-01,Active,51060.0,2025-01-19,42.01,Paid
1206,Customer_1206,Retail,2024-09-01,Active,51947.0,2025-02-24,27.15,Processing
1206,Customer_1206,Retail,2024-09-01,Active,51980.0,2025-01-26,90.17,Paid
1206,Customer_1206,Retail,2024-09-01,Active,53025.0,2025-02-17,207.11,Paid
1206,Customer_1206,Retail,2024-09-01,Active,54542.0,2025-02-19,109.27,Paid
1206,Customer_1206,Retail,2024-09-01,Active,54929.0,2025-03-21,383.84,Paid
1207,Customer_1207,Retail,2024-12-06,Active,50201.0,2025-03-16,179.42,Paid
1207,Customer_1207,Retail,2024-12-06,Active,50406.0,2025-03-06,50.28,Paid
1207,Customer_1207,Retail,2024-12-06,Active,51422.0,2025-02-20,142.81,Paid
1207,Customer_1207,Retail,2024-12-06,Active,51575.0,2025-01-23,99.37,Paid
1207,Customer_1207,Retail,2024-12-06,Active,52388.0,2025-01-15,121.06,Paid
1207,Customer_1207,Retail,2024-12-06,Active,52675.0,2025-03-20,445.9,Processing
1207,Customer_1207,Retail,2024-12-06,Active,53081.0,2025-03-13,312.38,Paid
1207,Customer_1207,Retail,2024-12-06,Active,53438.0,2025-01-23,200.75,Processing
1207,Customer_1207,Retail,2024-12-06,Active,54109.0,2025-03-14,251.88,Paid
1207,Customer_1207,Retail,2024-12-06,Active,54152.0,2025-03-04,200.23,Paid
1207,Customer_1207,Retail,2024-12-06,Active,54605.0,2025-01-09,43.48,Paid
1208,Customer_1208,SMB,2024-09-08,Active,50104.0,2025-03-05,81.75,Paid
1208,Customer_1208,SMB,2024-09-08,Active,51189.0,2025-01-07,66.8,Paid
1208,Customer_1208,SMB,2024-09-08,Active,51794.0,2025-02-22,507.53,Paid
1208,Customer_1208,SMB,2024-09-08,Active,52495.0,2025-01-20,51.9,Paid
1208,Customer_1208,SMB,2024-09-08,Active,54180.0,2025-03-17,146.1,Paid
1209,Customer_1209,Retail,2024-11-22,Dormant,50025.0,2025-01-16,142.94,Paid
1209,Customer_1209,Retail,2024-11-22,Dormant,50287.0,2025-03-05,23.28,Paid
1209,Customer_1209,Retail,2024-11-22,Dormant,50328.0,2025-03-24,77.04,Refunded
1209,Customer_1209,Retail,2024-11-22,Dormant,51589.0,2025-02-14,38.79,Refunded
1209,Customer_1209,Retail,2024-11-22,Dormant,52189.0,2025-01-23,29.78,Paid
1209,Customer_1209,Retail,2024-11-22,Dormant,53444.0,2025-03-19,156.79,Refunded
1209,Customer_1209,Retail,2024-11-22,Dormant,53676.0,2025-01-07,146.1,Paid
1209,Customer_1209,Retail,2024-11-22,Dormant,53684.0,2025-02-01,74.79,Paid
1210,Customer_1210,Retail,2024-03-24,Dormant,50096.0,2025-03-16,251.83,Paid
1210,Customer_1210,Retail,2024-03-24,Dormant,50491.0,2025-02-13,144.94,Paid
1210,Customer_1210,Retail,2024-03-24,Dormant,52052.0,2025-03-15,28.03,Paid
1210,Customer_1210,Retail,2024-03-24,Dormant,52321.0,2025-01-05,50.67,Paid
1210,Customer_1210,Retail,2024-03-24,Dormant,53319.0,2025-02-24,59.66,Processing
1210,Customer_1210,Retail,2024-03-24,Dormant,53544.0,2025-02-01,140.83,Paid
1211,Customer_1211,SMB,2024-09-17,Active,50393.0,2025-01-24,273.59,Processing
1211,Customer_1211,SMB,2024-09-17,Active,50534.0,2025-01-24,32.47,Processing
1211,Customer_1211,SMB,2024-09-17,Active,51146.0,2025-01-22,155.75,Paid
1211,Customer_1211,SMB,2024-09-17,Active,51227.0,2025-03-15,336.33,Paid
1211,Customer_1211,SMB,2024-09-17,Active,51363.0,2025-01-25,343.02,Paid
1211,Customer_1211,SMB,2024-09-17,Active,51665.0,2025-01-09,59.99,Paid
1211,Customer_1211,SMB,2024-09-17,Active,52689.0,2025-02-04,92.89,Paid
1211,Customer_1211,SMB,2024-09-17,Active,52696.0,2025-02-08,149.9,Paid
1211,Customer_1211,SMB,2024-09-17,Active,53409.0,2025-02-15,243.84,Paid
1211,Customer_1211,SMB,2024-09-17,Active,53592.0,2025-02-17,130.58,Paid
1211,Customer_1211,SMB,2024-09-17,Active,54083.0,2025-01-01,267.55,Paid
1211,Customer_1211,SMB,2024-09-17,Active,54643.0,2025-03-10,117.48,Paid
1212,Customer_1212,SMB,2024-12-25,Active,50718.0,2025-03-07,154.11,Paid
1212,Customer_1212,SMB,2024-12-25,Active,51330.0,2025-02-14,128.54,Paid
1212,Customer_1212,SMB,2024-12-25,Active,51965.0,2025-03-08,122.51,Paid
1212,Customer_1212,SMB,2024-12-25,Active,52092.0,2025-01-04,74.89,Paid
1212,Customer_1212,SMB,2024-12-25,Active,53370.0,2025-02-17,127.71,Paid
1212,Customer_1212,SMB,2024-12-25,Active,53808.0,2025-01-26,324.88,Paid
1212,Customer_1212,SMB,2024-12-25,Active,54865.0,2025-01-03,75.45,Paid
1213,Customer_1213,SMB,2024-06-22,Pending,53185.0,2025-01-27,24.65,Paid
1213,Customer_1213,SMB,2024-06-22,Pending,53537.0,2025-03-26,81.58,Processing
1214,Customer_1214,Retail,2024-12-20,Active,50440.0,2025-01-14,140.34,Paid
1214,Customer_1214,Retail,2024-12-20,Active,50442.0,2025-03-08,1010.91,Paid
1214,Customer_1214,Retail,2024-12-20,Active,50675.0,2025-01-16,375.1,Paid
1214,Customer_1214,Retail,2024-12-20,Active,50734.0,2025-02-09,317.72,Paid
1214,Customer_1214,Retail,2024-12-20,Active,51987.0,2025-01-05,104.99,Paid
1214,Customer_1214,Retail,2024-12-20,Active,52799.0,2025-01-01,99.63,Processing
1214,Customer_1214,Retail,2024-12-20,Active,53991.0,2025-01-04,112.1,Paid
1214,Customer_1214,Retail,2024-12-20,Active,54210.0,2025-03-04,142.06,Refunded
1214,Customer_1214,Retail,2024-12-20,Active,54340.0,2025-02-21,207.0,Paid
1214,Customer_1214,Retail,2024-12-20,Active,54759.0,2025-02-07,402.52,Paid
1215,Customer_1215,SMB,2024-01-10,Active,50558.0,2025-01-18,235.65,Paid
1215,Customer_1215,SMB,2024-01-10,Active,50912.0,2025-01-01,90.25,Paid
1215,Customer_1215,SMB,2024-01-10,Active,51823.0,2025-01-12,204.96,Paid
1215,Customer_1215,SMB,2024-01-10,Active,52494.0,2025-01-03,507.11,Paid
1215,Customer_1215,SMB,2024-01-10,Active,52812.0,2025-02-13,207.26,Refunded
1215,Customer_1215,SMB,2024-01-10,Active,53095.0,2025-01-23,97.39,Paid
1215,Customer_1215,SMB,2024-01-10,Active,53118.0,2025-03-22,171.45,Paid
1215,Customer_1215,SMB,2024-01-10,Active,53749.0,2025-02-27,33.43,Paid
1215,Customer_1215,SMB,2024-01-10,Active,54342.0,2025-03-08,50.72,Paid
1216,Customer_1216,Retail,2024-08-18,Active,51608.0,2025-03-13,50.71,Paid
1216,Customer_1216,Retail,2024-08-18,Active,52628.0,2025-01-17,535.31,Paid
1216,Customer_1216,Retail,2024-08-18,Active,52645.0,2025-01-08,165.23,Paid
1216,Customer_1216,Retail,2024-08-18,Active,52977.0,2025-03-24,192.2,Paid
1216,Customer_1216,Retail,2024-08-18,Active,53634.0,2025-01-06,82.91,Processing
1216,Customer_1216,Retail,2024-08-18,Active,53785.0,2025-01-05,130.7,Paid
1216,Customer_1216,Retail,2024-08-18,Active,54291.0,2025-03-11,43.87,Paid
1217,Customer_1217,Retail,2024-12-01,Active,50264.0,2025-03-07,156.31,Paid
1217,Customer_1217,Retail,2024-12-01,Active,51099.0,2025-02-19,363.46,Paid
1217,Customer_1217,Retail,2024-12-01,Active,51649.0,2025-02-03,160.07,Paid
1217,Customer_1217,Retail,2024-12-01,Active,52076.0,2025-03-05,86.57,Paid
1217,Customer_1217,Retail,2024-12-01,Active,54199.0,2025-01-19,41.57,Paid
1217,Customer_1217,Retail,2024-12-01,Active,54374.0,2025-01-27,227.64,Paid
1217,Customer_1217,Retail,2024-12-01,Active,54610.0,2025-01-24,763.53,Paid
1218,Customer_1218,SMB,2024-02-01,Active,51942.0,2025-03-13,76.38,Paid
1218,Customer_1218,SMB,2024-02-01,Active,52203.0,2025-01-21,80.96,Paid
1218,Customer_1218,SMB,2024-02-01,Active,52367.0,2025-01-01,111.23,Paid
1218,Customer_1218,SMB,2024-02-01,Active,53748.0,2025-03-08,87.61,Paid
1218,Customer_1218,SMB,2024-02-01,Active,54773.0,2025-01-14,31.75,Paid
1219,Customer_1219,SMB,2024-01-09,Pending,50174.0,2025-03-15,92.56,Paid
1219,Customer_1219,SMB,2024-01-09,Pending,50863.0,2025-01-05,182.44,Paid
1219,Customer_1219,SMB,2024-01-09,Pending,51369.0,2025-02-08,420.41,Paid
1219,Customer_1219,SMB,2024-01-09,Pending,54189.0,2025-03-12,418.81,Paid
1220,Customer_1220,Enterprise,2024-01-13,Dormant,50336.0,2025-02-07,207.74,Paid
1220,Customer_1220,Enterprise,2024-01-13,Dormant,50518.0,2025-03-14,344.42,Paid
1220,Customer_1220,Enterprise,2024-01-13,Dormant,51433.0,2025-03-01,293.39,Paid
1220,Customer_1220,Enterprise,2024-01-13,Dormant,51790.0,2025-01-15,231.12,Paid
1220,Customer_1220,Enterprise,2024-01-13,Dormant,51960.0,2025-01-20,50.07,Paid
1220,Customer_1220,Enterprise,2024-01-13,Dormant,53997.0,2025-02-20,188.47,Paid
1221,Customer_1221,SMB,2024-04-26,Active,50182.0,2025-02-24,22.42,Refunded
1221,Customer_1221,SMB,2024-04-26,Active,51994.0,2025-03-19,247.01,Paid
1221,Customer_1221,SMB,2024-04-26,Active,52198.0,2025-03-08,36.67,Refunded
1221,Customer_1221,SMB,2024-04-26,Active,52528.0,2025-02-19,128.7,Refunded
1221,Customer_1221,SMB,2024-04-26,Active,52660.0,2025-03-17,164.36,Paid
1221,Customer_1221,SMB,2024-04-26,Active,53827.0,2025-02-14,34.07,Processing
1221,Customer_1221,SMB,2024-04-26,Active,54416.0,2025-01-14,58.18,Paid
1222,Customer_1222,SMB,2024-06-07,Active,50073.0,2025-01-18,110.31,Paid
1222,Customer_1222,SMB,2024-06-07,Active,50349.0,2025-02-09,329.02,Paid
1222,Customer_1222,SMB,2024-06-07,Active,50587.0,2025-01-16,52.21,Paid
1222,Customer_1222,SMB,2024-06-07,Active,52443.0,2025-03-17,420.77,Paid
1222,Customer_1222,SMB,2024-06-07,Active,53965.0,2025-01-21,75.73,Paid
1222,Customer_1222,SMB,2024-06-07,Active,53990.0,2025-02-02,51.65,Processing
1222,Customer_1222,SMB,2024-06-07,Active,54693.0,2025-03-25,340.81,Processing
1223,Customer_1223,Retail,2024-02-06,Dormant,50012.0,2025-01-21,109.87,Paid
1223,Customer_1223,Retail,2024-02-06,Dormant,51235.0,2025-03-01,202.6,Paid
1224,Customer_1224,Retail,2024-07-26,Active,51957.0,2025-02-10,236.11,Paid
1224,Customer_1224,Retail,2024-07-26,Active,52890.0,2025-02-13,816.31,Processing
1224,Customer_1224,Retail,2024-07-26,Active,53433.0,2025-03-26,214.33,Paid
1224,Customer_1224,Retail,2024-07-26,Active,54514.0,2025-01-07,26.07,Refunded
1224,Customer_1224,Retail,2024-07-26,Active,55000.0,2025-01-11,78.88,Paid
1225,Customer_1225,Retail,2024-10-18,Pending,51120.0,2025-03-17,124.54,Paid
1225,Customer_1225,Retail,2024-10-18,Pending,51580.0,2025-02-11,27.07,Paid
1225,Customer_1225,Retail,2024-10-18,Pending,51668.0,2025-01-19,115.7,Paid
1225,Customer_1225,Retail,2024-10-18,Pending,52780.0,2025-01-02,654.06,Paid
1225,Customer_1225,Retail,2024-10-18,Pending,53729.0,2025-01-14,38.4,Paid
1225,Customer_1225,Retail,2024-10-18,Pending,54974.0,2025-02-27,23.11,Paid
1226,Customer_1226,Retail,2024-02-10,Active,50476.0,2025-03-22,71.36,Paid
1226,Customer_1226,Retail,2024-02-10,Active,50512.0,2025-01-01,82.7,Paid
1226,Customer_1226,Retail,2024-02-10,Active,52152.0,2025-03-17,1047.84,Paid
1226,Customer_1226,Retail,2024-02-10,Active,52820.0,2025-02-14,178.38,Paid
1226,Customer_1226,Retail,2024-02-10,Active,53669.0,2025-01-05,77.56,Paid
1226,Customer_1226,Retail,2024-02-10,Active,53896.0,2025-01-01,147.74,Paid
1226,Customer_1226,Retail,2024-02-10,Active,54247.0,2025-03-23,160.41,Paid
1226,Customer_1226,Retail,2024-02-10,Active,54301.0,2025-02-05,64.87,Paid
1226,Customer_1226,Retail,2024-02-10,Active,54378.0,2025-01-17,23.43,Paid
1227,Customer_1227,VIP,2024-07-12,Active,51029.0,2025-02-01,44.14,Paid
1227,Customer_1227,VIP,2024-07-12,Active,51921.0,2025-03-05,93.6,Paid
1227,Customer_1227,VIP,2024-07-12,Active,53597.0,2025-01-07,360.9,Paid
1227,Customer_1227,VIP,2024-07-12,Active,53885.0,2025-03-13,26.68,Paid
1227,Customer_1227,VIP,2024-07-12,Active,54522.0,2025-01-03,77.01,Paid
1227,Customer_1227,VIP,2024-07-12,Active,54840.0,2025-03-22,140.29,Paid
1228,Customer_1228,Retail,2024-01-08,Active,51024.0,2025-03-04,52.95,Paid
1228,Customer_1228,Retail,2024-01-08,Active,51236.0,2025-03-25,229.98,Paid
1228,Customer_1228,Retail,2024-01-08,Active,54851.0,2025-01-17,167.82,Paid
1228,Customer_1228,Retail,2024-01-08,Active,54918.0,2025-01-09,408.15,Processing
1229,Customer_1229,Enterprise,2024-11-03,Active,50162.0,2025-02-17,20.98,Processing
1229,Customer_1229,Enterprise,2024-11-03,Active,50369.0,2025-02-16,98.98,Paid
1229,Customer_1229,Enterprise,2024-11-03,Active,51592.0,2025-02-26,162.01,Refunded
1229,Customer_1229,Enterprise,2024-11-03,Active,51647.0,2025-02-21,29.98,Paid
1229,Customer_1229,Enterprise,2024-11-03,Active,53000.0,2025-01-05,249.94,Paid
1229,Customer_1229,Enterprise,2024-11-03,Active,53015.0,2025-02-23,284.88,Paid
1229,Customer_1229,Enterprise,2024-11-03,Active,53520.0,2025-02-10,124.88,Paid
1229,Customer_1229,Enterprise,2024-11-03,Active,54194.0,2025-02-13,63.61,Paid
1229,Customer_1229,Enterprise,2024-11-03,Active,54246.0,2025-03-03,212.86,Paid
1229,Customer_1229,Enterprise,2024-11-03,Active,54726.0,2025-01-07,187.06,Paid
1230,Customer_1230,SMB,2024-11-06,Active,50381.0,2025-03-21,741.91,Paid
1230,Customer_1230,SMB,2024-11-06,Active,50951.0,2025-02-16,33.07,Processing
1230,Customer_1230,SMB,2024-11-06,Active,51767.0,2025-01-24,147.34,Processing
1230,Customer_1230,SMB,2024-11-06,Active,52858.0,2025-03-16,428.75,Paid
1230,Customer_1230,SMB,2024-11-06,Active,54689.0,2025-03-22,396.39,Paid
1231,Customer_1231,SMB,2024-09-06,Active,50017.0,2025-02-15,109.58,Paid
1231,Customer_1231,SMB,2024-09-06,Active,51567.0,2025-03-14,49.84,Paid
1231,Customer_1231,SMB,2024-09-06,Active,52219.0,2025-03-22,91.31,Processing
1231,Customer_1231,SMB,2024-09-06,Active,54144.0,2025-01-07,288.64,Paid
1232,Customer_1232,SMB,2024-09-07,Active,50212.0,2025-03-18,118.58,Paid
1232,Customer_1232,SMB,2024-09-07,Active,50351.0,2025-02-04,118.31,Paid
1232,Customer_1232,SMB,2024-09-07,Active,51615.0,2025-03-01,32.18,Paid
1232,Customer_1232,SMB,2024-09-07,Active,51642.0,2025-01-05,204.14,Paid
1232,Customer_1232,SMB,2024-09-07,Active,52072.0,2025-03-15,47.29,Paid
1232,Customer_1232,SMB,2024-09-07,Active,53914.0,2025-03-16,99.87,Paid
1232,Customer_1232,SMB,2024-09-07,Active,54333.0,2025-03-16,158.53,Paid
1232,Customer_1232,SMB,2024-09-07,Active,54358.0,2025-03-06,237.6,Paid
1232,Customer_1232,SMB,2024-09-07,Active,54589.0,2025-03-18,125.73,Paid
1233,Customer_1233,SMB,2024-09-18,Active,50364.0,2025-03-08,507.71,Paid
1233,Customer_1233,SMB,2024-09-18,Active,51770.0,2025-01-10,251.94,Processing
1233,Customer_1233,SMB,2024-09-18,Active,52441.0,2025-02-03,289.37,Refunded
1233,Customer_1233,SMB,2024-09-18,Active,52823.0,2025-02-22,104.3,Paid
1233,Customer_1233,SMB,2024-09-18,Active,54398.0,2025-03-08,256.96,Paid
1234,Customer_1234,Retail,2024-12-08,Active,50736.0,2025-01-04,45.63,Paid
1234,Customer_1234,Retail,2024-12-08,Active,51028.0,2025-01-05,111.67,Paid
1234,Customer_1234,Retail,2024-12-08,Active,54814.0,2025-01-20,64.95,Paid
1235,Customer_1235,Retail,2024-08-18,Pending,53089.0,2025-02-03,43.83,Paid
1235,Customer_1235,Retail,2024-08-18,Pending,53288.0,2025-03-05,94.75,Paid
1235,Customer_1235,Retail,2024-08-18,Pending,54128.0,2025-03-04,383.8,Paid
1235,Customer_1235,Retail,2024-08-18,Pending,54913.0,2025-03-10,29.46,Paid
1236,Customer_1236,SMB,2024-12-20,Dormant,50515.0,2025-03-09,419.92,Paid
1236,Customer_1236,SMB,2024-12-20,Dormant,50585.0,2025-01-18,267.63,Paid
1236,Customer_1236,SMB,2024-12-20,Dormant,50733.0,2025-02-19,430.89,Paid
1236,Customer_1236,SMB,2024-12-20,Dormant,51815.0,2025-03-01,112.96,Paid
1236,Customer_1236,SMB,2024-12-20,Dormant,54253.0,2025-03-16,352.6,Paid
1236,Customer_1236,SMB,2024-12-20,Dormant,54788.0,2025-02-20,168.76,Paid
1237,Customer_1237,Retail,2024-11-07,Active,50387.0,2025-01-18,45.36,Paid
1237,Customer_1237,Retail,2024-11-07,Active,50526.0,2025-03-06,77.09,Paid
1237,Customer_1237,Retail,2024-11-07,Active,50658.0,2025-01-02,39.29,Paid
1237,Customer_1237,Retail,2024-11-07,Active,51267.0,2025-01-11,157.38,Paid
1237,Customer_1237,Retail,2024-11-07,Active,51474.0,2025-01-04,279.45,Paid
1237,Customer_1237,Retail,2024-11-07,Active,51548.0,2025-01-24,135.29,Processing
1237,Customer_1237,Retail,2024-11-07,Active,51731.0,2025-01-19,36.62,Paid
1237,Customer_1237,Retail,2024-11-07,Active,51769.0,2025-02-04,295.53,Paid
1237,Customer_1237,Retail,2024-11-07,Active,52045.0,2025-02-27,69.83,Paid
1237,Customer_1237,Retail,2024-11-07,Active,52176.0,2025-01-10,114.72,Paid
1237,Customer_1237,Retail,2024-11-07,Active,53123.0,2025-01-04,330.78,Paid
1237,Customer_1237,Retail,2024-11-07,Active,53523.0,2025-01-05,290.81,Paid
1237,Customer_1237,Retail,2024-11-07,Active,53752.0,2025-02-08,56.93,Processing
1237,Customer_1237,Retail,2024-11-07,Active,53755.0,2025-01-17,82.09,Refunded
1237,Customer_1237,Retail,2024-11-07,Active,54190.0,2025-01-15,311.42,Paid
1237,Customer_1237,Retail,2024-11-07,Active,54215.0,2025-03-18,145.18,Paid
1237,Customer_1237,Retail,2024-11-07,Active,54256.0,2025-02-06,267.85,Processing
1238,Customer_1238,Retail,2024-11-20,Pending,51176.0,2025-02-21,197.34,Paid
1238,Customer_1238,Retail,2024-11-20,Pending,51321.0,2025-03-21,110.79,Processing
1238,Customer_1238,Retail,2024-11-20,Pending,51552.0,2025-01-02,79.33,Paid
1238,Customer_1238,Retail,2024-11-20,Pending,51880.0,2025-01-01,188.12,Paid
1238,Customer_1238,Retail,2024-11-20,Pending,52439.0,2025-02-02,78.99,Paid
1238,Customer_1238,Retail,2024-11-20,Pending,53867.0,2025-03-21,213.23,Paid
1239,Customer_1239,SMB,2024-04-06,Active,50257.0,2025-01-01,62.17,Paid
1239,Customer_1239,SMB,2024-04-06,Active,51425.0,2025-03-11,67.46,Paid
1239,Customer_1239,SMB,2024-04-06,Active,52105.0,2025-01-13,45.33,Paid
1239,Customer_1239,SMB,2024-04-06,Active,52522.0,2025-02-18,42.92,Paid
1239,Customer_1239,SMB,2024-04-06,Active,53414.0,2025-03-08,58.4,Paid
1239,Customer_1239,SMB,2024-04-06,Active,53633.0,2025-01-21,317.39,Paid
1239,Customer_1239,SMB,2024-04-06,Active,53699.0,2025-02-01,242.74,Paid
1240,Customer_1240,Retail,2024-10-22,Active,53201.0,2025-02-17,495.92,Paid
1241,Customer_1241,Enterprise,2024-10-03,Dormant,50893.0,2025-01-15,210.82,Paid
1241,Customer_1241,Enterprise,2024-10-03,Dormant,51457.0,2025-01-25,466.68,Paid
1241,Customer_1241,Enterprise,2024-10-03,Dormant,51928.0,2025-02-22,85.27,Processing
1241,Customer_1241,Enterprise,2024-10-03,Dormant,52322.0,2025-03-04,74.74,Paid
1242,Customer_1242,VIP,2024-09-10,Active,53508.0,2025-01-14,156.58,Paid
1242,Customer_1242,VIP,2024-09-10,Active,53718.0,2025-02-16,48.47,Paid
1243,Customer_1243,Enterprise,2024-11-18,Active,50451.0,2025-01-19,50.12,Paid
1243,Customer_1243,Enterprise,2024-11-18,Active,51771.0,2025-02-08,180.27,Paid
1243,Customer_1243,Enterprise,2024-11-18,Active,52046.0,2025-01-18,50.48,Paid
1243,Customer_1243,Enterprise,2024-11-18,Active,53623.0,2025-02-11,355.72,Paid
1244,Customer_1244,Retail,2024-06-12,Pending,51590.0,2025-01-21,80.14,Paid
1244,Customer_1244,Retail,2024-06-12,Pending,52123.0,2025-02-05,284.61,Processing
1244,Customer_1244,Retail,2024-06-12,Pending,53683.0,2025-02-04,21.49,Paid
1245,Customer_1245,Retail,2024-07-12,Active,50817.0,2025-02-01,482.32,Paid
1245,Customer_1245,Retail,2024-07-12,Active,50819.0,2025-03-04,72.35,Paid
1245,Customer_1245,Retail,2024-07-12,Active,53913.0,2025-03-01,251.47,Paid
1245,Customer_1245,Retail,2024-07-12,Active,54400.0,2025-03-15,148.33,Paid
1246,Customer_1246,Enterprise,2024-09-13,Pending,50102.0,2025-01-01,150.21,Paid
1246,Customer_1246,Enterprise,2024-09-13,Pending,50531.0,2025-02-26,192.43,Paid
1246,Customer_1246,Enterprise,2024-09-13,Pending,51068.0,2025-03-09,234.83,Processing
1246,Customer_1246,Enterprise,2024-09-13,Pending,51430.0,2025-03-02,204.59,Paid
1246,Customer_1246,Enterprise,2024-09-13,Pending,51883.0,2025-01-08,24.69,Paid
1246,Customer_1246,Enterprise,2024-09-13,Pending,52671.0,2025-03-18,26.15,Paid
1246,Customer_1246,Enterprise,2024-09-13,Pending,53122.0,2025-03-04,60.61,Paid
1246,Customer_1246,Enterprise,2024-09-13,Pending,53713.0,2025-01-02,122.02,Paid
1247,Customer_1247,Retail,2024-03-26,Pending,51525.0,2025-03-22,69.68,Paid
1247,Customer_1247,Retail,2024-03-26,Pending,51724.0,2025-02-18,239.74,Paid
1247,Customer_1247,Retail,2024-03-26,Pending,52110.0,2025-01-21,187.0,Paid
1247,Customer_1247,Retail,2024-03-26,Pending,52340.0,2025-03-19,240.36,Paid
1247,Customer_1247,Retail,2024-03-26,Pending,52741.0,2025-02-06,277.76,Paid
1247,Customer_1247,Retail,2024-03-26,Pending,52806.0,2025-03-21,62.69,Paid
1247,Customer_1247,Retail,2024-03-26,Pending,52958.0,2025-03-02,604.72,Paid
1247,Customer_1247,Retail,2024-03-26,Pending,53491.0,2025-01-20,109.33,Refunded
1247,Customer_1247,Retail,2024-03-26,Pending,53994.0,2025-02-15,73.65,Paid
1248,Customer_1248,VIP,2024-03-23,Active,50375.0,2025-02-02,24.0,Paid
1248,Customer_1248,VIP,2024-03-23,Active,50724.0,2025-01-11,59.22,Paid
1248,Customer_1248,VIP,2024-03-23,Active,52022.0,2025-01-16,231.35,Paid
1248,Customer_1248,VIP,2024-03-23,Active,52568.0,2025-03-21,415.03,Paid
1248,Customer_1248,VIP,2024-03-23,Active,54319.0,2025-03-25,292.24,Paid
1249,Customer_1249,VIP,2024-04-13,Pending,50588.0,2025-02-22,116.18,Paid
1249,Customer_1249,VIP,2024-04-13,Pending,50991.0,2025-03-18,287.16,Paid
1249,Customer_1249,VIP,2024-04-13,Pending,51096.0,2025-03-20,93.91,Paid
1249,Customer_1249,VIP,2024-04-13,Pending,54268.0,2025-02-02,300.02,Paid
1249,Customer_1249,VIP,2024-04-13,Pending,54815.0,2025-01-09,399.35,Paid
1250,Customer_1250,Enterprise,2024-08-23,Active,50006.0,2025-02-08,178.91,Paid
1250,Customer_1250,Enterprise,2024-08-23,Active,50256.0,2025-03-18,64.72,Paid
1250,Customer_1250,Enterprise,2024-08-23,Active,52378.0,2025-01-02,163.5,Refunded
1250,Customer_1250,Enterprise,2024-08-23,Active,53957.0,2025-01-17,514.79,Processing
1250,Customer_1250,Enterprise,2024-08-23,Active,54477.0,2025-02-08,27.95,Paid
1251,Customer_1251,Retail,2024-05-23,Active,50637.0,2025-03-16,284.13,Paid
1251,Customer_1251,Retail,2024-05-23,Active,50791.0,2025-02-19,46.64,Processing
1251,Customer_1251,Retail,2024-05-23,Active,51256.0,2025-02-13,49.53,Processing
1251,Customer_1251,Retail,2024-05-23,Active,53726.0,2025-03-07,22.3,Paid
1251,Customer_1251,Retail,2024-05-23,Active,53773.0,2025-03-23,86.61,Paid
1251,Customer_1251,Retail,2024-05-23,Active,53895.0,2025-03-19,106.43,Paid
1251,Customer_1251,Retail,2024-05-23,Active,53925.0,2025-01-12,204.09,Paid
1251,Customer_1251,Retail,2024-05-23,Active,54552.0,2025-02-13,97.86,Paid
1252,Customer_1252,Retail,2024-03-12,Active,53883.0,2025-03-13,128.87,Paid
1252,Customer_1252,Retail,2024-03-12,Active,54202.0,2025-01-06,127.55,Paid
1252,Customer_1252,Retail,2024-03-12,Active,54850.0,2025-01-23,73.51,Paid
1253,Customer_1253,Enterprise,2024-02-06,Dormant,51015.0,2025-02-26,575.14,Processing
1253,Customer_1253,Enterprise,2024-02-06,Dormant,51340.0,2025-01-22,191.73,Paid
1253,Customer_1253,Enterprise,2024-02-06,Dormant,51664.0,2025-03-08,178.89,Paid
1253,Customer_1253,Enterprise,2024-02-06,Dormant,52875.0,2025-01-02,204.75,Paid
1253,Customer_1253,Enterprise,2024-02-06,Dormant,53780.0,2025-01-26,135.38,Refunded
1253,Customer_1253,Enterprise,2024-02-06,Dormant,54699.0,2025-02-25,48.91,Paid
1253,Customer_1253,Enterprise,2024-02-06,Dormant,54809.0,2025-03-12,72.23,Paid
1254,Customer_1254,Retail,2024-02-19,Active,53786.0,2025-03-26,478.02,Processing
1254,Customer_1254,Retail,2024-02-19,Active,54064.0,2025-03-22,715.75,Paid
1255,Customer_1255,Retail,2024-06-05,Active,50662.0,2025-01-24,24.78,Paid
1255,Customer_1255,Retail,2024-06-05,Active,51211.0,2025-03-04,86.75,Paid
1255,Customer_1255,Retail,2024-06-05,Active,51911.0,2025-02-15,160.27,Paid
1255,Customer_1255,Retail,2024-06-05,Active,53057.0,2025-03-24,229.81,Paid
1255,Customer_1255,Retail,2024-06-05,Active,53576.0,2025-02-17,90.19,Paid
1255,Customer_1255,Retail,2024-06-05,Active,54067.0,2025-02-11,283.35,Paid
1255,Customer_1255,Retail,2024-06-05,Active,54145.0,2025-02-27,78.63,Paid
1255,Customer_1255,Retail,2024-06-05,Active,54252.0,2025-01-06,463.95,Processing
1255,Customer_1255,Retail,2024-06-05,Active,54560.0,2025-03-27,328.86,Paid
1255,Customer_1255,Retail,2024-06-05,Active,54714.0,2025-01-15,63.18,Paid
1255,Customer_1255,Retail,2024-06-05,Active,54869.0,2025-03-21,66.9,Paid
1256,Customer_1256,SMB,2024-08-09,Active,51729.0,2025-02-18,44.1,Paid
1256,Customer_1256,SMB,2024-08-09,Active,52901.0,2025-01-22,30.33,Paid
1256,Customer_1256,SMB,2024-08-09,Active,53006.0,2025-02-14,368.4,Paid
1256,Customer_1256,SMB,2024-08-09,Active,53147.0,2025-01-21,57.26,Paid
1256,Customer_1256,SMB,2024-08-09,Active,53434.0,2025-02-12,197.33,Paid
1256,Customer_1256,SMB,2024-08-09,Active,54656.0,2025-01-22,28.32,Paid
1257,Customer_1257,Enterprise,2024-11-03,Active,50811.0,2025-02-15,62.0,Paid
1257,Customer_1257,Enterprise,2024-11-03,Active,51465.0,2025-02-07,225.74,Processing
1258,Customer_1258,SMB,2024-12-10,Active,51478.0,2025-03-08,36.61,Paid
1258,Customer_1258,SMB,2024-12-10,Active,51858.0,2025-02-17,492.36,Paid
1258,Customer_1258,SMB,2024-12-10,Active,52998.0,2025-02-26,39.58,Paid
1258,Customer_1258,SMB,2024-12-10,Active,53217.0,2025-02-11,367.87,Paid
1258,Customer_1258,SMB,2024-12-10,Active,53287.0,2025-01-10,106.98,Paid
1258,Customer_1258,SMB,2024-12-10,Active,54825.0,2025-01-07,199.5,Paid
1259,Customer_1259,SMB,2024-03-03,Active,50923.0,2025-02-25,132.99,Paid
1259,Customer_1259,SMB,2024-03-03,Active,51491.0,2025-03-13,29.51,Paid
1259,Customer_1259,SMB,2024-03-03,Active,51948.0,2025-01-27,130.04,Processing
1259,Customer_1259,SMB,2024-03-03,Active,52047.0,2025-01-19,28.31,Paid
1259,Customer_1259,SMB,2024-03-03,Active,52417.0,2025-02-12,38.11,Paid
1259,Customer_1259,SMB,2024-03-03,Active,54173.0,2025-03-10,140.16,Paid
1259,Customer_1259,SMB,2024-03-03,Active,54679.0,2025-03-14,482.49,Paid
1260,Customer_1260,Retail,2024-06-15,Active,50987.0,2025-03-22,899.74,Refunded
1260,Customer_1260,Retail,2024-06-15,Active,51461.0,2025-03-20,175.33,Paid
1260,Customer_1260,Retail,2024-06-15,Active,51828.0,2025-01-13,138.2,Paid
1260,Customer_1260,Retail,2024-06-15,Active,53553.0,2025-03-04,391.99,Paid
1260,Customer_1260,Retail,2024-06-15,Active,53601.0,2025-01-23,95.27,Paid
1260,Customer_1260,Retail,2024-06-15,Active,53675.0,2025-01-08,722.05,Paid
1260,Customer_1260,Retail,2024-06-15,Active,53933.0,2025-02-02,461.32,Paid
1261,Customer_1261,SMB,2024-01-07,Active,51619.0,2025-03-13,60.37,Paid
1261,Customer_1261,SMB,2024-01-07,Active,51711.0,2025-01-03,60.67,Paid
1261,Customer_1261,SMB,2024-01-07,Active,52160.0,2025-01-08,75.03,Paid
1261,Customer_1261,SMB,2024-01-07,Active,54599.0,2025-02-17,87.01,Paid
1262,Customer_1262,VIP,2024-12-17,Pending,50054.0,2025-02-15,264.87,Processing
1262,Customer_1262,VIP,2024-12-17,Pending,51123.0,2025-02-17,210.25,Processing
1262,Customer_1262,VIP,2024-12-17,Pending,52774.0,2025-02-18,109.0,Paid
1262,Customer_1262,VIP,2024-12-17,Pending,53703.0,2025-01-09,179.16,Paid
1263,Customer_1263,Retail,2024-05-26,Active,54037.0,2025-01-01,120.27,Paid
1263,Customer_1263,Retail,2024-05-26,Active,54709.0,2025-02-23,22.06,Paid
1264,Customer_1264,SMB,2024-08-20,Active,50208.0,2025-01-09,101.77,Paid
1264,Customer_1264,SMB,2024-08-20,Active,50445.0,2025-03-08,83.74,Paid
1264,Customer_1264,SMB,2024-08-20,Active,52218.0,2025-02-15,134.65,Processing
1264,Customer_1264,SMB,2024-08-20,Active,53380.0,2025-02-05,52.65,Paid
1265,Customer_1265,Enterprise,2024-05-04,Dormant,50885.0,2025-03-20,147.56,Paid
1265,Customer_1265,Enterprise,2024-05-04,Dormant,53406.0,2025-03-23,592.22,Paid
1265,Customer_1265,Enterprise,2024-05-04,Dormant,53577.0,2025-03-23,135.35,Paid
1265,Customer_1265,Enterprise,2024-05-04,Dormant,53679.0,2025-03-15,201.09,Paid
1265,Customer_1265,Enterprise,2024-05-04,Dormant,53795.0,2025-03-24,130.75,Paid
1265,Customer_1265,Enterprise,2024-05-04,Dormant,54091.0,2025-03-27,30.93,Paid
1266,Customer_1266,SMB,2024-12-12,Active,50192.0,2025-03-15,151.39,Paid
1266,Customer_1266,SMB,2024-12-12,Active,51203.0,2025-03-26,177.92,Processing
1266,Customer_1266,SMB,2024-12-12,Active,52604.0,2025-03-24,298.34,Paid
1266,Customer_1266,SMB,2024-12-12,Active,53605.0,2025-02-05,337.81,Paid
1266,Customer_1266,SMB,2024-12-12,Active,54420.0,2025-01-16,344.51,Processing
1267,Customer_1267,SMB,2024-04-24,Dormant,50018.0,2025-01-09,69.37,Paid
1267,Customer_1267,SMB,2024-04-24,Dormant,51112.0,2025-02-20,225.63,Refunded
1267,Customer_1267,SMB,2024-04-24,Dormant,53045.0,2025-01-21,25.41,Paid
1267,Customer_1267,SMB,2024-04-24,Dormant,53690.0,2025-02-09,258.47,Paid
1267,Customer_1267,SMB,2024-04-24,Dormant,53781.0,2025-03-02,69.18,Paid
1267,Customer_1267,SMB,2024-04-24,Dormant,54232.0,2025-03-25,100.89,Paid
1268,Customer_1268,SMB,2024-02-17,Active,50173.0,2025-03-22,137.46,Paid
1268,Customer_1268,SMB,2024-02-17,Active,53705.0,2025-03-07,203.11,Paid
1268,Customer_1268,SMB,2024-02-17,Active,53980.0,2025-02-13,157.87,Paid
1268,Customer_1268,SMB,2024-02-17,Active,54119.0,2025-02-24,57.1,Paid
1268,Customer_1268,SMB,2024-02-17,Active,54316.0,2025-01-04,33.79,Paid
1268,Customer_1268,SMB,2024-02-17,Active,54807.0,2025-03-25,63.42,Paid
1269,Customer_1269,Retail,2024-03-09,Pending,50489.0,2025-01-05,327.61,Paid
1269,Customer_1269,Retail,2024-03-09,Pending,51245.0,2025-03-13,61.92,Paid
1269,Customer_1269,Retail,2024-03-09,Pending,52559.0,2025-03-03,21.54,Paid
1269,Customer_1269,Retail,2024-03-09,Pending,53587.0,2025-03-12,28.09,Paid
1269,Customer_1269,Retail,2024-03-09,Pending,53745.0,2025-03-13,133.46,Paid
1269,Customer_1269,Retail,2024-03-09,Pending,53947.0,2025-01-03,123.77,Paid
1269,Customer_1269,Retail,2024-03-09,Pending,54930.0,2025-02-04,21.51,Paid
1270,Customer_1270,Retail,2024-04-26,Active,50439.0,2025-01-13,56.34,Paid
1270,Customer_1270,Retail,2024-04-26,Active,51055.0,2025-03-15,24.68,Paid
1270,Customer_1270,Retail,2024-04-26,Active,51629.0,2025-01-02,380.55,Paid
1270,Customer_1270,Retail,2024-04-26,Active,52055.0,2025-02-04,88.85,Paid
1270,Customer_1270,Retail,2024-04-26,Active,52785.0,2025-03-09,550.28,Processing
1270,Customer_1270,Retail,2024-04-26,Active,53358.0,2025-02-10,87.31,Processing
1270,Customer_1270,Retail,2024-04-26,Active,54631.0,2025-02-18,427.49,Paid
1271,Customer_1271,Enterprise,2024-05-02,Active,50524.0,2025-01-18,121.42,Paid
1271,Customer_1271,Enterprise,2024-05-02,Active,50540.0,2025-01-02,31.9,Paid
1271,Customer_1271,Enterprise,2024-05-02,Active,50628.0,2025-02-02,203.56,Paid
1271,Customer_1271,Enterprise,2024-05-02,Active,51264.0,2025-01-18,69.04,Paid
1271,Customer_1271,Enterprise,2024-05-02,Active,51376.0,2025-01-01,246.5,Paid
1271,Customer_1271,Enterprise,2024-05-02,Active,53450.0,2025-03-07,48.45,Paid
1271,Customer_1271,Enterprise,2024-05-02,Active,53688.0,2025-02-05,133.21,Paid
1271,Customer_1271,Enterprise,2024-05-02,Active,53710.0,2025-02-27,48.42,Paid
1271,Customer_1271,Enterprise,2024-05-02,Active,54339.0,2025-03-10,103.35,Paid
1271,Customer_1271,Enterprise,2024-05-02,Active,54537.0,2025-03-12,98.37,Paid
1271,Customer_1271,Enterprise,2024-05-02,Active,54884.0,2025-02-08,23.55,Paid
1272,Customer_1272,Enterprise,2024-04-02,Active,50198.0,2025-03-20,90.42,Paid
1272,Customer_1272,Enterprise,2024-04-02,Active,51183.0,2025-01-22,170.76,Paid
1272,Customer_1272,Enterprise,2024-04-02,Active,53033.0,2025-03-15,137.09,Paid
1273,Customer_1273,Enterprise,2024-02-04,Pending,50131.0,2025-03-23,60.43,Paid
1273,Customer_1273,Enterprise,2024-02-04,Pending,50240.0,2025-01-21,359.41,Refunded
1273,Customer_1273,Enterprise,2024-02-04,Pending,50984.0,2025-01-23,43.9,Paid
1273,Customer_1273,Enterprise,2024-02-04,Pending,51219.0,2025-02-05,84.66,Paid
1273,Customer_1273,Enterprise,2024-02-04,Pending,51855.0,2025-01-22,116.93,Paid
1273,Customer_1273,Enterprise,2024-02-04,Pending,53053.0,2025-01-14,167.54,Processing
1273,Customer_1273,Enterprise,2024-02-04,Pending,53172.0,2025-01-10,172.71,Paid
1273,Customer_1273,Enterprise,2024-02-04,Pending,53986.0,2025-02-12,28.63,Paid
1273,Customer_1273,Enterprise,2024-02-04,Pending,54381.0,2025-03-20,252.6,Paid
1273,Customer_1273,Enterprise,2024-02-04,Pending,54412.0,2025-01-09,187.57,Paid
1273,Customer_1273,Enterprise,2024-02-04,Pending,54710.0,2025-03-16,78.95,Paid
1274,Customer_1274,Enterprise,2024-06-07,Active,50545.0,2025-02-03,222.87,Paid
1274,Customer_1274,Enterprise,2024-06-07,Active,50820.0,2025-01-20,21.14,Processing
1274,Customer_1274,Enterprise,2024-06-07,Active,50829.0,2025-03-18,91.1,Paid
1274,Customer_1274,Enterprise,2024-06-07,Active,51410.0,2025-01-02,252.39,Paid
1274,Customer_1274,Enterprise,2024-06-07,Active,52127.0,2025-03-17,89.76,Paid
1275,Customer_1275,SMB,2024-10-19,Active,50261.0,2025-02-13,67.09,Paid
1275,Customer_1275,SMB,2024-10-19,Active,51614.0,2025-02-12,223.69,Paid
1275,Customer_1275,SMB,2024-10-19,Active,52298.0,2025-02-02,41.82,Paid
1275,Customer_1275,SMB,2024-10-19,Active,52423.0,2025-03-12,226.82,Processing
1275,Customer_1275,SMB,2024-10-19,Active,52563.0,2025-01-15,57.05,Paid
1276,Customer_1276,SMB,2024-03-26,Active,50342.0,2025-01-24,84.79,Paid
1276,Customer_1276,SMB,2024-03-26,Active,50979.0,2025-02-26,303.84,Refunded
1276,Customer_1276,SMB,2024-03-26,Active,51953.0,2025-02-25,213.21,Paid
1276,Customer_1276,SMB,2024-03-26,Active,52713.0,2025-03-22,72.97,Paid
1276,Customer_1276,SMB,2024-03-26,Active,53245.0,2025-01-11,146.03,Paid
1276,Customer_1276,SMB,2024-03-26,Active,54461.0,2025-03-13,420.99,Paid
1276,Customer_1276,SMB,2024-03-26,Active,54724.0,2025-03-04,96.84,Paid
1276,Customer_1276,SMB,2024-03-26,Active,54811.0,2025-03-17,36.16,Paid
1276,Customer_1276,SMB,2024-03-26,Active,54964.0,2025-03-06,221.16,Paid
1277,Customer_1277,SMB,2024-06-12,Active,50891.0,2025-01-21,115.06,Paid
1277,Customer_1277,SMB,2024-06-12,Active,54006.0,2025-02-22,31.21,Paid
1277,Customer_1277,SMB,2024-06-12,Active,54346.0,2025-02-06,180.6,Paid
1278,Customer_1278,SMB,2024-03-13,Active,50085.0,2025-01-08,82.04,Paid
1278,Customer_1278,SMB,2024-03-13,Active,50145.0,2025-02-14,168.61,Paid
1278,Customer_1278,SMB,2024-03-13,Active,50275.0,2025-02-02,95.34,Paid
1278,Customer_1278,SMB,2024-03-13,Active,50765.0,2025-01-12,165.83,Paid
1278,Customer_1278,SMB,2024-03-13,Active,51597.0,2025-03-02,84.5,Processing
1278,Customer_1278,SMB,2024-03-13,Active,52669.0,2025-03-07,136.96,Paid
1278,Customer_1278,SMB,2024-03-13,Active,52796.0,2025-03-01,42.81,Paid
1278,Customer_1278,SMB,2024-03-13,Active,53316.0,2025-02-19,39.81,Paid
1278,Customer_1278,SMB,2024-03-13,Active,54031.0,2025-02-12,134.41,Paid
1279,Customer_1279,SMB,2024-02-08,Active,51484.0,2025-03-10,810.31,Paid
1279,Customer_1279,SMB,2024-02-08,Active,51850.0,2025-01-08,333.29,Paid
1279,Customer_1279,SMB,2024-02-08,Active,52225.0,2025-02-19,47.08,Paid
1279,Customer_1279,SMB,2024-02-08,Active,53058.0,2025-02-11,510.41,Processing
1279,Customer_1279,SMB,2024-02-08,Active,54527.0,2025-02-27,299.76,Refunded
1279,Customer_1279,SMB,2024-02-08,Active,54784.0,2025-03-24,71.15,Paid
1280,Customer_1280,SMB,2024-05-15,Pending,51079.0,2025-03-13,125.73,Paid
1280,Customer_1280,SMB,2024-05-15,Pending,51398.0,2025-02-19,33.89,Paid
1280,Customer_1280,SMB,2024-05-15,Pending,52472.0,2025-02-16,118.42,Paid
1280,Customer_1280,SMB,2024-05-15,Pending,54644.0,2025-02-19,272.87,Processing
1281,Customer_1281,Enterprise,2024-01-03,Active,50539.0,2025-03-08,221.72,Paid
1281,Customer_1281,Enterprise,2024-01-03,Active,51044.0,2025-02-26,288.02,Paid
1281,Customer_1281,Enterprise,2024-01-03,Active,51674.0,2025-03-09,208.44,Paid
1281,Customer_1281,Enterprise,2024-01-03,Active,53613.0,2025-01-12,78.87,Paid
1281,Customer_1281,Enterprise,2024-01-03,Active,53924.0,2025-02-19,123.84,Paid
1282,Customer_1282,Retail,2024-10-08,Active,52098.0,2025-01-08,440.6,Paid
1282,Customer_1282,Retail,2024-10-08,Active,52984.0,2025-02-02,404.35,Paid
1282,Customer_1282,Retail,2024-10-08,Active,53124.0,2025-01-16,217.58,Paid
1282,Customer_1282,Retail,2024-10-08,Active,53473.0,2025-03-26,98.01,Paid
1282,Customer_1282,Retail,2024-10-08,Active,53823.0,2025-03-15,60.5,Paid
1282,Customer_1282,Retail,2024-10-08,Active,54038.0,2025-03-26,43.76,Paid
1283,Customer_1283,Retail,2024-04-16,Active,50194.0,2025-01-16,298.19,Processing
1283,Customer_1283,Retail,2024-04-16,Active,50304.0,2025-01-06,60.69,Paid
1283,Customer_1283,Retail,2024-04-16,Active,50344.0,2025-03-15,38.57,Paid
1283,Customer_1283,Retail,2024-04-16,Active,50391.0,2025-01-24,173.14,Paid
1283,Customer_1283,Retail,2024-04-16,Active,50620.0,2025-03-08,153.17,Paid
1283,Customer_1283,Retail,2024-04-16,Active,51077.0,2025-02-15,76.21,Processing
1283,Customer_1283,Retail,2024-04-16,Active,51428.0,2025-03-22,45.95,Paid
1283,Customer_1283,Retail,2024-04-16,Active,51496.0,2025-01-13,109.16,Paid
1283,Customer_1283,Retail,2024-04-16,Active,53809.0,2025-03-02,236.14,Processing
1283,Customer_1283,Retail,2024-04-16,Active,54131.0,2025-01-05,205.03,Paid
1283,Customer_1283,Retail,2024-04-16,Active,54225.0,2025-03-22,82.92,Paid
1283,Customer_1283,Retail,2024-04-16,Active,54293.0,2025-02-01,93.18,Paid
1284,Customer_1284,Retail,2024-07-10,Active,50399.0,2025-03-09,369.83,Paid
1284,Customer_1284,Retail,2024-07-10,Active,50663.0,2025-03-20,36.93,Paid
1284,Customer_1284,Retail,2024-07-10,Active,51434.0,2025-02-02,244.82,Paid
1284,Customer_1284,Retail,2024-07-10,Active,52391.0,2025-01-12,37.68,Paid
1284,Customer_1284,Retail,2024-07-10,Active,53449.0,2025-03-14,225.45,Paid
1284,Customer_1284,Retail,2024-07-10,Active,53772.0,2025-01-06,270.78,Processing
1285,Customer_1285,SMB,2024-12-14,Active,50612.0,2025-01-17,378.37,Paid
1285,Customer_1285,SMB,2024-12-14,Active,51298.0,2025-03-26,30.47,Paid
1285,Customer_1285,SMB,2024-12-14,Active,51329.0,2025-02-20,66.34,Paid
1285,Customer_1285,SMB,2024-12-14,Active,51438.0,2025-01-01,126.1,Paid
1285,Customer_1285,SMB,2024-12-14,Active,52386.0,2025-03-15,306.65,Paid
1286,Customer_1286,Retail,2024-02-23,Active,51385.0,2025-02-19,99.57,Paid
1286,Customer_1286,Retail,2024-02-23,Active,53027.0,2025-03-15,136.9,Paid
1286,Customer_1286,Retail,2024-02-23,Active,53241.0,2025-02-09,43.81,Refunded
1286,Customer_1286,Retail,2024-02-23,Active,53571.0,2025-02-26,132.78,Paid
1286,Customer_1286,Retail,2024-02-23,Active,54312.0,2025-01-01,159.84,Processing
1287,Customer_1287,Retail,2024-05-05,Active,50045.0,2025-03-06,535.16,Paid
1287,Customer_1287,Retail,2024-05-05,Active,51197.0,2025-02-24,395.3,Processing
1287,Customer_1287,Retail,2024-05-05,Active,51513.0,2025-02-12,167.73,Paid
1287,Customer_1287,Retail,2024-05-05,Active,53461.0,2025-02-04,50.49,Paid
1287,Customer_1287,Retail,2024-05-05,Active,53615.0,2025-02-12,34.64,Paid
1287,Customer_1287,Retail,2024-05-05,Active,54687.0,2025-03-09,26.25,Paid
1288,Customer_1288,SMB,2024-06-13,Active,50044.0,2025-02-17,81.9,Paid
1288,Customer_1288,SMB,2024-06-13,Active,50382.0,2025-03-03,28.43,Paid
1288,Customer_1288,SMB,2024-06-13,Active,51192.0,2025-03-05,58.78,Paid
1288,Customer_1288,SMB,2024-06-13,Active,51905.0,2025-02-15,286.49,Paid
1288,Customer_1288,SMB,2024-06-13,Active,52071.0,2025-02-16,73.44,Paid
1288,Customer_1288,SMB,2024-06-13,Active,52584.0,2025-03-16,232.42,Paid
1288,Customer_1288,SMB,2024-06-13,Active,53638.0,2025-02-05,156.37,Refunded
1288,Customer_1288,SMB,2024-06-13,Active,54279.0,2025-02-19,56.85,Refunded
1289,Customer_1289,Retail,2024-09-22,Active,50708.0,2025-01-05,307.64,Paid
1289,Customer_1289,Retail,2024-09-22,Active,51057.0,2025-02-18,405.03,Paid
1289,Customer_1289,Retail,2024-09-22,Active,52369.0,2025-03-21,207.04,Paid
1289,Customer_1289,Retail,2024-09-22,Active,54371.0,2025-03-16,31.03,Paid
1290,Customer_1290,SMB,2024-12-15,Pending,51184.0,2025-03-20,38.27,Paid
1290,Customer_1290,SMB,2024-12-15,Pending,52246.0,2025-02-18,532.43,Paid
1291,Customer_1291,Retail,2024-08-07,Dormant,50132.0,2025-03-13,378.52,Paid
1291,Customer_1291,Retail,2024-08-07,Dormant,50860.0,2025-02-08,77.21,Paid
1291,Customer_1291,Retail,2024-08-07,Dormant,52211.0,2025-01-03,286.64,Paid
1291,Customer_1291,Retail,2024-08-07,Dormant,54425.0,2025-02-27,135.0,Processing
1291,Customer_1291,Retail,2024-08-07,Dormant,54765.0,2025-02-26,168.78,Paid
1291,Customer_1291,Retail,2024-08-07,Dormant,54777.0,2025-01-05,274.77,Refunded
1292,Customer_1292,Retail,2024-09-20,Active,50571.0,2025-02-07,124.1,Paid
1292,Customer_1292,Retail,2024-09-20,Active,50586.0,2025-01-01,162.01,Paid
1292,Customer_1292,Retail,2024-09-20,Active,54494.0,2025-01-07,47.61,Paid
1292,Customer_1292,Retail,2024-09-20,Active,54525.0,2025-01-12,80.58,Processing
1293,Customer_1293,Enterprise,2024-02-07,Dormant,50048.0,2025-01-18,103.8,Paid
1293,Customer_1293,Enterprise,2024-02-07,Dormant,51593.0,2025-02-12,39.14,Paid
1293,Customer_1293,Enterprise,2024-02-07,Dormant,52343.0,2025-03-09,33.86,Paid
1293,Customer_1293,Enterprise,2024-02-07,Dormant,54307.0,2025-01-20,53.51,Processing
1293,Customer_1293,Enterprise,2024-02-07,Dormant,54750.0,2025-02-05,163.04,Processing
1294,Customer_1294,Retail,2024-06-17,Active,50894.0,2025-01-01,32.09,Paid
1294,Customer_1294,Retail,2024-06-17,Active,51046.0,2025-03-26,43.3,Paid
1294,Customer_1294,Retail,2024-06-17,Active,51275.0,2025-03-23,134.77,Paid
1294,Customer_1294,Retail,2024-06-17,Active,52270.0,2025-01-21,21.47,Paid
1294,Customer_1294,Retail,2024-06-17,Active,52476.0,2025-01-03,264.01,Paid
1294,Customer_1294,Retail,2024-06-17,Active,54235.0,2025-03-17,220.2,Paid
1294,Customer_1294,Retail,2024-06-17,Active,54606.0,2025-01-24,36.34,Processing
1294,Customer_1294,Retail,2024-06-17,Active,54650.0,2025-03-14,195.53,Paid
1295,Customer_1295,Retail,2024-11-25,Active,50154.0,2025-01-18,155.39,Paid
1295,Customer_1295,Retail,2024-11-25,Active,54435.0,2025-03-12,305.77,Paid
1296,Customer_1296,SMB,2024-09-02,Active,50826.0,2025-01-10,115.6,Paid
1296,Customer_1296,SMB,2024-09-02,Active,51247.0,2025-01-17,46.62,Processing
1296,Customer_1296,SMB,2024-09-02,Active,52040.0,2025-03-06,77.98,Paid
1296,Customer_1296,SMB,2024-09-02,Active,52077.0,2025-01-27,23.13,Paid
1296,Customer_1296,SMB,2024-09-02,Active,52099.0,2025-03-13,139.29,Paid
1296,Customer_1296,SMB,2024-09-02,Active,52640.0,2025-02-02,275.76,Paid
1296,Customer_1296,SMB,2024-09-02,Active,54977.0,2025-02-24,42.81,Paid
1296,Customer_1296,SMB,2024-09-02,Active,54990.0,2025-02-12,134.9,Paid
1297,Customer_1297,SMB,2024-03-05,Active,50444.0,2025-03-24,131.1,Paid
1297,Customer_1297,SMB,2024-03-05,Active,50873.0,2025-03-25,587.94,Paid
1297,Customer_1297,SMB,2024-03-05,Active,51907.0,2025-02-19,324.69,Paid
1297,Customer_1297,SMB,2024-03-05,Active,52447.0,2025-02-22,159.16,Paid
1297,Customer_1297,SMB,2024-03-05,Active,54583.0,2025-02-06,97.45,Refunded
1298,Customer_1298,Retail,2024-05-01,Active,50471.0,2025-03-26,283.08,Paid
1298,Customer_1298,Retail,2024-05-01,Active,51944.0,2025-01-23,46.06,Paid
1298,Customer_1298,Retail,2024-05-01,Active,53002.0,2025-03-07,92.56,Paid
1298,Customer_1298,Retail,2024-05-01,Active,53208.0,2025-03-16,212.1,Paid
1298,Customer_1298,Retail,2024-05-01,Active,54707.0,2025-02-06,30.8,Refunded
1298,Customer_1298,Retail,2024-05-01,Active,54991.0,2025-03-11,144.01,Paid
1299,Customer_1299,SMB,2024-08-12,Active,52789.0,2025-02-12,64.96,Paid
1299,Customer_1299,SMB,2024-08-12,Active,53477.0,2025-02-24,133.5,Paid
1299,Customer_1299,SMB,2024-08-12,Active,54450.0,2025-01-18,39.23,Paid
1299,Customer_1299,SMB,2024-08-12,Active,54652.0,2025-02-14,73.88,Paid
1299,Customer_1299,SMB,2024-08-12,Active,54829.0,2025-03-18,111.13,Paid
1300,Customer_1300,Retail,2024-08-04,Active,50623.0,2025-02-02,335.83,Paid
1300,Customer_1300,Retail,2024-08-04,Active,50945.0,2025-02-15,225.54,Paid
1300,Customer_1300,Retail,2024-08-04,Active,51208.0,2025-02-02,191.71,Processing
1300,Customer_1300,Retail,2024-08-04,Active,51332.0,2025-02-26,159.22,Refunded
1300,Customer_1300,Retail,2024-08-04,Active,52755.0,2025-01-20,111.63,Paid
1300,Customer_1300,Retail,2024-08-04,Active,53639.0,2025-01-20,62.68,Paid
1301,Customer_1301,Retail,2024-07-15,Active,50668.0,2025-01-08,293.49,Refunded
1301,Customer_1301,Retail,2024-07-15,Active,53392.0,2025-02-09,30.77,Paid
1302,Customer_1302,SMB,2024-11-10,Active,52309.0,2025-01-01,373.64,Paid
1302,Customer_1302,SMB,2024-11-10,Active,52358.0,2025-01-24,486.78,Paid
1302,Customer_1302,SMB,2024-11-10,Active,53365.0,2025-03-04,254.45,Paid
1302,Customer_1302,SMB,2024-11-10,Active,53719.0,2025-03-06,158.88,Paid
1302,Customer_1302,SMB,2024-11-10,Active,54222.0,2025-01-03,148.32,Paid
1302,Customer_1302,SMB,2024-11-10,Active,54938.0,2025-01-18,151.5,Paid
1303,Customer_1303,SMB,2024-03-22,Active,51202.0,2025-01-11,761.28,Paid
1303,Customer_1303,SMB,2024-03-22,Active,51450.0,2025-02-11,89.18,Paid
1303,Customer_1303,SMB,2024-03-22,Active,52407.0,2025-01-14,42.09,Refunded
1304,Customer_1304,SMB,2024-10-10,Active,50249.0,2025-03-23,144.49,Paid
1304,Customer_1304,SMB,2024-10-10,Active,52527.0,2025-03-12,193.15,Paid
1304,Customer_1304,SMB,2024-10-10,Active,52661.0,2025-01-19,203.4,Paid
1304,Customer_1304,SMB,2024-10-10,Active,52895.0,2025-01-04,169.16,Paid
1304,Customer_1304,SMB,2024-10-10,Active,53193.0,2025-03-20,78.48,Paid
1304,Customer_1304,SMB,2024-10-10,Active,53227.0,2025-01-09,40.29,Paid
1305,Customer_1305,SMB,2024-12-09,Active,50801.0,2025-01-09,134.54,Paid
1305,Customer_1305,SMB,2024-12-09,Active,52236.0,2025-03-10,147.1,Paid
1305,Customer_1305,SMB,2024-12-09,Active,53503.0,2025-03-09,48.04,Paid
1305,Customer_1305,SMB,2024-12-09,Active,54228.0,2025-03-27,317.08,Refunded
1306,Customer_1306,VIP,2024-01-05,Pending,50452.0,2025-02-19,78.72,Paid
1306,Customer_1306,VIP,2024-01-05,Pending,51036.0,2025-02-02,213.09,Paid
1306,Customer_1306,VIP,2024-01-05,Pending,52415.0,2025-03-22,77.87,Paid
1306,Customer_1306,VIP,2024-01-05,Pending,53509.0,2025-03-16,54.02,Paid
1306,Customer_1306,VIP,2024-01-05,Pending,53661.0,2025-01-05,65.42,Paid
1306,Customer_1306,VIP,2024-01-05,Pending,53843.0,2025-01-11,205.46,Paid
1307,Customer_1307,SMB,2024-04-08,Dormant,50119.0,2025-02-26,49.92,Paid
1307,Customer_1307,SMB,2024-04-08,Dormant,52202.0,2025-01-10,77.85,Paid
1307,Customer_1307,SMB,2024-04-08,Dormant,52596.0,2025-03-19,61.53,Paid
1307,Customer_1307,SMB,2024-04-08,Dormant,52795.0,2025-03-06,171.85,Paid
1307,Customer_1307,SMB,2024-04-08,Dormant,53059.0,2025-02-23,72.61,Paid
1308,Customer_1308,Retail,2024-11-12,Active,51356.0,2025-03-06,155.99,Paid
1308,Customer_1308,Retail,2024-11-12,Active,53375.0,2025-01-22,410.82,Paid
1308,Customer_1308,Retail,2024-11-12,Active,54094.0,2025-02-08,126.34,Paid
1308,Customer_1308,Retail,2024-11-12,Active,54188.0,2025-01-26,158.12,Paid
1308,Customer_1308,Retail,2024-11-12,Active,54485.0,2025-03-17,165.26,Paid
1309,Customer_1309,SMB,2024-01-25,Dormant,52374.0,2025-01-15,217.03,Paid
1309,Customer_1309,SMB,2024-01-25,Dormant,52574.0,2025-02-23,93.64,Paid
1309,Customer_1309,SMB,2024-01-25,Dormant,52822.0,2025-03-08,42.67,Paid
1309,Customer_1309,SMB,2024-01-25,Dormant,53292.0,2025-01-06,23.71,Paid
1309,Customer_1309,SMB,2024-01-25,Dormant,53863.0,2025-01-16,57.05,Paid
1309,Customer_1309,SMB,2024-01-25,Dormant,54480.0,2025-01-18,292.85,Processing
1310,Customer_1310,Retail,2024-06-20,Active,50610.0,2025-03-16,92.78,Paid
1310,Customer_1310,Retail,2024-06-20,Active,50838.0,2025-03-01,109.49,Paid
1310,Customer_1310,Retail,2024-06-20,Active,51206.0,2025-02-01,78.86,Processing
1310,Customer_1310,Retail,2024-06-20,Active,51468.0,2025-01-01,173.08,Processing
1310,Customer_1310,Retail,2024-06-20,Active,51962.0,2025-03-02,813.25,Paid
1310,Customer_1310,Retail,2024-06-20,Active,52735.0,2025-03-19,86.06,Paid
1310,Customer_1310,Retail,2024-06-20,Active,54783.0,2025-02-18,56.21,Paid
1311,Customer_1311,Retail,2024-12-25,Active,50726.0,2025-03-03,130.98,Paid
1311,Customer_1311,Retail,2024-12-25,Active,51698.0,2025-03-04,44.74,Paid
1311,Customer_1311,Retail,2024-12-25,Active,52008.0,2025-01-27,32.89,Paid
1311,Customer_1311,Retail,2024-12-25,Active,52241.0,2025-01-09,342.03,Paid
1311,Customer_1311,Retail,2024-12-25,Active,52877.0,2025-02-07,49.81,Refunded
1311,Customer_1311,Retail,2024-12-25,Active,53246.0,2025-02-10,28.24,Paid
1311,Customer_1311,Retail,2024-12-25,Active,53425.0,2025-03-03,229.18,Paid
1312,Customer_1312,Retail,2024-11-05,Active,50361.0,2025-02-06,106.74,Paid
1312,Customer_1312,Retail,2024-11-05,Active,51048.0,2025-03-06,32.56,Paid
1313,Customer_1313,Retail,2024-05-12,Active,50789.0,2025-01-13,594.04,Paid
1313,Customer_1313,Retail,2024-05-12,Active,51914.0,2025-02-27,189.83,Paid
1313,Customer_1313,Retail,2024-05-12,Active,52466.0,2025-02-04,74.33,Paid
1313,Customer_1313,Retail,2024-05-12,Active,52995.0,2025-02-10,174.22,Refunded
1313,Customer_1313,Retail,2024-05-12,Active,54664.0,2025-01-09,773.48,Paid
1313,Customer_1313,Retail,2024-05-12,Active,54774.0,2025-01-13,173.65,Paid
1314,Customer_1314,VIP,2024-05-17,Dormant,50760.0,2025-01-11,408.11,Paid
1314,Customer_1314,VIP,2024-05-17,Dormant,52145.0,2025-03-16,87.74,Paid
1314,Customer_1314,VIP,2024-05-17,Dormant,52271.0,2025-02-26,89.21,Paid
1314,Customer_1314,VIP,2024-05-17,Dormant,52414.0,2025-03-18,76.71,Paid
1314,Customer_1314,VIP,2024-05-17,Dormant,53532.0,2025-02-04,194.28,Paid
1314,Customer_1314,VIP,2024-05-17,Dormant,53604.0,2025-01-13,88.2,Refunded
1314,Customer_1314,VIP,2024-05-17,Dormant,53950.0,2025-03-25,152.99,Paid
1314,Customer_1314,VIP,2024-05-17,Dormant,54492.0,2025-01-11,120.07,Paid
1315,Customer_1315,Enterprise,2024-01-24,Active,51020.0,2025-02-12,55.91,Paid
1315,Customer_1315,Enterprise,2024-01-24,Active,51226.0,2025-03-25,320.79,Paid
1315,Customer_1315,Enterprise,2024-01-24,Active,51514.0,2025-03-02,69.43,Paid
1315,Customer_1315,Enterprise,2024-01-24,Active,52629.0,2025-02-01,38.31,Paid
1315,Customer_1315,Enterprise,2024-01-24,Active,53115.0,2025-02-08,100.8,Paid
1315,Customer_1315,Enterprise,2024-01-24,Active,54937.0,2025-01-06,101.35,Paid
1316,Customer_1316,SMB,2024-12-24,Active,50004.0,2025-02-20,177.29,Paid
1316,Customer_1316,SMB,2024-12-24,Active,50802.0,2025-03-08,60.57,Paid
1316,Customer_1316,SMB,2024-12-24,Active,54265.0,2025-01-23,386.7,Paid
1317,Customer_1317,Retail,2024-12-15,Active,51612.0,2025-01-10,21.98,Paid
1317,Customer_1317,Retail,2024-12-15,Active,51753.0,2025-03-07,67.05,Paid
1317,Customer_1317,Retail,2024-12-15,Active,52821.0,2025-01-13,315.29,Paid
1317,Customer_1317,Retail,2024-12-15,Active,53376.0,2025-02-16,147.19,Paid
1317,Customer_1317,Retail,2024-12-15,Active,53929.0,2025-02-24,169.82,Paid
1317,Customer_1317,Retail,2024-12-15,Active,54045.0,2025-01-12,57.4,Paid
1318,Customer_1318,Retail,2024-06-12,Active,50755.0,2025-02-15,182.52,Paid
1318,Customer_1318,Retail,2024-06-12,Active,50972.0,2025-02-14,200.05,Paid
1318,Customer_1318,Retail,2024-06-12,Active,51865.0,2025-03-07,126.32,Paid
1318,Customer_1318,Retail,2024-06-12,Active,52951.0,2025-01-06,68.44,Paid
1318,Customer_1318,Retail,2024-06-12,Active,53555.0,2025-03-15,136.25,Paid
1319,Customer_1319,Retail,2024-11-20,Pending,52308.0,2025-03-26,105.2,Paid
1320,Customer_1320,Retail,2024-02-14,Active,50696.0,2025-01-12,76.12,Paid
1320,Customer_1320,Retail,2024-02-14,Active,54365.0,2025-01-01,62.37,Paid
1320,Customer_1320,Retail,2024-02-14,Active,54663.0,2025-03-27,153.33,Paid
1321,Customer_1321,SMB,2024-02-09,Active,50300.0,2025-03-23,30.64,Processing
1321,Customer_1321,SMB,2024-02-09,Active,52385.0,2025-02-01,340.51,Paid
1321,Customer_1321,SMB,2024-02-09,Active,53294.0,2025-03-14,34.41,Paid
1321,Customer_1321,SMB,2024-02-09,Active,54138.0,2025-02-24,26.14,Paid
1321,Customer_1321,SMB,2024-02-09,Active,54389.0,2025-02-10,98.99,Paid
1321,Customer_1321,SMB,2024-02-09,Active,54627.0,2025-03-19,163.5,Paid
1322,Customer_1322,SMB,2024-05-20,Active,50360.0,2025-02-08,169.92,Paid
1322,Customer_1322,SMB,2024-05-20,Active,53681.0,2025-03-06,45.73,Processing
1322,Customer_1322,SMB,2024-05-20,Active,54668.0,2025-03-25,201.28,Paid
1323,Customer_1323,SMB,2024-10-01,Active,50080.0,2025-03-14,107.03,Processing
1323,Customer_1323,SMB,2024-10-01,Active,50320.0,2025-01-14,176.44,Processing
1323,Customer_1323,SMB,2024-10-01,Active,51727.0,2025-01-07,445.27,Paid
1323,Customer_1323,SMB,2024-10-01,Active,53009.0,2025-01-19,50.59,Paid
1323,Customer_1323,SMB,2024-10-01,Active,53959.0,2025-02-13,159.95,Paid
1323,Customer_1323,SMB,2024-10-01,Active,54107.0,2025-02-23,155.02,Paid
1324,Customer_1324,Retail,2024-07-03,Active,50950.0,2025-03-04,96.21,Refunded
1324,Customer_1324,Retail,2024-07-03,Active,52242.0,2025-01-04,296.03,Paid
1324,Customer_1324,Retail,2024-07-03,Active,52844.0,2025-01-18,43.13,Paid
1324,Customer_1324,Retail,2024-07-03,Active,52900.0,2025-03-15,51.29,Paid
1324,Customer_1324,Retail,2024-07-03,Active,53800.0,2025-02-16,33.54,Paid
1325,Customer_1325,VIP,2024-06-05,Active,51017.0,2025-02-26,112.85,Paid
1325,Customer_1325,VIP,2024-06-05,Active,51467.0,2025-01-04,112.95,Refunded
1325,Customer_1325,VIP,2024-06-05,Active,51472.0,2025-03-15,48.69,Paid
1325,Customer_1325,VIP,2024-06-05,Active,52106.0,2025-01-05,100.26,Paid
1325,Customer_1325,VIP,2024-06-05,Active,52113.0,2025-02-10,26.58,Paid
1325,Customer_1325,VIP,2024-06-05,Active,54017.0,2025-03-23,384.61,Paid
1326,Customer_1326,SMB,2024-05-27,Active,51307.0,2025-03-07,116.66,Processing
1326,Customer_1326,SMB,2024-05-27,Active,51310.0,2025-03-09,23.31,Paid
1326,Customer_1326,SMB,2024-05-27,Active,52135.0,2025-02-03,171.65,Paid
1326,Customer_1326,SMB,2024-05-27,Active,52446.0,2025-01-13,54.93,Paid
1326,Customer_1326,SMB,2024-05-27,Active,52757.0,2025-02-24,192.13,Paid
1326,Customer_1326,SMB,2024-05-27,Active,53538.0,2025-03-18,164.8,Paid
1326,Customer_1326,SMB,2024-05-27,Active,54440.0,2025-01-17,201.44,Paid
1327,Customer_1327,SMB,2024-05-01,Active,50093.0,2025-02-27,23.07,Paid
1327,Customer_1327,SMB,2024-05-01,Active,50365.0,2025-01-01,228.04,Paid
1327,Customer_1327,SMB,2024-05-01,Active,50883.0,2025-03-07,132.04,Processing
1327,Customer_1327,SMB,2024-05-01,Active,51851.0,2025-01-25,131.92,Paid
1327,Customer_1327,SMB,2024-05-01,Active,51872.0,2025-02-22,201.13,Paid
1327,Customer_1327,SMB,2024-05-01,Active,52687.0,2025-03-23,42.44,Paid
1327,Customer_1327,SMB,2024-05-01,Active,52828.0,2025-01-06,132.31,Refunded
1327,Customer_1327,SMB,2024-05-01,Active,53654.0,2025-02-02,265.66,Paid
1327,Customer_1327,SMB,2024-05-01,Active,53983.0,2025-02-02,122.1,Paid
1328,Customer_1328,SMB,2024-01-19,Pending,50138.0,2025-02-27,82.25,Paid
1328,Customer_1328,SMB,2024-01-19,Pending,50521.0,2025-03-04,72.88,Paid
1328,Customer_1328,SMB,2024-01-19,Pending,51700.0,2025-03-25,29.61,Paid
1328,Customer_1328,SMB,2024-01-19,Pending,53047.0,2025-01-14,174.4,Paid
1328,Customer_1328,SMB,2024-01-19,Pending,53534.0,2025-02-17,157.65,Paid
1328,Customer_1328,SMB,2024-01-19,Pending,53738.0,2025-03-07,29.64,Paid
1329,Customer_1329,Retail,2024-12-10,Pending,50166.0,2025-01-14,171.98,Paid
1329,Customer_1329,Retail,2024-12-10,Pending,50286.0,2025-03-12,45.81,Paid
1329,Customer_1329,Retail,2024-12-10,Pending,50395.0,2025-01-02,20.04,Paid
1329,Customer_1329,Retail,2024-12-10,Pending,50479.0,2025-01-24,123.48,Paid
1329,Customer_1329,Retail,2024-12-10,Pending,50847.0,2025-02-06,160.97,Paid
1330,Customer_1330,Retail,2024-04-21,Active,50282.0,2025-01-07,312.27,Paid
1330,Customer_1330,Retail,2024-04-21,Active,50319.0,2025-02-02,92.25,Processing
1330,Customer_1330,Retail,2024-04-21,Active,50691.0,2025-02-05,194.49,Paid
1330,Customer_1330,Retail,2024-04-21,Active,51529.0,2025-02-14,29.76,Paid
1330,Customer_1330,Retail,2024-04-21,Active,51639.0,2025-03-11,493.7,Processing
1330,Customer_1330,Retail,2024-04-21,Active,52111.0,2025-03-20,44.21,Paid
1330,Customer_1330,Retail,2024-04-21,Active,52668.0,2025-01-22,338.14,Paid
1331,Customer_1331,Retail,2024-02-24,Active,50325.0,2025-02-09,24.7,Paid
1331,Customer_1331,Retail,2024-02-24,Active,52773.0,2025-01-17,25.16,Paid
1331,Customer_1331,Retail,2024-02-24,Active,53894.0,2025-01-18,185.82,Paid
1331,Customer_1331,Retail,2024-02-24,Active,54630.0,2025-03-16,248.74,Paid
1331,Customer_1331,Retail,2024-02-24,Active,54748.0,2025-03-04,22.53,Paid
1331,Customer_1331,Retail,2024-02-24,Active,54996.0,2025-01-14,32.17,Paid
1332,Customer_1332,SMB,2024-11-11,Active,50285.0,2025-02-20,301.3,Processing
1332,Customer_1332,SMB,2024-11-11,Active,50872.0,2025-02-27,42.8,Paid
1332,Customer_1332,SMB,2024-11-11,Active,53974.0,2025-01-04,78.22,Processing
1332,Customer_1332,SMB,2024-11-11,Active,54132.0,2025-01-25,136.27,Paid
1333,Customer_1333,Retail,2024-02-25,Active,50298.0,2025-02-16,199.28,Paid
1333,Customer_1333,Retail,2024-02-25,Active,51030.0,2025-02-18,97.88,Paid
1333,Customer_1333,Retail,2024-02-25,Active,51710.0,2025-02-22,149.62,Paid
1333,Customer_1333,Retail,2024-02-25,Active,53313.0,2025-01-24,71.88,Paid
1333,Customer_1333,Retail,2024-02-25,Active,54554.0,2025-03-21,114.55,Paid
1333,Customer_1333,Retail,2024-02-25,Active,54564.0,2025-02-04,124.66,Paid
1333,Customer_1333,Retail,2024-02-25,Active,54958.0,2025-01-20,259.53,Paid
1334,Customer_1334,Retail,2024-02-25,Active,50385.0,2025-03-05,46.11,Paid
1334,Customer_1334,Retail,2024-02-25,Active,50564.0,2025-03-19,134.24,Paid
1334,Customer_1334,Retail,2024-02-25,Active,50725.0,2025-02-25,161.76,Refunded
1334,Customer_1334,Retail,2024-02-25,Active,51424.0,2025-03-19,173.87,Refunded
1334,Customer_1334,Retail,2024-02-25,Active,51936.0,2025-02-12,150.19,Paid
1334,Customer_1334,Retail,2024-02-25,Active,51940.0,2025-03-02,166.23,Paid
1334,Customer_1334,Retail,2024-02-25,Active,53677.0,2025-03-08,243.53,Processing
1334,Customer_1334,Retail,2024-02-25,Active,53891.0,2025-02-25,59.05,Processing
1335,Customer_1335,Retail,2024-07-24,Active,50294.0,2025-03-26,188.07,Paid
1335,Customer_1335,Retail,2024-07-24,Active,50998.0,2025-03-15,390.11,Paid
1335,Customer_1335,Retail,2024-07-24,Active,51234.0,2025-02-13,610.21,Paid
1335,Customer_1335,Retail,2024-07-24,Active,52938.0,2025-02-02,82.75,Paid
1335,Customer_1335,Retail,2024-07-24,Active,52971.0,2025-03-07,68.39,Paid
1335,Customer_1335,Retail,2024-07-24,Active,53355.0,2025-02-06,358.28,Paid
1335,Customer_1335,Retail,2024-07-24,Active,53697.0,2025-01-07,55.18,Paid
1335,Customer_1335,Retail,2024-07-24,Active,54220.0,2025-02-15,59.36,Paid
1335,Customer_1335,Retail,2024-07-24,Active,54601.0,2025-03-10,421.88,Paid
1336,Customer_1336,Retail,2024-11-18,Active,50918.0,2025-01-07,372.24,Paid
1336,Customer_1336,Retail,2024-11-18,Active,51019.0,2025-01-26,57.72,Processing
1336,Customer_1336,Retail,2024-11-18,Active,51708.0,2025-02-27,69.14,Paid
1336,Customer_1336,Retail,2024-11-18,Active,51991.0,2025-03-23,207.71,Paid
1336,Customer_1336,Retail,2024-11-18,Active,52363.0,2025-01-03,129.78,Paid
1336,Customer_1336,Retail,2024-11-18,Active,52548.0,2025-01-06,269.99,Paid
1336,Customer_1336,Retail,2024-11-18,Active,52882.0,2025-02-25,98.68,Paid
1336,Customer_1336,Retail,2024-11-18,Active,54098.0,2025-03-02,413.13,Paid
1336,Customer_1336,Retail,2024-11-18,Active,54147.0,2025-01-25,69.05,Paid
1337,Customer_1337,Enterprise,2024-07-12,Active,51861.0,2025-02-16,110.5,Paid
1337,Customer_1337,Enterprise,2024-07-12,Active,51886.0,2025-01-21,268.84,Paid
1337,Customer_1337,Enterprise,2024-07-12,Active,52473.0,2025-03-11,283.32,Paid
1337,Customer_1337,Enterprise,2024-07-12,Active,52542.0,2025-01-03,274.48,Refunded
1337,Customer_1337,Enterprise,2024-07-12,Active,54786.0,2025-02-26,687.08,Paid
1337,Customer_1337,Enterprise,2024-07-12,Active,54796.0,2025-03-06,44.35,Processing
1338,Customer_1338,SMB,2024-06-20,Active,51109.0,2025-02-04,62.7,Processing
1338,Customer_1338,SMB,2024-06-20,Active,51284.0,2025-03-13,102.53,Paid
1338,Customer_1338,SMB,2024-06-20,Active,51373.0,2025-01-12,464.53,Processing
1338,Customer_1338,SMB,2024-06-20,Active,53727.0,2025-01-08,195.79,Paid
1338,Customer_1338,SMB,2024-06-20,Active,54846.0,2025-02-05,96.37,Paid
1338,Customer_1338,SMB,2024-06-20,Active,54911.0,2025-03-21,62.24,Paid
1339,Customer_1339,Retail,2024-07-13,Active,50832.0,2025-03-18,182.35,Paid
1339,Customer_1339,Retail,2024-07-13,Active,51101.0,2025-01-02,71.87,Paid
1339,Customer_1339,Retail,2024-07-13,Active,52538.0,2025-03-13,201.57,Paid
1339,Customer_1339,Retail,2024-07-13,Active,52591.0,2025-02-06,57.98,Paid
1339,Customer_1339,Retail,2024-07-13,Active,54469.0,2025-02-12,41.64,Paid
1339,Customer_1339,Retail,2024-07-13,Active,54716.0,2025-02-18,168.49,Paid
1340,Customer_1340,Retail,2024-04-16,Active,50341.0,2025-02-26,154.51,Processing
1340,Customer_1340,Retail,2024-04-16,Active,50513.0,2025-02-03,24.39,Paid
1340,Customer_1340,Retail,2024-04-16,Active,50632.0,2025-03-14,47.54,Processing
1340,Customer_1340,Retail,2024-04-16,Active,51170.0,2025-01-12,704.71,Refunded
1340,Customer_1340,Retail,2024-04-16,Active,52228.0,2025-01-10,111.8,Paid
1340,Customer_1340,Retail,2024-04-16,Active,52729.0,2025-02-03,73.64,Paid
1340,Customer_1340,Retail,2024-04-16,Active,54208.0,2025-03-16,106.63,Paid
1340,Customer_1340,Retail,2024-04-16,Active,54445.0,2025-02-17,87.93,Paid
1341,Customer_1341,Retail,2024-02-10,Active,51805.0,2025-01-26,27.31,Paid
1341,Customer_1341,Retail,2024-02-10,Active,52044.0,2025-03-25,251.36,Paid
1341,Customer_1341,Retail,2024-02-10,Active,54124.0,2025-03-04,289.9,Paid
1342,Customer_1342,Retail,2024-12-23,Active,50352.0,2025-01-02,407.74,Paid
1342,Customer_1342,Retail,2024-12-23,Active,52013.0,2025-03-18,181.9,Paid
1342,Customer_1342,Retail,2024-12-23,Active,52332.0,2025-02-04,38.47,Paid
1343,Customer_1343,Retail,2024-08-18,Active,50362.0,2025-03-24,191.01,Processing
1343,Customer_1343,Retail,2024-08-18,Active,50915.0,2025-02-04,111.79,Processing
1343,Customer_1343,Retail,2024-08-18,Active,50990.0,2025-03-12,80.97,Paid
1343,Customer_1343,Retail,2024-08-18,Active,52509.0,2025-03-07,56.56,Paid
1343,Customer_1343,Retail,2024-08-18,Active,53272.0,2025-03-10,24.13,Paid
1343,Customer_1343,Retail,2024-08-18,Active,53484.0,2025-03-11,43.7,Paid
1343,Customer_1343,Retail,2024-08-18,Active,53960.0,2025-01-10,50.82,Processing
1343,Customer_1343,Retail,2024-08-18,Active,54654.0,2025-02-25,55.29,Paid
1344,Customer_1344,Retail,2024-05-01,Active,50888.0,2025-03-18,24.74,Processing
1344,Customer_1344,Retail,2024-05-01,Active,51154.0,2025-02-26,96.99,Paid
1344,Customer_1344,Retail,2024-05-01,Active,51504.0,2025-01-17,146.42,Paid
1344,Customer_1344,Retail,2024-05-01,Active,53550.0,2025-01-04,36.76,Paid
1344,Customer_1344,Retail,2024-05-01,Active,53878.0,2025-01-25,71.22,Paid
1344,Customer_1344,Retail,2024-05-01,Active,54620.0,2025-03-02,41.45,Paid
1345,Customer_1345,Retail,2024-07-08,Active,50007.0,2025-03-25,306.0,Paid
1345,Customer_1345,Retail,2024-07-08,Active,51260.0,2025-01-16,23.42,Paid
1345,Customer_1345,Retail,2024-07-08,Active,52032.0,2025-02-01,232.71,Paid
1345,Customer_1345,Retail,2024-07-08,Active,53547.0,2025-02-16,114.18,Paid
1345,Customer_1345,Retail,2024-07-08,Active,54615.0,2025-01-27,356.78,Paid
1345,Customer_1345,Retail,2024-07-08,Active,54923.0,2025-03-19,114.09,Paid
1346,Customer_1346,SMB,2024-06-05,Active,52804.0,2025-03-05,118.54,Paid
1347,Customer_1347,SMB,2024-06-15,Active,50036.0,2025-02-26,240.52,Paid
1347,Customer_1347,SMB,2024-06-15,Active,50747.0,2025-02-06,446.3,Paid
1347,Customer_1347,SMB,2024-06-15,Active,51033.0,2025-03-24,35.46,Paid
1347,Customer_1347,SMB,2024-06-15,Active,51318.0,2025-03-10,44.15,Paid
1348,Customer_1348,Retail,2024-02-01,Pending,51334.0,2025-03-05,428.57,Paid
1348,Customer_1348,Retail,2024-02-01,Pending,52254.0,2025-02-15,513.66,Paid
1348,Customer_1348,Retail,2024-02-01,Pending,52504.0,2025-01-26,528.97,Paid
1348,Customer_1348,Retail,2024-02-01,Pending,52722.0,2025-01-23,218.81,Paid
1348,Customer_1348,Retail,2024-02-01,Pending,54257.0,2025-03-01,155.62,Processing
1348,Customer_1348,Retail,2024-02-01,Pending,54565.0,2025-02-18,472.59,Paid
1349,Customer_1349,Retail,2024-07-23,Active,51126.0,2025-02-02,268.94,Paid
1349,Customer_1349,Retail,2024-07-23,Active,52281.0,2025-03-07,79.85,Paid
1349,Customer_1349,Retail,2024-07-23,Active,54266.0,2025-01-01,98.74,Paid
1349,Customer_1349,Retail,2024-07-23,Active,54348.0,2025-02-12,178.38,Paid
1350,Customer_1350,SMB,2024-10-11,Active,50454.0,2025-02-17,470.69,Paid
1350,Customer_1350,SMB,2024-10-11,Active,50652.0,2025-02-20,29.64,Paid
1350,Customer_1350,SMB,2024-10-11,Active,50687.0,2025-01-25,200.01,Paid
1351,Customer_1351,SMB,2024-10-18,Active,51132.0,2025-01-16,275.22,Paid
1351,Customer_1351,SMB,2024-10-18,Active,51178.0,2025-01-04,64.5,Paid
1351,Customer_1351,SMB,2024-10-18,Active,51480.0,2025-03-17,309.32,Paid
1351,Customer_1351,SMB,2024-10-18,Active,54238.0,2025-02-04,205.3,Paid
1351,Customer_1351,SMB,2024-10-18,Active,54934.0,2025-01-05,172.36,Paid
1352,Customer_1352,Enterprise,2024-02-17,Active,50280.0,2025-03-11,436.59,Paid
1352,Customer_1352,Enterprise,2024-02-17,Active,51909.0,2025-01-24,29.88,Paid
1352,Customer_1352,Enterprise,2024-02-17,Active,54154.0,2025-03-06,649.0,Paid
1352,Customer_1352,Enterprise,2024-02-17,Active,54211.0,2025-01-13,150.73,Paid
1352,Customer_1352,Enterprise,2024-02-17,Active,54571.0,2025-01-04,110.37,Paid
1353,Customer_1353,SMB,2024-10-08,Active,51540.0,2025-03-20,558.3,Paid
1353,Customer_1353,SMB,2024-10-08,Active,53254.0,2025-01-13,191.56,Paid
1354,Customer_1354,Retail,2024-08-17,Active,52507.0,2025-02-22,111.18,Paid
1354,Customer_1354,Retail,2024-08-17,Active,52839.0,2025-01-08,234.1,Refunded
1355,Customer_1355,Retail,2024-12-27,Active,50670.0,2025-03-16,41.09,Refunded
1355,Customer_1355,Retail,2024-12-27,Active,51269.0,2025-03-22,32.77,Paid
1355,Customer_1355,Retail,2024-12-27,Active,51527.0,2025-02-18,374.7,Paid
1355,Customer_1355,Retail,2024-12-27,Active,51878.0,2025-03-23,29.46,Paid
1355,Customer_1355,Retail,2024-12-27,Active,52034.0,2025-02-03,109.44,Paid
1355,Customer_1355,Retail,2024-12-27,Active,52036.0,2025-03-05,166.16,Paid
1355,Customer_1355,Retail,2024-12-27,Active,52067.0,2025-02-15,222.69,Paid
1355,Customer_1355,Retail,2024-12-27,Active,53126.0,2025-02-27,870.7,Paid
1355,Customer_1355,Retail,2024-12-27,Active,53158.0,2025-01-05,24.0,Paid
1355,Customer_1355,Retail,2024-12-27,Active,53282.0,2025-01-19,130.65,Paid
1355,Customer_1355,Retail,2024-12-27,Active,54126.0,2025-02-23,272.23,Paid
1355,Customer_1355,Retail,2024-12-27,Active,54680.0,2025-03-12,443.34,Paid
1356,Customer_1356,SMB,2024-08-25,Pending,50955.0,2025-01-03,57.51,Paid
1356,Customer_1356,SMB,2024-08-25,Pending,51723.0,2025-03-23,247.68,Paid
1356,Customer_1356,SMB,2024-08-25,Pending,52283.0,2025-03-22,52.02,Paid
1356,Customer_1356,SMB,2024-08-25,Pending,53810.0,2025-01-07,324.4,Paid
1356,Customer_1356,SMB,2024-08-25,Pending,54043.0,2025-02-26,156.71,Paid
1356,Customer_1356,SMB,2024-08-25,Pending,54136.0,2025-02-03,72.07,Paid
1357,Customer_1357,Retail,2024-04-01,Active,51498.0,2025-02-19,716.65,Paid
1357,Customer_1357,Retail,2024-04-01,Active,51633.0,2025-03-21,77.53,Paid
1357,Customer_1357,Retail,2024-04-01,Active,52068.0,2025-03-11,77.66,Paid
1357,Customer_1357,Retail,2024-04-01,Active,52213.0,2025-03-13,182.87,Paid
1357,Customer_1357,Retail,2024-04-01,Active,54526.0,2025-03-09,461.58,Paid
1357,Customer_1357,Retail,2024-04-01,Active,54963.0,2025-01-17,55.77,Paid
1358,Customer_1358,SMB,2024-01-19,Active,50303.0,2025-01-25,216.09,Paid
1358,Customer_1358,SMB,2024-01-19,Active,50548.0,2025-03-05,391.81,Paid
1358,Customer_1358,SMB,2024-01-19,Active,50630.0,2025-03-21,43.88,Paid
1358,Customer_1358,SMB,2024-01-19,Active,51959.0,2025-02-11,88.22,Paid
1358,Customer_1358,SMB,2024-01-19,Active,52359.0,2025-01-21,76.4,Paid
1358,Customer_1358,SMB,2024-01-19,Active,53511.0,2025-01-03,198.56,Paid
1359,Customer_1359,Enterprise,2024-05-16,Pending,51006.0,2025-03-23,60.85,Paid
1359,Customer_1359,Enterprise,2024-05-16,Pending,51283.0,2025-02-04,78.11,Refunded
1360,Customer_1360,SMB,2024-05-09,Active,50027.0,2025-01-14,423.07,Paid
1360,Customer_1360,SMB,2024-05-09,Active,51511.0,2025-02-27,192.07,Paid
1360,Customer_1360,SMB,2024-05-09,Active,52918.0,2025-01-19,284.79,Paid
1361,Customer_1361,Retail,2024-10-02,Dormant,53003.0,2025-01-03,30.69,Refunded
1361,Customer_1361,Retail,2024-10-02,Dormant,53421.0,2025-01-20,288.67,Paid
1361,Customer_1361,Retail,2024-10-02,Dormant,53646.0,2025-03-15,839.06,Paid
1362,Customer_1362,SMB,2024-02-06,Active,50065.0,2025-02-15,44.72,Paid
1362,Customer_1362,SMB,2024-02-06,Active,52416.0,2025-03-05,200.79,Refunded
1362,Customer_1362,SMB,2024-02-06,Active,53890.0,2025-02-25,526.44,Paid
1363,Customer_1363,Retail,2024-09-01,Dormant,50114.0,2025-03-19,171.18,Paid
1363,Customer_1363,Retail,2024-09-01,Dormant,50741.0,2025-03-21,87.65,Paid
1363,Customer_1363,Retail,2024-09-01,Dormant,51195.0,2025-03-09,145.02,Paid
1363,Customer_1363,Retail,2024-09-01,Dormant,54822.0,2025-02-06,138.92,Paid
1364,Customer_1364,SMB,2024-09-25,Active,50698.0,2025-03-02,104.69,Processing
1364,Customer_1364,SMB,2024-09-25,Active,51323.0,2025-03-07,305.08,Paid
1364,Customer_1364,SMB,2024-09-25,Active,51415.0,2025-01-06,124.32,Paid
1364,Customer_1364,SMB,2024-09-25,Active,52078.0,2025-01-07,35.29,Refunded
1364,Customer_1364,SMB,2024-09-25,Active,52351.0,2025-03-11,209.5,Paid
1364,Customer_1364,SMB,2024-09-25,Active,52717.0,2025-02-04,169.06,Paid
1364,Customer_1364,SMB,2024-09-25,Active,52756.0,2025-01-07,30.56,Paid
1364,Customer_1364,SMB,2024-09-25,Active,53668.0,2025-03-09,553.13,Paid
1364,Customer_1364,SMB,2024-09-25,Active,54691.0,2025-01-18,128.67,Paid
1364,Customer_1364,SMB,2024-09-25,Active,54924.0,2025-02-16,184.66,Paid
1365,Customer_1365,Enterprise,2024-09-21,Active,50149.0,2025-01-27,52.3,Paid
1365,Customer_1365,Enterprise,2024-09-21,Active,51078.0,2025-03-12,58.31,Paid
1365,Customer_1365,Enterprise,2024-09-21,Active,51268.0,2025-03-04,25.06,Paid
1365,Customer_1365,Enterprise,2024-09-21,Active,51280.0,2025-03-07,37.03,Paid
1365,Customer_1365,Enterprise,2024-09-21,Active,52738.0,2025-01-26,118.24,Paid
1366,Customer_1366,Retail,2024-09-11,Active,50218.0,2025-01-07,128.92,Paid
1366,Customer_1366,Retail,2024-09-11,Active,50324.0,2025-02-12,73.98,Paid
1366,Customer_1366,Retail,2024-09-11,Active,50865.0,2025-03-27,128.95,Paid
1366,Customer_1366,Retail,2024-09-11,Active,51553.0,2025-02-13,61.74,Paid
1366,Customer_1366,Retail,2024-09-11,Active,52149.0,2025-03-03,429.1,Paid
1366,Customer_1366,Retail,2024-09-11,Active,52857.0,2025-02-14,152.09,Processing
1366,Customer_1366,Retail,2024-09-11,Active,53664.0,2025-01-08,190.23,Paid
1366,Customer_1366,Retail,2024-09-11,Active,54105.0,2025-01-07,97.81,Paid
1367,Customer_1367,VIP,2024-04-02,Active,50355.0,2025-01-23,49.35,Paid
1367,Customer_1367,VIP,2024-04-02,Active,50432.0,2025-01-07,167.91,Refunded
1367,Customer_1367,VIP,2024-04-02,Active,51544.0,2025-03-16,35.94,Paid
1367,Customer_1367,VIP,2024-04-02,Active,52007.0,2025-01-25,49.53,Paid
1367,Customer_1367,VIP,2024-04-02,Active,52912.0,2025-03-02,37.12,Paid
1367,Customer_1367,VIP,2024-04-02,Active,52926.0,2025-02-11,260.64,Paid
1367,Customer_1367,VIP,2024-04-02,Active,53076.0,2025-01-02,22.67,Paid
1367,Customer_1367,VIP,2024-04-02,Active,53510.0,2025-02-01,103.86,Paid
1367,Customer_1367,VIP,2024-04-02,Active,53915.0,2025-02-24,198.87,Refunded
1367,Customer_1367,VIP,2024-04-02,Active,54888.0,2025-03-06,114.23,Paid
1367,Customer_1367,VIP,2024-04-02,Active,54999.0,2025-02-11,166.11,Paid
1368,Customer_1368,Enterprise,2024-06-14,Active,50083.0,2025-01-11,195.92,Paid
1368,Customer_1368,Enterprise,2024-06-14,Active,50350.0,2025-02-25,138.76,Paid
1368,Customer_1368,Enterprise,2024-06-14,Active,50354.0,2025-02-02,37.74,Processing
1368,Customer_1368,Enterprise,2024-06-14,Active,50948.0,2025-02-08,368.6,Paid
1368,Customer_1368,Enterprise,2024-06-14,Active,51459.0,2025-03-17,119.3,Paid
1368,Customer_1368,Enterprise,2024-06-14,Active,52465.0,2025-03-24,389.85,Paid
1368,Customer_1368,Enterprise,2024-06-14,Active,53910.0,2025-03-26,121.98,Paid
1368,Customer_1368,Enterprise,2024-06-14,Active,53939.0,2025-03-27,167.67,Paid
1368,Customer_1368,Enterprise,2024-06-14,Active,54186.0,2025-02-09,84.67,Processing
1368,Customer_1368,Enterprise,2024-06-14,Active,54770.0,2025-01-19,36.65,Paid
1369,Customer_1369,Retail,2024-04-06,Active,50052.0,2025-03-10,209.17,Refunded
1369,Customer_1369,Retail,2024-04-06,Active,50143.0,2025-03-14,88.97,Processing
1369,Customer_1369,Retail,2024-04-06,Active,51344.0,2025-02-17,307.22,Paid
1369,Customer_1369,Retail,2024-04-06,Active,52728.0,2025-01-26,137.2,Paid
1369,Customer_1369,Retail,2024-04-06,Active,53602.0,2025-01-16,35.86,Paid
1369,Customer_1369,Retail,2024-04-06,Active,54294.0,2025-01-23,107.65,Paid
1369,Customer_1369,Retail,2024-04-06,Active,54819.0,2025-03-10,386.33,Refunded
1370,Customer_1370,Retail,2024-03-06,Active,52754.0,2025-01-15,805.73,Paid
1370,Customer_1370,Retail,2024-03-06,Active,54328.0,2025-01-17,155.77,Paid
1371,Customer_1371,Retail,2024-02-18,Active,50117.0,2025-03-05,267.63,Paid
1371,Customer_1371,Retail,2024-02-18,Active,51435.0,2025-03-17,79.46,Paid
1371,Customer_1371,Retail,2024-02-18,Active,51843.0,2025-01-25,149.59,Paid
1371,Customer_1371,Retail,2024-02-18,Active,51943.0,2025-01-24,101.13,Paid
1371,Customer_1371,Retail,2024-02-18,Active,52609.0,2025-01-12,76.13,Paid
1371,Customer_1371,Retail,2024-02-18,Active,53411.0,2025-02-21,143.95,Paid
1371,Customer_1371,Retail,2024-02-18,Active,53715.0,2025-03-12,459.09,Paid
1371,Customer_1371,Retail,2024-02-18,Active,54012.0,2025-02-13,23.51,Paid
1371,Customer_1371,Retail,2024-02-18,Active,54317.0,2025-03-25,312.72,Paid
1371,Customer_1371,Retail,2024-02-18,Active,54886.0,2025-03-18,56.88,Paid
1372,Customer_1372,Retail,2024-09-23,Active,52561.0,2025-02-03,24.67,Paid
1372,Customer_1372,Retail,2024-09-23,Active,52843.0,2025-01-15,41.82,Paid
1372,Customer_1372,Retail,2024-09-23,Active,52871.0,2025-03-02,203.65,Paid
1372,Customer_1372,Retail,2024-09-23,Active,53585.0,2025-03-07,516.77,Paid
1372,Customer_1372,Retail,2024-09-23,Active,54179.0,2025-02-12,329.94,Paid
1372,Customer_1372,Retail,2024-09-23,Active,54497.0,2025-02-08,56.54,Paid
1372,Customer_1372,Retail,2024-09-23,Active,54720.0,2025-02-25,26.16,Paid
1373,Customer_1373,Retail,2024-03-13,Active,50394.0,2025-03-27,168.11,Paid
1373,Customer_1373,Retail,2024-03-13,Active,52075.0,2025-02-24,154.72,Paid
1373,Customer_1373,Retail,2024-03-13,Active,52769.0,2025-02-15,57.05,Paid
1373,Customer_1373,Retail,2024-03-13,Active,52957.0,2025-03-21,62.52,Paid
1373,Customer_1373,Retail,2024-03-13,Active,54673.0,2025-03-19,234.35,Paid
1374,Customer_1374,SMB,2024-11-01,Dormant,51290.0,2025-03-16,132.47,Paid
1374,Customer_1374,SMB,2024-11-01,Dormant,51799.0,2025-01-16,136.18,Paid
1374,Customer_1374,SMB,2024-11-01,Dormant,53326.0,2025-02-17,618.67,Paid
1374,Customer_1374,SMB,2024-11-01,Dormant,54214.0,2025-01-02,278.62,Paid
1375,Customer_1375,Retail,2024-08-22,Active,50517.0,2025-01-23,33.15,Paid
1375,Customer_1375,Retail,2024-08-22,Active,50970.0,2025-02-09,475.87,Paid
1375,Customer_1375,Retail,2024-08-22,Active,52231.0,2025-02-03,90.61,Paid
1375,Customer_1375,Retail,2024-08-22,Active,52458.0,2025-02-25,120.01,Paid
1375,Customer_1375,Retail,2024-08-22,Active,53905.0,2025-01-20,101.71,Paid
1375,Customer_1375,Retail,2024-08-22,Active,53920.0,2025-02-14,131.63,Paid
1375,Customer_1375,Retail,2024-08-22,Active,54645.0,2025-01-25,109.92,Paid
1376,Customer_1376,Retail,2024-07-25,Dormant,50290.0,2025-02-27,690.13,Paid
1376,Customer_1376,Retail,2024-07-25,Dormant,51401.0,2025-01-13,182.47,Paid
1376,Customer_1376,Retail,2024-07-25,Dormant,51585.0,2025-03-19,221.23,Paid
1376,Customer_1376,Retail,2024-07-25,Dormant,51681.0,2025-01-12,115.67,Paid
1376,Customer_1376,Retail,2024-07-25,Dormant,53032.0,2025-03-02,79.18,Paid
1376,Customer_1376,Retail,2024-07-25,Dormant,53153.0,2025-03-19,610.31,Paid
1376,Customer_1376,Retail,2024-07-25,Dormant,53167.0,2025-01-11,154.13,Paid
1377,Customer_1377,Enterprise,2024-05-15,Active,53099.0,2025-01-10,389.86,Processing
1377,Customer_1377,Enterprise,2024-05-15,Active,54626.0,2025-01-21,248.62,Paid
1377,Customer_1377,Enterprise,2024-05-15,Active,54867.0,2025-03-02,56.77,Paid
1378,Customer_1378,Retail,2024-01-12,Active,50186.0,2025-03-05,231.28,Paid
1378,Customer_1378,Retail,2024-01-12,Active,50713.0,2025-03-14,58.68,Refunded
1378,Customer_1378,Retail,2024-01-12,Active,51201.0,2025-03-07,214.79,Paid
1378,Customer_1378,Retail,2024-01-12,Active,51864.0,2025-02-01,206.13,Paid
1378,Customer_1378,Retail,2024-01-12,Active,53930.0,2025-02-22,149.04,Paid
1378,Customer_1378,Retail,2024-01-12,Active,54625.0,2025-02-23,28.16,Processing
1379,Customer_1379,Enterprise,2024-10-07,Active,51685.0,2025-02-03,225.81,Paid
1379,Customer_1379,Enterprise,2024-10-07,Active,52621.0,2025-02-15,43.35,Paid
1379,Customer_1379,Enterprise,2024-10-07,Active,53273.0,2025-01-06,205.74,Paid
1379,Customer_1379,Enterprise,2024-10-07,Active,54254.0,2025-01-21,78.17,Processing
1379,Customer_1379,Enterprise,2024-10-07,Active,54828.0,2025-01-25,25.09,Paid
1380,Customer_1380,Retail,2024-05-19,Active,50199.0,2025-01-07,22.55,Paid
1380,Customer_1380,Retail,2024-05-19,Active,50562.0,2025-02-16,27.34,Processing
1380,Customer_1380,Retail,2024-05-19,Active,51507.0,2025-01-04,206.92,Paid
1380,Customer_1380,Retail,2024-05-19,Active,53471.0,2025-02-25,52.13,Paid
1380,Customer_1380,Retail,2024-05-19,Active,53898.0,2025-03-02,242.44,Paid
1380,Customer_1380,Retail,2024-05-19,Active,54081.0,2025-01-14,131.9,Paid
1380,Customer_1380,Retail,2024-05-19,Active,54116.0,2025-02-19,372.95,Paid
1381,Customer_1381,Retail,2024-12-25,Active,50112.0,2025-02-08,133.9,Paid
1381,Customer_1381,Retail,2024-12-25,Active,50450.0,2025-02-24,81.39,Paid
1381,Customer_1381,Retail,2024-12-25,Active,50719.0,2025-03-02,136.29,Paid
1381,Customer_1381,Retail,2024-12-25,Active,51879.0,2025-01-12,299.22,Paid
1381,Customer_1381,Retail,2024-12-25,Active,53495.0,2025-02-09,561.38,Paid
1381,Customer_1381,Retail,2024-12-25,Active,54048.0,2025-03-23,83.57,Paid
1381,Customer_1381,Retail,2024-12-25,Active,54832.0,2025-02-25,76.46,Paid
1382,Customer_1382,SMB,2024-01-17,Active,50370.0,2025-01-01,182.52,Processing
1382,Customer_1382,SMB,2024-01-17,Active,51130.0,2025-02-14,160.92,Paid
1382,Customer_1382,SMB,2024-01-17,Active,51473.0,2025-02-02,120.57,Paid
1383,Customer_1383,SMB,2024-01-03,Active,50084.0,2025-02-04,27.05,Paid
1383,Customer_1383,SMB,2024-01-03,Active,51165.0,2025-02-10,218.09,Paid
1383,Customer_1383,SMB,2024-01-03,Active,51301.0,2025-02-15,102.19,Paid
1383,Customer_1383,SMB,2024-01-03,Active,51357.0,2025-02-05,99.14,Paid
1383,Customer_1383,SMB,2024-01-03,Active,51524.0,2025-03-14,243.09,Paid
1383,Customer_1383,SMB,2024-01-03,Active,52448.0,2025-01-21,97.6,Paid
1383,Customer_1383,SMB,2024-01-03,Active,53498.0,2025-01-09,91.87,Processing
1383,Customer_1383,SMB,2024-01-03,Active,53559.0,2025-01-18,67.01,Processing
1383,Customer_1383,SMB,2024-01-03,Active,54066.0,2025-01-04,79.48,Paid
1384,Customer_1384,Enterprise,2024-12-06,Dormant,50435.0,2025-02-14,97.38,Refunded
1384,Customer_1384,Enterprise,2024-12-06,Dormant,50530.0,2025-01-22,183.51,Refunded
1384,Customer_1384,Enterprise,2024-12-06,Dormant,50655.0,2025-02-27,54.68,Paid
1384,Customer_1384,Enterprise,2024-12-06,Dormant,50751.0,2025-01-19,109.85,Paid
1384,Customer_1384,Enterprise,2024-12-06,Dormant,51125.0,2025-01-09,108.8,Paid
1384,Customer_1384,Enterprise,2024-12-06,Dormant,52266.0,2025-03-25,228.24,Paid
1384,Customer_1384,Enterprise,2024-12-06,Dormant,52558.0,2025-02-08,266.41,Processing
1384,Customer_1384,Enterprise,2024-12-06,Dormant,53388.0,2025-03-19,108.23,Paid
1384,Customer_1384,Enterprise,2024-12-06,Dormant,53651.0,2025-02-06,244.08,Paid
1384,Customer_1384,Enterprise,2024-12-06,Dormant,54711.0,2025-01-22,423.88,Paid
1385,Customer_1385,SMB,2024-10-11,Active,54231.0,2025-01-19,38.76,Paid
1386,Customer_1386,Enterprise,2024-03-08,Active,50262.0,2025-03-18,156.97,Paid
1386,Customer_1386,Enterprise,2024-03-08,Active,50306.0,2025-02-14,145.7,Paid
1386,Customer_1386,Enterprise,2024-03-08,Active,50878.0,2025-03-03,210.25,Paid
1386,Customer_1386,Enterprise,2024-03-08,Active,51140.0,2025-02-10,29.23,Paid
1386,Customer_1386,Enterprise,2024-03-08,Active,52733.0,2025-02-08,38.12,Paid
1386,Customer_1386,Enterprise,2024-03-08,Active,54745.0,2025-01-02,205.55,Paid
1387,Customer_1387,Retail,2024-10-02,Active,50419.0,2025-03-07,90.34,Paid
1387,Customer_1387,Retail,2024-10-02,Active,50590.0,2025-01-12,170.71,Paid
1387,Customer_1387,Retail,2024-10-02,Active,50644.0,2025-01-06,30.99,Paid
1387,Customer_1387,Retail,2024-10-02,Active,52519.0,2025-01-21,38.01,Paid
1387,Customer_1387,Retail,2024-10-02,Active,52620.0,2025-03-09,177.83,Refunded
1387,Customer_1387,Retail,2024-10-02,Active,52830.0,2025-03-21,29.27,Processing
1387,Customer_1387,Retail,2024-10-02,Active,53709.0,2025-03-05,65.29,Paid
1387,Customer_1387,Retail,2024-10-02,Active,53779.0,2025-02-17,105.86,Paid
1387,Customer_1387,Retail,2024-10-02,Active,54102.0,2025-02-03,85.56,Paid
1387,Customer_1387,Retail,2024-10-02,Active,54460.0,2025-01-08,24.43,Paid
1388,Customer_1388,Retail,2024-09-03,Active,50462.0,2025-03-24,218.23,Processing
1388,Customer_1388,Retail,2024-09-03,Active,50474.0,2025-03-27,279.45,Paid
1388,Customer_1388,Retail,2024-09-03,Active,50924.0,2025-01-21,504.64,Paid
1388,Customer_1388,Retail,2024-09-03,Active,51305.0,2025-02-26,246.15,Paid
1388,Customer_1388,Retail,2024-09-03,Active,52654.0,2025-02-09,36.83,Paid
1388,Customer_1388,Retail,2024-09-03,Active,52894.0,2025-02-13,391.74,Paid
1388,Customer_1388,Retail,2024-09-03,Active,53165.0,2025-02-11,33.83,Paid
1388,Customer_1388,Retail,2024-09-03,Active,53364.0,2025-03-15,140.4,Refunded
1388,Customer_1388,Retail,2024-09-03,Active,53497.0,2025-03-07,20.51,Paid
1388,Customer_1388,Retail,2024-09-03,Active,54375.0,2025-01-12,173.54,Paid
1389,Customer_1389,SMB,2024-05-26,Active,50881.0,2025-02-22,146.86,Paid
1389,Customer_1389,SMB,2024-05-26,Active,52664.0,2025-02-08,174.35,Refunded
1389,Customer_1389,SMB,2024-05-26,Active,52970.0,2025-02-26,164.32,Paid
1389,Customer_1389,SMB,2024-05-26,Active,53708.0,2025-02-16,105.37,Paid
1389,Customer_1389,SMB,2024-05-26,Active,54647.0,2025-01-07,20.41,Paid
1389,Customer_1389,SMB,2024-05-26,Active,54982.0,2025-02-15,243.02,Paid
1390,Customer_1390,Enterprise,2024-08-16,Active,51215.0,2025-01-18,211.62,Paid
1390,Customer_1390,Enterprise,2024-08-16,Active,52720.0,2025-01-26,209.14,Processing
1390,Customer_1390,Enterprise,2024-08-16,Active,53489.0,2025-01-12,134.82,Paid
1390,Customer_1390,Enterprise,2024-08-16,Active,53581.0,2025-03-09,363.39,Paid
1390,Customer_1390,Enterprise,2024-08-16,Active,53884.0,2025-02-16,381.57,Paid
1390,Customer_1390,Enterprise,2024-08-16,Active,54509.0,2025-03-17,302.53,Paid
1390,Customer_1390,Enterprise,2024-08-16,Active,54988.0,2025-03-22,191.44,Paid
1391,Customer_1391,VIP,2024-02-06,Active,50243.0,2025-03-02,122.85,Processing
1391,Customer_1391,VIP,2024-02-06,Active,50500.0,2025-02-21,45.75,Paid
1391,Customer_1391,VIP,2024-02-06,Active,51974.0,2025-03-07,359.37,Processing
1391,Customer_1391,VIP,2024-02-06,Active,53902.0,2025-02-11,173.11,Processing
1392,Customer_1392,Retail,2024-12-21,Active,50569.0,2025-02-25,314.04,Paid
1392,Customer_1392,Retail,2024-12-21,Active,53475.0,2025-03-15,62.01,Paid
1392,Customer_1392,Retail,2024-12-21,Active,53744.0,2025-02-25,250.41,Paid
1392,Customer_1392,Retail,2024-12-21,Active,53787.0,2025-01-16,158.91,Paid
1393,Customer_1393,Retail,2024-10-25,Active,50039.0,2025-02-24,820.31,Paid
1393,Customer_1393,Retail,2024-10-25,Active,51251.0,2025-03-14,133.38,Refunded
1393,Customer_1393,Retail,2024-10-25,Active,52003.0,2025-03-02,53.99,Paid
1393,Customer_1393,Retail,2024-10-25,Active,52991.0,2025-03-27,72.76,Paid
1393,Customer_1393,Retail,2024-10-25,Active,54835.0,2025-02-02,242.09,Paid
1393,Customer_1393,Retail,2024-10-25,Active,54864.0,2025-03-04,195.61,Processing
1394,Customer_1394,SMB,2024-12-05,Pending,50367.0,2025-02-25,77.04,Paid
1394,Customer_1394,SMB,2024-12-05,Pending,50611.0,2025-01-27,176.67,Refunded
1394,Customer_1394,SMB,2024-12-05,Pending,51258.0,2025-01-23,578.14,Paid
1394,Customer_1394,SMB,2024-12-05,Pending,52387.0,2025-02-21,125.89,Paid
1395,Customer_1395,Retail,2024-02-16,Pending,52179.0,2025-03-21,125.53,Paid
1395,Customer_1395,Retail,2024-02-16,Pending,52529.0,2025-02-15,113.64,Paid
1395,Customer_1395,Retail,2024-02-16,Pending,52913.0,2025-01-17,35.68,Paid
1396,Customer_1396,Enterprise,2024-05-15,Active,50516.0,2025-02-19,167.65,Paid
1396,Customer_1396,Enterprise,2024-05-15,Active,50854.0,2025-02-14,218.64,Paid
1396,Customer_1396,Enterprise,2024-05-15,Active,52392.0,2025-03-05,153.82,Paid
1396,Customer_1396,Enterprise,2024-05-15,Active,52891.0,2025-01-07,187.97,Paid
1396,Customer_1396,Enterprise,2024-05-15,Active,53432.0,2025-02-22,104.58,Paid
1396,Customer_1396,Enterprise,2024-05-15,Active,54137.0,2025-02-15,179.57,Processing
1396,Customer_1396,Enterprise,2024-05-15,Active,54169.0,2025-03-01,262.43,Paid
1396,Customer_1396,Enterprise,2024-05-15,Active,54734.0,2025-01-23,125.08,Paid
1397,Customer_1397,Enterprise,2024-12-04,Active,50353.0,2025-02-26,210.78,Paid
1397,Customer_1397,Enterprise,2024-12-04,Active,50641.0,2025-03-17,106.72,Paid
1397,Customer_1397,Enterprise,2024-12-04,Active,52436.0,2025-03-16,138.71,Paid
1397,Customer_1397,Enterprise,2024-12-04,Active,53200.0,2025-02-11,91.68,Paid
1398,Customer_1398,Retail,2024-11-16,Active,50184.0,2025-03-26,39.82,Paid
1398,Customer_1398,Retail,2024-11-16,Active,51877.0,2025-03-10,109.38,Paid
1398,Customer_1398,Retail,2024-11-16,Active,53817.0,2025-03-11,304.28,Paid
1398,Customer_1398,Retail,2024-11-16,Active,54533.0,2025-03-04,613.06,Paid
1398,Customer_1398,Retail,2024-11-16,Active,54830.0,2025-02-22,44.55,Paid
1399,Customer_1399,SMB,2024-07-06,Pending,50345.0,2025-03-25,337.75,Paid
1399,Customer_1399,SMB,2024-07-06,Pending,52510.0,2025-03-04,125.73,Paid
1399,Customer_1399,SMB,2024-07-06,Pending,52953.0,2025-01-06,141.99,Processing
1399,Customer_1399,SMB,2024-07-06,Pending,54182.0,2025-03-08,37.95,Paid
1400,Customer_1400,SMB,2024-02-12,Active,50603.0,2025-01-21,233.88,Paid
1400,Customer_1400,SMB,2024-02-12,Active,51555.0,2025-03-04,366.0,Paid
1400,Customer_1400,SMB,2024-02-12,Active,52581.0,2025-03-20,20.59,Paid
1400,Customer_1400,SMB,2024-02-12,Active,53368.0,2025-03-05,331.41,Paid
1400,Customer_1400,SMB,2024-02-12,Active,53645.0,2025-01-05,52.73,Paid
1401,Customer_1401,Retail,2024-11-11,Active,50815.0,2025-01-18,254.87,Paid
1401,Customer_1401,Retail,2024-11-11,Active,51151.0,2025-03-15,123.56,Paid
1401,Customer_1401,Retail,2024-11-11,Active,52396.0,2025-02-20,174.86,Processing
1401,Customer_1401,Retail,2024-11-11,Active,52688.0,2025-03-10,110.07,Refunded
1401,Customer_1401,Retail,2024-11-11,Active,52840.0,2025-03-03,108.26,Paid
1402,Customer_1402,Enterprise,2024-05-23,Active,50902.0,2025-02-12,494.85,Processing
1402,Customer_1402,Enterprise,2024-05-23,Active,52025.0,2025-01-23,88.83,Paid
1402,Customer_1402,Enterprise,2024-05-23,Active,52478.0,2025-01-09,92.05,Paid
1402,Customer_1402,Enterprise,2024-05-23,Active,54055.0,2025-01-25,61.13,Processing
1402,Customer_1402,Enterprise,2024-05-23,Active,54842.0,2025-02-16,31.65,Paid
1403,Customer_1403,SMB,2024-11-23,Active,50486.0,2025-01-13,23.15,Paid
1403,Customer_1403,SMB,2024-11-23,Active,51534.0,2025-02-18,331.59,Processing
1403,Customer_1403,SMB,2024-11-23,Active,53751.0,2025-01-24,81.92,Paid
1403,Customer_1403,SMB,2024-11-23,Active,53844.0,2025-02-24,59.27,Paid
1403,Customer_1403,SMB,2024-11-23,Active,53943.0,2025-03-16,178.36,Processing
1404,Customer_1404,Enterprise,2024-05-15,Active,50142.0,2025-01-15,44.26,Paid
1404,Customer_1404,Enterprise,2024-05-15,Active,50241.0,2025-03-17,60.91,Processing
1404,Customer_1404,Enterprise,2024-05-15,Active,53565.0,2025-03-25,123.53,Paid
1404,Customer_1404,Enterprise,2024-05-15,Active,54114.0,2025-02-01,24.15,Paid
1404,Customer_1404,Enterprise,2024-05-15,Active,54623.0,2025-03-16,57.03,Paid
1405,Customer_1405,Retail,2024-09-04,Active,50468.0,2025-01-20,35.13,Paid
1405,Customer_1405,Retail,2024-09-04,Active,50895.0,2025-02-07,58.08,Paid
1405,Customer_1405,Retail,2024-09-04,Active,52294.0,2025-01-15,123.79,Paid
1405,Customer_1405,Retail,2024-09-04,Active,53020.0,2025-01-01,245.69,Refunded
1405,Customer_1405,Retail,2024-09-04,Active,53737.0,2025-02-14,40.97,Paid
1405,Customer_1405,Retail,2024-09-04,Active,53861.0,2025-02-18,44.22,Paid
1405,Customer_1405,Retail,2024-09-04,Active,54288.0,2025-02-21,188.97,Paid
1406,Customer_1406,Enterprise,2024-11-19,Active,50216.0,2025-02-19,157.39,Paid
1406,Customer_1406,Enterprise,2024-11-19,Active,50735.0,2025-02-06,70.43,Paid
1406,Customer_1406,Enterprise,2024-11-19,Active,52474.0,2025-01-10,288.35,Paid
1406,Customer_1406,Enterprise,2024-11-19,Active,54866.0,2025-03-04,298.76,Processing
1407,Customer_1407,Retail,2024-04-21,Active,50437.0,2025-01-06,192.79,Paid
1407,Customer_1407,Retail,2024-04-21,Active,50446.0,2025-01-07,131.95,Processing
1407,Customer_1407,Retail,2024-04-21,Active,52255.0,2025-01-03,147.04,Paid
1407,Customer_1407,Retail,2024-04-21,Active,54129.0,2025-02-24,79.17,Paid
1408,Customer_1408,Retail,2024-06-19,Active,50745.0,2025-02-09,477.9,Paid
1408,Customer_1408,Retail,2024-06-19,Active,51070.0,2025-03-07,183.35,Paid
1408,Customer_1408,Retail,2024-06-19,Active,52240.0,2025-03-26,27.8,Paid
1408,Customer_1408,Retail,2024-06-19,Active,54044.0,2025-02-26,52.01,Paid
1409,Customer_1409,Enterprise,2024-02-14,Active,50016.0,2025-03-16,380.48,Paid
1409,Customer_1409,Enterprise,2024-02-14,Active,51653.0,2025-03-15,303.31,Paid
1409,Customer_1409,Enterprise,2024-02-14,Active,52878.0,2025-02-18,127.12,Paid
1409,Customer_1409,Enterprise,2024-02-14,Active,53775.0,2025-02-12,34.47,Paid
1409,Customer_1409,Enterprise,2024-02-14,Active,54022.0,2025-01-05,57.83,Paid
1410,Customer_1410,Retail,2024-04-16,Active,50712.0,2025-02-22,105.01,Paid
1410,Customer_1410,Retail,2024-04-16,Active,51335.0,2025-03-18,61.27,Paid
1410,Customer_1410,Retail,2024-04-16,Active,52026.0,2025-02-20,186.58,Paid
1410,Customer_1410,Retail,2024-04-16,Active,53462.0,2025-02-27,188.23,Paid
1410,Customer_1410,Retail,2024-04-16,Active,54003.0,2025-01-07,111.4,Refunded
1410,Customer_1410,Retail,2024-04-16,Active,54149.0,2025-03-13,86.77,Paid
1411,Customer_1411,Retail,2024-05-20,Active,50556.0,2025-02-09,90.31,Paid
1411,Customer_1411,Retail,2024-05-20,Active,52962.0,2025-03-18,108.39,Paid
1411,Customer_1411,Retail,2024-05-20,Active,54661.0,2025-03-08,530.32,Paid
1412,Customer_1412,VIP,2024-11-15,Pending,50026.0,2025-03-16,27.03,Paid
1412,Customer_1412,VIP,2024-11-15,Pending,50235.0,2025-03-10,150.82,Paid
1412,Customer_1412,VIP,2024-11-15,Pending,50589.0,2025-02-22,191.81,Paid
1412,Customer_1412,VIP,2024-11-15,Pending,50882.0,2025-02-25,388.34,Paid
1412,Customer_1412,VIP,2024-11-15,Pending,51560.0,2025-01-23,420.69,Paid
1412,Customer_1412,VIP,2024-11-15,Pending,53154.0,2025-03-05,853.98,Paid
1412,Customer_1412,VIP,2024-11-15,Pending,54050.0,2025-02-11,88.45,Paid
1413,Customer_1413,VIP,2024-12-03,Active,50830.0,2025-03-17,77.21,Paid
1413,Customer_1413,VIP,2024-12-03,Active,51173.0,2025-03-17,53.45,Processing
1413,Customer_1413,VIP,2024-12-03,Active,51807.0,2025-03-26,29.99,Paid
1413,Customer_1413,VIP,2024-12-03,Active,52459.0,2025-01-15,501.17,Paid
1413,Customer_1413,VIP,2024-12-03,Active,53339.0,2025-01-18,86.38,Refunded
1413,Customer_1413,VIP,2024-12-03,Active,53733.0,2025-03-01,394.07,Paid
1414,Customer_1414,SMB,2024-08-16,Active,51139.0,2025-03-16,285.29,Paid
1414,Customer_1414,SMB,2024-08-16,Active,52590.0,2025-02-27,56.77,Paid
1414,Customer_1414,SMB,2024-08-16,Active,53258.0,2025-01-03,40.0,Paid
1414,Customer_1414,SMB,2024-08-16,Active,54195.0,2025-03-08,634.89,Paid
1415,Customer_1415,SMB,2024-10-04,Active,50551.0,2025-02-13,65.66,Paid
1415,Customer_1415,SMB,2024-10-04,Active,51414.0,2025-01-27,216.98,Paid
1415,Customer_1415,SMB,2024-10-04,Active,51774.0,2025-03-10,336.83,Paid
1415,Customer_1415,SMB,2024-10-04,Active,52001.0,2025-02-17,636.56,Paid
1415,Customer_1415,SMB,2024-10-04,Active,52428.0,2025-02-06,256.74,Paid
1415,Customer_1415,SMB,2024-10-04,Active,52885.0,2025-03-09,44.12,Paid
1415,Customer_1415,SMB,2024-10-04,Active,53494.0,2025-03-24,115.43,Paid
1415,Customer_1415,SMB,2024-10-04,Active,54639.0,2025-01-14,135.92,Paid
1416,Customer_1416,Retail,2024-02-02,Active,50230.0,2025-01-27,118.8,Paid
1416,Customer_1416,Retail,2024-02-02,Active,50889.0,2025-03-04,128.01,Paid
1416,Customer_1416,Retail,2024-02-02,Active,51022.0,2025-01-08,740.29,Paid
1416,Customer_1416,Retail,2024-02-02,Active,51773.0,2025-02-11,520.56,Paid
1416,Customer_1416,Retail,2024-02-02,Active,52897.0,2025-01-07,362.81,Paid
1416,Customer_1416,Retail,2024-02-02,Active,53309.0,2025-03-22,77.7,Processing
1416,Customer_1416,Retail,2024-02-02,Active,53568.0,2025-03-05,106.18,Paid
1416,Customer_1416,Retail,2024-02-02,Active,53836.0,2025-03-06,50.6,Paid
1417,Customer_1417,Retail,2024-01-13,Active,51819.0,2025-01-07,221.23,Paid
1418,Customer_1418,Retail,2024-04-26,Active,51052.0,2025-01-07,317.13,Paid
1419,Customer_1419,SMB,2024-09-11,Pending,50404.0,2025-02-23,73.25,Processing
1419,Customer_1419,SMB,2024-09-11,Pending,51784.0,2025-01-09,65.89,Paid
1419,Customer_1419,SMB,2024-09-11,Pending,52684.0,2025-02-18,193.6,Paid
1419,Customer_1419,SMB,2024-09-11,Pending,53848.0,2025-01-05,77.8,Paid
1419,Customer_1419,SMB,2024-09-11,Pending,54838.0,2025-03-01,31.45,Paid
1420,Customer_1420,SMB,2024-07-12,Active,50455.0,2025-02-19,150.54,Paid
1420,Customer_1420,SMB,2024-07-12,Active,50542.0,2025-01-05,565.2,Paid
1420,Customer_1420,SMB,2024-07-12,Active,51602.0,2025-02-17,239.33,Paid
1420,Customer_1420,SMB,2024-07-12,Active,51654.0,2025-02-13,59.18,Processing
1420,Customer_1420,SMB,2024-07-12,Active,52195.0,2025-03-20,21.84,Paid
1420,Customer_1420,SMB,2024-07-12,Active,52552.0,2025-01-14,22.49,Paid
1420,Customer_1420,SMB,2024-07-12,Active,53085.0,2025-01-27,262.08,Paid
1420,Customer_1420,SMB,2024-07-12,Active,53966.0,2025-02-25,27.67,Processing
1421,Customer_1421,SMB,2024-10-07,Active,50099.0,2025-03-22,51.07,Paid
1421,Customer_1421,SMB,2024-10-07,Active,50927.0,2025-01-21,511.57,Paid
1421,Customer_1421,SMB,2024-10-07,Active,51693.0,2025-02-07,98.32,Paid
1421,Customer_1421,SMB,2024-10-07,Active,51931.0,2025-03-18,25.42,Paid
1421,Customer_1421,SMB,2024-10-07,Active,53686.0,2025-01-20,61.37,Processing
1421,Customer_1421,SMB,2024-10-07,Active,54353.0,2025-02-15,541.07,Paid
1422,Customer_1422,SMB,2024-07-24,Active,50738.0,2025-01-09,85.97,Paid
1422,Customer_1422,SMB,2024-07-24,Active,50783.0,2025-02-03,32.31,Paid
1422,Customer_1422,SMB,2024-07-24,Active,51265.0,2025-02-22,405.65,Paid
1422,Customer_1422,SMB,2024-07-24,Active,51426.0,2025-03-21,257.59,Refunded
1422,Customer_1422,SMB,2024-07-24,Active,51646.0,2025-03-08,46.6,Paid
1422,Customer_1422,SMB,2024-07-24,Active,52500.0,2025-03-01,136.51,Processing
1422,Customer_1422,SMB,2024-07-24,Active,53114.0,2025-03-06,98.6,Paid
1422,Customer_1422,SMB,2024-07-24,Active,54023.0,2025-02-07,204.96,Paid
1422,Customer_1422,SMB,2024-07-24,Active,54104.0,2025-03-02,79.64,Paid
1423,Customer_1423,Retail,2024-01-10,Active,50720.0,2025-03-12,103.61,Paid
1423,Customer_1423,Retail,2024-01-10,Active,51749.0,2025-02-01,36.87,Paid
1423,Customer_1423,Retail,2024-01-10,Active,52326.0,2025-03-10,44.01,Paid
1423,Customer_1423,Retail,2024-01-10,Active,53792.0,2025-02-16,334.58,Refunded
1423,Customer_1423,Retail,2024-01-10,Active,54314.0,2025-02-11,83.21,Paid
1424,Customer_1424,Retail,2024-10-24,Active,50714.0,2025-01-17,64.0,Paid
1424,Customer_1424,Retail,2024-10-24,Active,51200.0,2025-01-24,530.21,Paid
1424,Customer_1424,Retail,2024-10-24,Active,51485.0,2025-02-02,74.02,Paid
1424,Customer_1424,Retail,2024-10-24,Active,51733.0,2025-01-10,129.06,Paid
1424,Customer_1424,Retail,2024-10-24,Active,51822.0,2025-02-17,306.01,Paid
1424,Customer_1424,Retail,2024-10-24,Active,54725.0,2025-02-24,288.25,Refunded
1424,Customer_1424,Retail,2024-10-24,Active,54984.0,2025-02-09,67.43,Paid
1425,Customer_1425,Retail,2024-04-20,Active,51910.0,2025-03-16,300.58,Paid
1425,Customer_1425,Retail,2024-04-20,Active,51966.0,2025-03-21,104.83,Paid
1425,Customer_1425,Retail,2024-04-20,Active,52617.0,2025-03-06,35.76,Paid
1425,Customer_1425,Retail,2024-04-20,Active,53080.0,2025-02-05,850.75,Paid
1425,Customer_1425,Retail,2024-04-20,Active,53644.0,2025-03-16,121.44,Processing
1425,Customer_1425,Retail,2024-04-20,Active,54304.0,2025-01-16,41.86,Paid
1425,Customer_1425,Retail,2024-04-20,Active,54507.0,2025-03-01,155.2,Paid
1426,Customer_1426,SMB,2024-04-22,Active,50061.0,2025-03-22,43.29,Paid
1426,Customer_1426,SMB,2024-04-22,Active,50686.0,2025-01-01,22.59,Paid
1426,Customer_1426,SMB,2024-04-22,Active,51241.0,2025-02-16,71.78,Paid
1426,Customer_1426,SMB,2024-04-22,Active,51502.0,2025-02-02,132.99,Processing
1426,Customer_1426,SMB,2024-04-22,Active,52287.0,2025-02-05,183.47,Paid
1426,Customer_1426,SMB,2024-04-22,Active,53014.0,2025-01-05,137.56,Paid
1426,Customer_1426,SMB,2024-04-22,Active,54717.0,2025-02-16,235.09,Paid
1427,Customer_1427,Retail,2024-07-22,Active,50270.0,2025-03-13,182.33,Paid
1427,Customer_1427,Retail,2024-07-22,Active,50608.0,2025-02-09,213.86,Paid
1427,Customer_1427,Retail,2024-07-22,Active,50818.0,2025-02-03,305.3,Paid
1427,Customer_1427,Retail,2024-07-22,Active,52985.0,2025-03-02,130.97,Paid
1427,Customer_1427,Retail,2024-07-22,Active,54729.0,2025-02-20,62.26,Paid
1428,Customer_1428,Enterprise,2024-01-12,Active,50702.0,2025-02-10,72.88,Paid
1428,Customer_1428,Enterprise,2024-01-12,Active,50992.0,2025-03-16,163.21,Paid
1428,Customer_1428,Enterprise,2024-01-12,Active,50993.0,2025-03-05,199.1,Paid
1428,Customer_1428,Enterprise,2024-01-12,Active,52081.0,2025-02-21,35.56,Paid
1428,Customer_1428,Enterprise,2024-01-12,Active,52543.0,2025-01-04,531.94,Paid
1428,Customer_1428,Enterprise,2024-01-12,Active,52647.0,2025-02-10,63.6,Paid
1429,Customer_1429,Retail,2024-08-13,Active,50482.0,2025-01-16,86.6,Paid
1429,Customer_1429,Retail,2024-08-13,Active,50581.0,2025-01-09,297.22,Paid
1429,Customer_1429,Retail,2024-08-13,Active,50971.0,2025-01-12,144.26,Paid
1429,Customer_1429,Retail,2024-08-13,Active,51393.0,2025-03-12,196.03,Paid
1429,Customer_1429,Retail,2024-08-13,Active,51630.0,2025-03-05,23.8,Processing
1429,Customer_1429,Retail,2024-08-13,Active,51930.0,2025-02-19,134.18,Paid
1429,Customer_1429,Retail,2024-08-13,Active,52190.0,2025-01-01,168.23,Processing
1429,Customer_1429,Retail,2024-08-13,Active,52244.0,2025-03-03,164.36,Paid
1429,Customer_1429,Retail,2024-08-13,Active,52768.0,2025-02-17,205.15,Paid
1429,Customer_1429,Retail,2024-08-13,Active,52870.0,2025-01-15,96.79,Paid
1429,Customer_1429,Retail,2024-08-13,Active,53162.0,2025-02-08,138.45,Paid
1429,Customer_1429,Retail,2024-08-13,Active,53209.0,2025-01-07,204.47,Processing
1429,Customer_1429,Retail,2024-08-13,Active,53685.0,2025-03-03,94.72,Processing
1430,Customer_1430,Retail,2024-10-15,Active,50795.0,2025-02-19,160.43,Paid
1430,Customer_1430,Retail,2024-10-15,Active,54827.0,2025-01-27,235.77,Paid
1431,Customer_1431,Retail,2024-11-13,Active,51207.0,2025-02-27,21.07,Paid
1431,Customer_1431,Retail,2024-11-13,Active,51229.0,2025-01-10,98.64,Paid
1431,Customer_1431,Retail,2024-11-13,Active,51436.0,2025-02-02,181.03,Refunded
1431,Customer_1431,Retail,2024-11-13,Active,52185.0,2025-03-21,66.72,Paid
1432,Customer_1432,SMB,2024-07-22,Dormant,50113.0,2025-01-03,49.14,Paid
1432,Customer_1432,SMB,2024-07-22,Dormant,50701.0,2025-03-25,271.62,Paid
1432,Customer_1432,SMB,2024-07-22,Dormant,51289.0,2025-03-24,77.52,Paid
1432,Customer_1432,SMB,2024-07-22,Dormant,52235.0,2025-03-10,259.88,Paid
1432,Customer_1432,SMB,2024-07-22,Dormant,52315.0,2025-01-06,95.84,Paid
1432,Customer_1432,SMB,2024-07-22,Dormant,52747.0,2025-03-13,1363.87,Paid
1433,Customer_1433,SMB,2024-06-21,Active,50089.0,2025-02-24,27.95,Paid
1433,Customer_1433,SMB,2024-06-21,Active,50721.0,2025-03-12,560.19,Paid
1433,Customer_1433,SMB,2024-06-21,Active,50807.0,2025-01-18,198.96,Refunded
1433,Customer_1433,SMB,2024-06-21,Active,50899.0,2025-01-26,271.06,Paid
1433,Customer_1433,SMB,2024-06-21,Active,50949.0,2025-01-19,177.89,Processing
1433,Customer_1433,SMB,2024-06-21,Active,51188.0,2025-01-13,45.28,Processing
1433,Customer_1433,SMB,2024-06-21,Active,51754.0,2025-02-25,340.63,Paid
1433,Customer_1433,SMB,2024-06-21,Active,53061.0,2025-01-01,124.9,Paid
1433,Customer_1433,SMB,2024-06-21,Active,54503.0,2025-03-02,166.65,Paid
1433,Customer_1433,SMB,2024-06-21,Active,54985.0,2025-01-11,202.12,Refunded
1434,Customer_1434,Retail,2024-06-09,Active,50292.0,2025-01-26,230.03,Paid
1434,Customer_1434,Retail,2024-06-09,Active,51557.0,2025-01-26,51.0,Paid
1434,Customer_1434,Retail,2024-06-09,Active,52372.0,2025-02-18,357.31,Refunded
1434,Customer_1434,Retail,2024-06-09,Active,52539.0,2025-01-24,26.92,Processing
1434,Customer_1434,Retail,2024-06-09,Active,52929.0,2025-03-19,149.11,Paid
1434,Customer_1434,Retail,2024-06-09,Active,54634.0,2025-03-22,158.43,Paid
1434,Customer_1434,Retail,2024-06-09,Active,54649.0,2025-01-03,42.41,Processing
1435,Customer_1435,Retail,2024-10-09,Active,50180.0,2025-01-04,130.81,Paid
1435,Customer_1435,Retail,2024-10-09,Active,50472.0,2025-02-13,31.87,Paid
1435,Customer_1435,Retail,2024-10-09,Active,50538.0,2025-03-01,148.98,Paid
1435,Customer_1435,Retail,2024-10-09,Active,51454.0,2025-02-21,37.29,Paid
1435,Customer_1435,Retail,2024-10-09,Active,54426.0,2025-02-08,315.78,Paid
1435,Customer_1435,Retail,2024-10-09,Active,54740.0,2025-01-27,431.32,Paid
1436,Customer_1436,SMB,2024-10-24,Active,51594.0,2025-03-27,46.75,Paid
1436,Customer_1436,SMB,2024-10-24,Active,53650.0,2025-03-03,77.08,Processing
1436,Customer_1436,SMB,2024-10-24,Active,53854.0,2025-01-02,61.5,Paid
1436,Customer_1436,SMB,2024-10-24,Active,53988.0,2025-01-11,170.37,Processing
1437,Customer_1437,Retail,2024-10-25,Active,50828.0,2025-01-11,34.63,Paid
1437,Customer_1437,Retail,2024-10-25,Active,52930.0,2025-03-16,66.18,Paid
1437,Customer_1437,Retail,2024-10-25,Active,53525.0,2025-02-08,29.87,Paid
1437,Customer_1437,Retail,2024-10-25,Active,54881.0,2025-01-13,93.28,Paid
1438,Customer_1438,Enterprise,2024-10-08,Active,50940.0,2025-03-02,229.79,Paid
1438,Customer_1438,Enterprise,2024-10-08,Active,51539.0,2025-03-08,101.02,Paid
1438,Customer_1438,Enterprise,2024-10-08,Active,51638.0,2025-02-25,58.49,Paid
1438,Customer_1438,Enterprise,2024-10-08,Active,51950.0,2025-01-18,35.04,Paid
1438,Customer_1438,Enterprise,2024-10-08,Active,54351.0,2025-03-23,76.22,Refunded
1438,Customer_1438,Enterprise,2024-10-08,Active,54916.0,2025-02-26,255.02,Paid
1439,Customer_1439,SMB,2024-08-16,Dormant,50024.0,2025-02-25,175.64,Processing
1439,Customer_1439,SMB,2024-08-16,Dormant,50139.0,2025-03-03,170.97,Paid
1439,Customer_1439,SMB,2024-08-16,Dormant,50178.0,2025-03-18,226.14,Paid
1439,Customer_1439,SMB,2024-08-16,Dormant,50504.0,2025-01-16,84.28,Paid
1439,Customer_1439,SMB,2024-08-16,Dormant,50584.0,2025-03-11,50.31,Paid
1439,Customer_1439,SMB,2024-08-16,Dormant,50728.0,2025-02-23,285.85,Processing
1439,Customer_1439,SMB,2024-08-16,Dormant,51054.0,2025-01-03,85.71,Processing
1439,Customer_1439,SMB,2024-08-16,Dormant,52344.0,2025-03-19,99.34,Paid
1439,Customer_1439,SMB,2024-08-16,Dormant,52884.0,2025-02-08,77.31,Paid
1439,Customer_1439,SMB,2024-08-16,Dormant,53071.0,2025-02-01,131.85,Paid
1439,Customer_1439,SMB,2024-08-16,Dormant,53140.0,2025-03-05,140.25,Paid
1439,Customer_1439,SMB,2024-08-16,Dormant,53320.0,2025-03-09,69.19,Processing
1439,Customer_1439,SMB,2024-08-16,Dormant,53575.0,2025-01-09,100.05,Paid
1439,Customer_1439,SMB,2024-08-16,Dormant,53764.0,2025-01-08,469.87,Paid
1439,Customer_1439,SMB,2024-08-16,Dormant,54764.0,2025-02-27,70.09,Refunded
1440,Customer_1440,Retail,2024-01-26,Active,50222.0,2025-03-04,187.34,Paid
1440,Customer_1440,Retail,2024-01-26,Active,50338.0,2025-01-25,103.58,Paid
1440,Customer_1440,Retail,2024-01-26,Active,50459.0,2025-03-23,119.05,Paid
1440,Customer_1440,Retail,2024-01-26,Active,51152.0,2025-03-07,160.66,Paid
1440,Customer_1440,Retail,2024-01-26,Active,52399.0,2025-02-09,42.42,Paid
1440,Customer_1440,Retail,2024-01-26,Active,54857.0,2025-03-09,131.42,Paid
1441,Customer_1441,Retail,2024-11-05,Active,50135.0,2025-02-04,100.55,Paid
1441,Customer_1441,Retail,2024-11-05,Active,52223.0,2025-01-15,219.91,Paid
1441,Customer_1441,Retail,2024-11-05,Active,52384.0,2025-03-18,27.72,Paid
1441,Customer_1441,Retail,2024-11-05,Active,52716.0,2025-01-11,98.77,Paid
1441,Customer_1441,Retail,2024-11-05,Active,52850.0,2025-01-21,70.98,Paid
1441,Customer_1441,Retail,2024-11-05,Active,53078.0,2025-02-06,168.82,Paid
1441,Customer_1441,Retail,2024-11-05,Active,53161.0,2025-03-13,22.08,Paid
1441,Customer_1441,Retail,2024-11-05,Active,53397.0,2025-01-02,43.82,Paid
1441,Customer_1441,Retail,2024-11-05,Active,54383.0,2025-02-10,375.33,Paid
1442,Customer_1442,VIP,2024-04-18,Active,50676.0,2025-01-17,305.02,Paid
1442,Customer_1442,VIP,2024-04-18,Active,51167.0,2025-02-12,47.95,Paid
1442,Customer_1442,VIP,2024-04-18,Active,51216.0,2025-01-25,231.05,Paid
1442,Customer_1442,VIP,2024-04-18,Active,51282.0,2025-01-17,127.8,Paid
1442,Customer_1442,VIP,2024-04-18,Active,52634.0,2025-03-14,592.51,Paid
1442,Customer_1442,VIP,2024-04-18,Active,52952.0,2025-01-08,49.78,Paid
1442,Customer_1442,VIP,2024-04-18,Active,53391.0,2025-03-04,197.74,Paid
1442,Customer_1442,VIP,2024-04-18,Active,54670.0,2025-02-09,98.03,Paid
1442,Customer_1442,VIP,2024-04-18,Active,54968.0,2025-01-13,176.52,Paid
1443,Customer_1443,Retail,2024-08-19,Pending,50834.0,2025-02-15,42.06,Paid
1443,Customer_1443,Retail,2024-08-19,Pending,51100.0,2025-02-21,49.26,Paid
1443,Customer_1443,Retail,2024-08-19,Pending,51533.0,2025-01-01,173.98,Paid
1443,Customer_1443,Retail,2024-08-19,Pending,52248.0,2025-02-24,638.77,Processing
1443,Customer_1443,Retail,2024-08-19,Pending,53761.0,2025-03-02,478.07,Paid
1443,Customer_1443,Retail,2024-08-19,Pending,54300.0,2025-01-20,38.92,Paid
1444,Customer_1444,Retail,2024-04-07,Active,50055.0,2025-03-09,314.93,Paid
1444,Customer_1444,Retail,2024-04-07,Active,50772.0,2025-02-26,64.96,Paid
1444,Customer_1444,Retail,2024-04-07,Active,50787.0,2025-01-02,174.77,Paid
1444,Customer_1444,Retail,2024-04-07,Active,51076.0,2025-03-23,135.03,Paid
1444,Customer_1444,Retail,2024-04-07,Active,51722.0,2025-03-09,132.11,Paid
1444,Customer_1444,Retail,2024-04-07,Active,52571.0,2025-02-05,110.79,Refunded
1444,Customer_1444,Retail,2024-04-07,Active,54686.0,2025-01-24,161.61,Paid
1445,Customer_1445,Enterprise,2024-10-25,Active,51069.0,2025-01-17,240.96,Paid
1445,Customer_1445,Enterprise,2024-10-25,Active,51182.0,2025-02-13,199.26,Paid
1445,Customer_1445,Enterprise,2024-10-25,Active,51350.0,2025-03-02,445.1,Processing
1445,Customer_1445,Enterprise,2024-10-25,Active,53346.0,2025-01-16,67.06,Paid
1445,Customer_1445,Enterprise,2024-10-25,Active,53766.0,2025-01-13,230.49,Paid
1445,Customer_1445,Enterprise,2024-10-25,Active,54752.0,2025-01-12,210.8,Paid
1445,Customer_1445,Enterprise,2024-10-25,Active,54776.0,2025-03-14,229.53,Paid
1446,Customer_1446,Enterprise,2024-02-19,Active,50410.0,2025-01-06,620.68,Paid
1446,Customer_1446,Enterprise,2024-02-19,Active,51156.0,2025-02-04,20.53,Refunded
1446,Customer_1446,Enterprise,2024-02-19,Active,51246.0,2025-02-20,84.41,Paid
1446,Customer_1446,Enterprise,2024-02-19,Active,51337.0,2025-02-04,400.25,Paid
1446,Customer_1446,Enterprise,2024-02-19,Active,51761.0,2025-02-21,47.33,Paid
1446,Customer_1446,Enterprise,2024-02-19,Active,53046.0,2025-01-22,225.51,Processing
1446,Customer_1446,Enterprise,2024-02-19,Active,53419.0,2025-03-24,33.57,Paid
1446,Customer_1446,Enterprise,2024-02-19,Active,54024.0,2025-01-12,26.19,Paid
1446,Customer_1446,Enterprise,2024-02-19,Active,54052.0,2025-01-11,106.82,Paid
1447,Customer_1447,VIP,2024-04-10,Active,50062.0,2025-03-17,369.98,Paid
1447,Customer_1447,VIP,2024-04-10,Active,51263.0,2025-02-19,709.63,Paid
1447,Customer_1447,VIP,2024-04-10,Active,52125.0,2025-02-14,402.27,Processing
1447,Customer_1447,VIP,2024-04-10,Active,52263.0,2025-02-07,90.49,Paid
1447,Customer_1447,VIP,2024-04-10,Active,53029.0,2025-01-11,192.65,Refunded
1447,Customer_1447,VIP,2024-04-10,Active,53436.0,2025-03-14,29.04,Paid
1447,Customer_1447,VIP,2024-04-10,Active,54587.0,2025-01-08,71.84,Processing
1447,Customer_1447,VIP,2024-04-10,Active,54659.0,2025-01-14,164.72,Paid
1448,Customer_1448,SMB,2024-01-23,Active,50053.0,2025-03-27,611.31,Processing
1448,Customer_1448,SMB,2024-01-23,Active,51440.0,2025-02-02,94.54,Refunded
1448,Customer_1448,SMB,2024-01-23,Active,51699.0,2025-01-16,255.69,Paid
1448,Customer_1448,SMB,2024-01-23,Active,52461.0,2025-02-27,37.58,Paid
1448,Customer_1448,SMB,2024-01-23,Active,52816.0,2025-02-08,279.25,Paid
1449,Customer_1449,Retail,2024-02-05,Active,50239.0,2025-03-15,337.2,Paid
1449,Customer_1449,Retail,2024-02-05,Active,52064.0,2025-03-20,58.85,Paid
1450,Customer_1450,Retail,2024-01-03,Active,51570.0,2025-01-20,105.03,Paid
1450,Customer_1450,Retail,2024-01-03,Active,51985.0,2025-01-12,218.49,Paid
1450,Customer_1450,Retail,2024-01-03,Active,53353.0,2025-02-21,57.32,Paid
1450,Customer_1450,Retail,2024-01-03,Active,53452.0,2025-03-02,71.13,Paid
1450,Customer_1450,Retail,2024-01-03,Active,53716.0,2025-02-10,237.38,Paid
1450,Customer_1450,Retail,2024-01-03,Active,54713.0,2025-01-18,441.58,Paid
1451,Customer_1451,SMB,2024-12-02,Active,51882.0,2025-03-02,42.37,Paid
1451,Customer_1451,SMB,2024-12-02,Active,53588.0,2025-01-20,149.81,Paid
1451,Customer_1451,SMB,2024-12-02,Active,54201.0,2025-03-18,431.89,Refunded
1452,Customer_1452,SMB,2024-01-23,Active,51277.0,2025-02-23,360.21,Paid
1452,Customer_1452,SMB,2024-01-23,Active,52082.0,2025-03-23,143.37,Paid
1452,Customer_1452,SMB,2024-01-23,Active,53230.0,2025-01-10,155.78,Paid
1452,Customer_1452,SMB,2024-01-23,Active,54335.0,2025-03-12,105.1,Paid
1452,Customer_1452,SMB,2024-01-23,Active,54879.0,2025-01-09,325.49,Paid
1453,Customer_1453,Retail,2024-05-17,Active,50520.0,2025-03-27,61.91,Paid
1453,Customer_1453,Retail,2024-05-17,Active,51845.0,2025-01-06,183.46,Refunded
1453,Customer_1453,Retail,2024-05-17,Active,52319.0,2025-01-18,135.62,Paid
1453,Customer_1453,Retail,2024-05-17,Active,53197.0,2025-01-21,216.64,Paid
1453,Customer_1453,Retail,2024-05-17,Active,53352.0,2025-03-19,21.46,Refunded
1453,Customer_1453,Retail,2024-05-17,Active,53724.0,2025-02-24,305.38,Paid
1454,Customer_1454,Enterprise,2024-06-16,Active,51034.0,2025-01-16,254.46,Paid
1454,Customer_1454,Enterprise,2024-06-16,Active,52406.0,2025-01-22,80.0,Paid
1454,Customer_1454,Enterprise,2024-06-16,Active,53109.0,2025-01-25,95.76,Paid
1454,Customer_1454,Enterprise,2024-06-16,Active,54538.0,2025-03-02,375.11,Paid
1455,Customer_1455,Retail,2024-05-15,Dormant,51559.0,2025-01-26,223.09,Paid
1455,Customer_1455,Retail,2024-05-15,Dormant,52138.0,2025-03-24,326.41,Refunded
1455,Customer_1455,Retail,2024-05-15,Dormant,52209.0,2025-01-21,54.79,Paid
1455,Customer_1455,Retail,2024-05-15,Dormant,52497.0,2025-03-11,96.98,Paid
1455,Customer_1455,Retail,2024-05-15,Dormant,53190.0,2025-02-19,298.74,Refunded
1455,Customer_1455,Retail,2024-05-15,Dormant,54405.0,2025-02-13,206.78,Paid
1456,Customer_1456,Retail,2024-03-07,Pending,50659.0,2025-03-11,127.31,Paid
1456,Customer_1456,Retail,2024-03-07,Pending,51714.0,2025-03-17,101.51,Refunded
1457,Customer_1457,Retail,2024-11-10,Active,50068.0,2025-02-17,69.33,Paid
1457,Customer_1457,Retail,2024-11-10,Active,50409.0,2025-02-21,36.75,Refunded
1457,Customer_1457,Retail,2024-11-10,Active,50627.0,2025-02-10,542.21,Paid
1457,Customer_1457,Retail,2024-11-10,Active,52999.0,2025-03-09,263.01,Paid
1458,Customer_1458,Retail,2024-09-14,Pending,50293.0,2025-01-09,62.32,Paid
1458,Customer_1458,Retail,2024-09-14,Pending,54082.0,2025-03-24,59.89,Paid
1458,Customer_1458,Retail,2024-09-14,Pending,54097.0,2025-01-11,130.8,Paid
1458,Customer_1458,Retail,2024-09-14,Pending,54259.0,2025-02-07,411.86,Processing
1459,Customer_1459,Retail,2024-09-25,Active,50141.0,2025-02-10,72.12,Paid
1459,Customer_1459,Retail,2024-09-25,Active,52181.0,2025-02-10,228.6,Paid
1459,Customer_1459,Retail,2024-09-25,Active,52610.0,2025-02-06,225.43,Paid
1459,Customer_1459,Retail,2024-09-25,Active,53404.0,2025-01-24,154.14,Paid
1459,Customer_1459,Retail,2024-09-25,Active,54411.0,2025-02-23,249.12,Paid
1460,Customer_1460,Retail,2024-02-03,Active,50677.0,2025-02-26,281.13,Paid
1460,Customer_1460,Retail,2024-02-03,Active,51515.0,2025-01-08,126.09,Processing
1460,Customer_1460,Retail,2024-02-03,Active,52650.0,2025-03-10,33.4,Processing
1460,Customer_1460,Retail,2024-02-03,Active,54352.0,2025-02-25,382.99,Paid
1460,Customer_1460,Retail,2024-02-03,Active,54543.0,2025-03-12,133.59,Paid
1461,Customer_1461,Retail,2024-07-21,Active,51025.0,2025-01-11,51.31,Paid
1461,Customer_1461,Retail,2024-07-21,Active,51838.0,2025-03-24,209.2,Paid
1461,Customer_1461,Retail,2024-07-21,Active,53857.0,2025-03-07,79.29,Paid
1461,Customer_1461,Retail,2024-07-21,Active,54111.0,2025-02-04,66.05,Paid
1461,Customer_1461,Retail,2024-07-21,Active,54204.0,2025-03-04,90.51,Processing
1461,Customer_1461,Retail,2024-07-21,Active,54331.0,2025-02-02,97.87,Paid
1462,Customer_1462,SMB,2024-02-03,Active,51144.0,2025-03-03,69.78,Paid
1462,Customer_1462,SMB,2024-02-03,Active,51509.0,2025-03-24,146.68,Paid
1462,Customer_1462,SMB,2024-02-03,Active,51874.0,2025-03-23,182.82,Processing
1462,Customer_1462,SMB,2024-02-03,Active,52566.0,2025-02-24,317.04,Paid
1462,Customer_1462,SMB,2024-02-03,Active,53169.0,2025-02-03,194.88,Paid
1462,Customer_1462,SMB,2024-02-03,Active,54458.0,2025-01-25,197.47,Paid
1463,Customer_1463,SMB,2024-10-22,Active,51327.0,2025-02-25,402.44,Processing
1463,Customer_1463,SMB,2024-10-22,Active,51591.0,2025-03-05,213.58,Paid
1463,Customer_1463,SMB,2024-10-22,Active,51816.0,2025-01-23,44.15,Paid
1463,Customer_1463,SMB,2024-10-22,Active,52444.0,2025-01-09,133.47,Paid
1463,Customer_1463,SMB,2024-10-22,Active,54077.0,2025-01-24,436.46,Paid
1463,Customer_1463,SMB,2024-10-22,Active,54854.0,2025-03-07,451.84,Paid
1464,Customer_1464,SMB,2024-07-09,Active,50490.0,2025-01-12,127.44,Paid
1464,Customer_1464,SMB,2024-07-09,Active,51707.0,2025-03-01,478.23,Paid
1464,Customer_1464,SMB,2024-07-09,Active,52004.0,2025-01-17,71.97,Paid
1464,Customer_1464,SMB,2024-07-09,Active,52151.0,2025-02-09,28.59,Paid
1464,Customer_1464,SMB,2024-07-09,Active,52163.0,2025-01-12,36.51,Paid
1464,Customer_1464,SMB,2024-07-09,Active,53637.0,2025-01-20,119.89,Paid
1464,Customer_1464,SMB,2024-07-09,Active,53908.0,2025-01-11,196.12,Paid
1464,Customer_1464,SMB,2024-07-09,Active,54619.0,2025-01-17,195.14,Paid
1465,Customer_1465,VIP,2024-01-11,Active,51218.0,2025-03-02,124.27,Refunded
1465,Customer_1465,VIP,2024-01-11,Active,53756.0,2025-03-16,85.73,Paid
1465,Customer_1465,VIP,2024-01-11,Active,54282.0,2025-03-11,43.88,Paid
1466,Customer_1466,Retail,2024-07-24,Active,50260.0,2025-03-03,192.46,Paid
1466,Customer_1466,Retail,2024-07-24,Active,50799.0,2025-02-23,283.41,Paid
1466,Customer_1466,Retail,2024-07-24,Active,51059.0,2025-03-05,554.47,Paid
1466,Customer_1466,Retail,2024-07-24,Active,53487.0,2025-01-26,196.25,Paid
1466,Customer_1466,Retail,2024-07-24,Active,54651.0,2025-02-10,117.81,Paid
1467,Customer_1467,Retail,2024-12-14,Active,51085.0,2025-03-16,49.89,Processing
1467,Customer_1467,Retail,2024-12-14,Active,51349.0,2025-01-11,186.18,Paid
1467,Customer_1467,Retail,2024-12-14,Active,51351.0,2025-03-13,221.68,Paid
1467,Customer_1467,Retail,2024-12-14,Active,52162.0,2025-01-07,48.28,Paid
1467,Customer_1467,Retail,2024-12-14,Active,52682.0,2025-03-11,169.18,Paid
1467,Customer_1467,Retail,2024-12-14,Active,54344.0,2025-03-02,63.35,Paid
1468,Customer_1468,Enterprise,2024-03-04,Active,50654.0,2025-03-24,275.11,Processing
1468,Customer_1468,Enterprise,2024-03-04,Active,50739.0,2025-02-21,191.96,Paid
1468,Customer_1468,Enterprise,2024-03-04,Active,50966.0,2025-01-15,57.84,Paid
1468,Customer_1468,Enterprise,2024-03-04,Active,51745.0,2025-02-18,47.7,Paid
1468,Customer_1468,Enterprise,2024-03-04,Active,53012.0,2025-02-19,28.22,Processing
1468,Customer_1468,Enterprise,2024-03-04,Active,54860.0,2025-02-23,275.76,Paid
1469,Customer_1469,Retail,2024-10-06,Active,50692.0,2025-01-12,25.25,Paid
1469,Customer_1469,Retail,2024-10-06,Active,52041.0,2025-02-22,147.25,Paid
1469,Customer_1469,Retail,2024-10-06,Active,54429.0,2025-02-07,33.43,Processing
1470,Customer_1470,VIP,2024-10-07,Active,50761.0,2025-01-17,47.4,Paid
1470,Customer_1470,VIP,2024-10-07,Active,51039.0,2025-03-17,35.51,Paid
1470,Customer_1470,VIP,2024-10-07,Active,52134.0,2025-01-20,225.31,Paid
1471,Customer_1471,Retail,2024-04-08,Dormant,50209.0,2025-01-06,33.86,Paid
1471,Customer_1471,Retail,2024-04-08,Dormant,50595.0,2025-03-10,29.64,Refunded
1471,Customer_1471,Retail,2024-04-08,Dormant,51382.0,2025-02-04,122.21,Paid
1471,Customer_1471,Retail,2024-04-08,Dormant,51395.0,2025-03-26,173.64,Paid
1471,Customer_1471,Retail,2024-04-08,Dormant,51596.0,2025-03-12,271.83,Processing
1471,Customer_1471,Retail,2024-04-08,Dormant,52848.0,2025-01-25,32.09,Paid
1471,Customer_1471,Retail,2024-04-08,Dormant,53275.0,2025-03-09,128.2,Paid
1471,Customer_1471,Retail,2024-04-08,Dormant,53472.0,2025-02-03,41.33,Paid
1471,Customer_1471,Retail,2024-04-08,Dormant,53490.0,2025-03-01,193.12,Paid
1471,Customer_1471,Retail,2024-04-08,Dormant,53704.0,2025-01-05,165.27,Refunded
1471,Customer_1471,Retail,2024-04-08,Dormant,54275.0,2025-01-10,51.91,Paid
1472,Customer_1472,VIP,2024-05-01,Dormant,50926.0,2025-02-27,192.35,Paid
1472,Customer_1472,VIP,2024-05-01,Dormant,52121.0,2025-02-20,27.19,Paid
1472,Customer_1472,VIP,2024-05-01,Dormant,52701.0,2025-03-08,60.28,Paid
1472,Customer_1472,VIP,2024-05-01,Dormant,53179.0,2025-01-16,51.8,Paid
1472,Customer_1472,VIP,2024-05-01,Dormant,53522.0,2025-03-12,99.2,Processing
1472,Customer_1472,VIP,2024-05-01,Dormant,54200.0,2025-01-19,234.4,Paid
1473,Customer_1473,Retail,2024-04-03,Active,50155.0,2025-03-02,342.94,Paid
1473,Customer_1473,Retail,2024-04-03,Active,54901.0,2025-01-07,171.77,Refunded
1474,Customer_1474,Enterprise,2024-09-08,Dormant,51346.0,2025-02-23,96.83,Paid
1474,Customer_1474,Enterprise,2024-09-08,Dormant,51671.0,2025-02-15,28.27,Paid
1474,Customer_1474,Enterprise,2024-09-08,Dormant,51772.0,2025-01-27,114.16,Paid
1474,Customer_1474,Enterprise,2024-09-08,Dormant,51951.0,2025-03-11,102.72,Paid
1474,Customer_1474,Enterprise,2024-09-08,Dormant,52919.0,2025-02-20,406.25,Refunded
1474,Customer_1474,Enterprise,2024-09-08,Dormant,53243.0,2025-02-22,126.25,Paid
1474,Customer_1474,Enterprise,2024-09-08,Dormant,53591.0,2025-01-01,55.75,Paid
1474,Customer_1474,Enterprise,2024-09-08,Dormant,54387.0,2025-03-01,26.89,Processing
1475,Customer_1475,SMB,2024-01-27,Active,53628.0,2025-01-22,29.35,Paid
1475,Customer_1475,SMB,2024-01-27,Active,54512.0,2025-01-05,40.01,Paid
1476,Customer_1476,VIP,2024-06-09,Dormant,50288.0,2025-01-26,250.49,Paid
1476,Customer_1476,VIP,2024-06-09,Dormant,50947.0,2025-03-24,103.52,Paid
1476,Customer_1476,VIP,2024-06-09,Dormant,51063.0,2025-03-21,131.84,Paid
1477,Customer_1477,Retail,2024-07-04,Active,50185.0,2025-01-22,32.51,Paid
1477,Customer_1477,Retail,2024-07-04,Active,51648.0,2025-01-23,67.04,Paid
1477,Customer_1477,Retail,2024-07-04,Active,52430.0,2025-01-27,409.45,Paid
1477,Customer_1477,Retail,2024-07-04,Active,52511.0,2025-01-09,527.26,Paid
1478,Customer_1478,SMB,2024-01-02,Active,50226.0,2025-01-04,75.51,Paid
1478,Customer_1478,SMB,2024-01-02,Active,50464.0,2025-02-12,67.54,Processing
1478,Customer_1478,SMB,2024-01-02,Active,53164.0,2025-01-22,70.61,Paid
1478,Customer_1478,SMB,2024-01-02,Active,53527.0,2025-02-20,26.55,Paid
1478,Customer_1478,SMB,2024-01-02,Active,53696.0,2025-01-20,426.72,Paid
1478,Customer_1478,SMB,2024-01-02,Active,54700.0,2025-02-27,34.08,Paid
1479,Customer_1479,VIP,2024-12-05,Active,50408.0,2025-02-03,224.67,Paid
1479,Customer_1479,VIP,2024-12-05,Active,50678.0,2025-01-14,224.95,Paid
1479,Customer_1479,VIP,2024-12-05,Active,50900.0,2025-02-13,143.77,Paid
1479,Customer_1479,VIP,2024-12-05,Active,51964.0,2025-01-13,212.93,Processing
1479,Customer_1479,VIP,2024-12-05,Active,52482.0,2025-01-10,126.19,Paid
1479,Customer_1479,VIP,2024-12-05,Active,52526.0,2025-02-08,203.87,Paid
1479,Customer_1479,VIP,2024-12-05,Active,53132.0,2025-01-01,150.33,Paid
1479,Customer_1479,VIP,2024-12-05,Active,53830.0,2025-01-06,334.38,Paid
1479,Customer_1479,VIP,2024-12-05,Active,53862.0,2025-01-09,23.36,Processing
1480,Customer_1480,SMB,2024-12-27,Active,50107.0,2025-02-17,414.19,Paid
1480,Customer_1480,SMB,2024-12-27,Active,50475.0,2025-02-17,176.8,Refunded
1480,Customer_1480,SMB,2024-12-27,Active,50507.0,2025-03-18,1080.46,Paid
1480,Customer_1480,SMB,2024-12-27,Active,51272.0,2025-01-26,159.78,Refunded
1480,Customer_1480,SMB,2024-12-27,Active,51704.0,2025-03-10,98.2,Paid
1480,Customer_1480,SMB,2024-12-27,Active,51743.0,2025-01-04,149.61,Paid
1480,Customer_1480,SMB,2024-12-27,Active,51781.0,2025-01-03,98.39,Paid
1480,Customer_1480,SMB,2024-12-27,Active,53528.0,2025-03-04,98.93,Paid
1480,Customer_1480,SMB,2024-12-27,Active,54418.0,2025-02-12,57.99,Paid
1480,Customer_1480,SMB,2024-12-27,Active,54455.0,2025-02-08,123.55,Paid
1481,Customer_1481,SMB,2024-05-08,Active,50252.0,2025-01-13,161.75,Refunded
1481,Customer_1481,SMB,2024-05-08,Active,52115.0,2025-01-11,477.33,Paid
1481,Customer_1481,SMB,2024-05-08,Active,52247.0,2025-01-10,469.24,Processing
1481,Customer_1481,SMB,2024-05-08,Active,53148.0,2025-03-27,81.77,Paid
1481,Customer_1481,SMB,2024-05-08,Active,53301.0,2025-02-03,344.49,Paid
1481,Customer_1481,SMB,2024-05-08,Active,54404.0,2025-03-17,76.59,Paid
1482,Customer_1482,SMB,2024-06-08,Active,50232.0,2025-03-18,567.11,Paid
1482,Customer_1482,SMB,2024-06-08,Active,51149.0,2025-03-19,126.82,Refunded
1482,Customer_1482,SMB,2024-06-08,Active,51333.0,2025-03-07,117.93,Refunded
1482,Customer_1482,SMB,2024-06-08,Active,53170.0,2025-03-12,551.22,Paid
1482,Customer_1482,SMB,2024-06-08,Active,53206.0,2025-03-06,223.55,Paid
1482,Customer_1482,SMB,2024-06-08,Active,53210.0,2025-02-06,134.79,Paid
1482,Customer_1482,SMB,2024-06-08,Active,54276.0,2025-03-25,66.74,Paid
1483,Customer_1483,Retail,2024-02-03,Active,51884.0,2025-02-22,428.57,Processing
1483,Customer_1483,Retail,2024-02-03,Active,51977.0,2025-02-02,214.61,Paid
1483,Customer_1483,Retail,2024-02-03,Active,52468.0,2025-01-07,207.77,Paid
1483,Customer_1483,Retail,2024-02-03,Active,53372.0,2025-02-14,228.68,Paid
1483,Customer_1483,Retail,2024-02-03,Active,54505.0,2025-03-13,32.13,Paid
1484,Customer_1484,SMB,2024-06-12,Active,52842.0,2025-03-14,191.99,Paid
1484,Customer_1484,SMB,2024-06-12,Active,53981.0,2025-01-19,408.18,Paid
1484,Customer_1484,SMB,2024-06-12,Active,54417.0,2025-02-14,81.45,Paid
1484,Customer_1484,SMB,2024-06-12,Active,54912.0,2025-01-25,179.62,Paid
1485,Customer_1485,SMB,2024-10-03,Active,51311.0,2025-03-05,86.95,Paid
1485,Customer_1485,SMB,2024-10-03,Active,51521.0,2025-01-13,45.58,Paid
1485,Customer_1485,SMB,2024-10-03,Active,51768.0,2025-02-02,40.87,Processing
1485,Customer_1485,SMB,2024-10-03,Active,52349.0,2025-03-15,278.83,Paid
1485,Customer_1485,SMB,2024-10-03,Active,52442.0,2025-02-07,48.15,Paid
1485,Customer_1485,SMB,2024-10-03,Active,54369.0,2025-03-09,102.66,Paid
1485,Customer_1485,SMB,2024-10-03,Active,54584.0,2025-03-21,115.46,Paid
1486,Customer_1486,Enterprise,2024-06-06,Pending,51616.0,2025-01-21,145.67,Paid
1486,Customer_1486,Enterprise,2024-06-06,Pending,52576.0,2025-03-13,79.82,Paid
1486,Customer_1486,Enterprise,2024-06-06,Pending,53373.0,2025-01-08,69.67,Paid
1486,Customer_1486,Enterprise,2024-06-06,Pending,54272.0,2025-02-03,289.28,Paid
1486,Customer_1486,Enterprise,2024-06-06,Pending,54289.0,2025-02-02,167.13,Paid
1486,Customer_1486,Enterprise,2024-06-06,Pending,54566.0,2025-03-21,125.49,Paid
1486,Customer_1486,Enterprise,2024-06-06,Pending,54681.0,2025-02-05,270.0,Paid
1486,Customer_1486,Enterprise,2024-06-06,Pending,54696.0,2025-03-24,108.82,Paid
1487,Customer_1487,Retail,2024-02-23,Active,51627.0,2025-02-05,94.67,Paid
1487,Customer_1487,Retail,2024-02-23,Active,51949.0,2025-01-09,62.73,Refunded
1487,Customer_1487,Retail,2024-02-23,Active,52648.0,2025-01-24,31.05,Paid
1487,Customer_1487,Retail,2024-02-23,Active,52758.0,2025-03-18,27.16,Processing
1487,Customer_1487,Retail,2024-02-23,Active,53992.0,2025-02-21,162.63,Paid
1487,Customer_1487,Retail,2024-02-23,Active,54025.0,2025-02-25,27.91,Processing
1487,Customer_1487,Retail,2024-02-23,Active,54292.0,2025-01-26,137.7,Processing
1488,Customer_1488,Retail,2024-12-02,Active,51716.0,2025-03-18,267.16,Paid
1488,Customer_1488,Retail,2024-12-02,Active,51738.0,2025-02-23,23.18,Refunded
1488,Customer_1488,Retail,2024-12-02,Active,52227.0,2025-03-10,58.02,Paid
1488,Customer_1488,Retail,2024-12-02,Active,53907.0,2025-03-04,115.07,Refunded
1488,Customer_1488,Retail,2024-12-02,Active,54148.0,2025-03-26,466.78,Processing
1489,Customer_1489,VIP,2024-06-17,Active,50685.0,2025-03-07,361.04,Paid
1489,Customer_1489,VIP,2024-06-17,Active,51222.0,2025-02-07,116.93,Paid
1490,Customer_1490,Enterprise,2024-03-02,Active,50219.0,2025-02-08,329.72,Paid
1490,Customer_1490,Enterprise,2024-03-02,Active,50792.0,2025-02-24,53.86,Paid
1490,Customer_1490,Enterprise,2024-03-02,Active,50903.0,2025-03-06,226.54,Processing
1490,Customer_1490,Enterprise,2024-03-02,Active,51169.0,2025-02-03,53.59,Refunded
1490,Customer_1490,Enterprise,2024-03-02,Active,51187.0,2025-03-20,179.99,Processing
1490,Customer_1490,Enterprise,2024-03-02,Active,53051.0,2025-01-14,327.89,Paid
1490,Customer_1490,Enterprise,2024-03-02,Active,54524.0,2025-02-24,138.33,Paid
1490,Customer_1490,Enterprise,2024-03-02,Active,54808.0,2025-03-13,380.65,Paid
1491,Customer_1491,Retail,2024-07-20,Active,51008.0,2025-02-10,51.25,Paid
1491,Customer_1491,Retail,2024-07-20,Active,51179.0,2025-01-04,108.14,Paid
1491,Customer_1491,Retail,2024-07-20,Active,51901.0,2025-02-26,53.97,Paid
1491,Customer_1491,Retail,2024-07-20,Active,53466.0,2025-02-09,35.83,Processing
1491,Customer_1491,Retail,2024-07-20,Active,53562.0,2025-03-09,28.18,Processing
1491,Customer_1491,Retail,2024-07-20,Active,53655.0,2025-03-05,123.5,Paid
1491,Customer_1491,Retail,2024-07-20,Active,53928.0,2025-02-20,99.03,Paid
1492,Customer_1492,SMB,2024-08-22,Dormant,50742.0,2025-03-03,29.64,Paid
1492,Customer_1492,SMB,2024-08-22,Dormant,51089.0,2025-03-15,145.08,Paid
1492,Customer_1492,SMB,2024-08-22,Dormant,51108.0,2025-02-04,87.52,Processing
1492,Customer_1492,SMB,2024-08-22,Dormant,52989.0,2025-01-24,497.38,Paid
1492,Customer_1492,SMB,2024-08-22,Dormant,53257.0,2025-03-04,333.62,Paid
1493,Customer_1493,Retail,2024-12-26,Active,50887.0,2025-01-15,54.18,Paid
1493,Customer_1493,Retail,2024-12-26,Active,51750.0,2025-03-21,55.54,Paid
1493,Customer_1493,Retail,2024-12-26,Active,52873.0,2025-03-04,409.25,Paid
1493,Customer_1493,Retail,2024-12-26,Active,53589.0,2025-03-04,635.6,Paid
1493,Customer_1493,Retail,2024-12-26,Active,54994.0,2025-01-23,25.13,Paid
1494,Customer_1494,Retail,2024-04-05,Active,50003.0,2025-01-22,106.87,Processing
1494,Customer_1494,Retail,2024-04-05,Active,50092.0,2025-02-10,33.73,Paid
1494,Customer_1494,Retail,2024-04-05,Active,51494.0,2025-01-20,388.42,Paid
1494,Customer_1494,Retail,2024-04-05,Active,52299.0,2025-02-13,90.26,Paid
1494,Customer_1494,Retail,2024-04-05,Active,53068.0,2025-02-01,144.4,Paid
1494,Customer_1494,Retail,2024-04-05,Active,54306.0,2025-01-05,38.47,Paid
1494,Customer_1494,Retail,2024-04-05,Active,54454.0,2025-02-09,115.75,Paid
1494,Customer_1494,Retail,2024-04-05,Active,54488.0,2025-03-22,55.03,Processing
1495,Customer_1495,Retail,2024-09-23,Pending,51094.0,2025-02-08,228.64,Paid
1495,Customer_1495,Retail,2024-09-23,Pending,52456.0,2025-03-06,166.74,Paid
1495,Customer_1495,Retail,2024-09-23,Pending,53031.0,2025-03-08,49.26,Paid
1495,Customer_1495,Retail,2024-09-23,Pending,53234.0,2025-01-10,89.75,Processing
1495,Customer_1495,Retail,2024-09-23,Pending,53323.0,2025-01-12,127.37,Paid
1495,Customer_1495,Retail,2024-09-23,Pending,53730.0,2025-01-06,224.79,Paid
1495,Customer_1495,Retail,2024-09-23,Pending,54085.0,2025-02-06,289.09,Paid
1496,Customer_1496,Retail,2024-10-25,Active,50501.0,2025-02-21,168.18,Processing
1496,Customer_1496,Retail,2024-10-25,Active,51582.0,2025-01-13,65.92,Paid
1496,Customer_1496,Retail,2024-10-25,Active,51857.0,2025-02-14,208.41,Paid
1496,Customer_1496,Retail,2024-10-25,Active,52030.0,2025-01-18,143.37,Paid
1496,Customer_1496,Retail,2024-10-25,Active,52475.0,2025-01-15,305.17,Paid
1496,Customer_1496,Retail,2024-10-25,Active,53218.0,2025-01-13,138.33,Paid
1496,Customer_1496,Retail,2024-10-25,Active,53609.0,2025-02-15,205.69,Paid
1496,Customer_1496,Retail,2024-10-25,Active,54373.0,2025-02-27,22.69,Paid
1496,Customer_1496,Retail,2024-10-25,Active,54967.0,2025-01-22,107.07,Paid
1497,Customer_1497,SMB,2024-07-16,Active,51119.0,2025-01-18,78.77,Paid
1497,Customer_1497,SMB,2024-07-16,Active,52433.0,2025-01-10,200.17,Paid
1497,Customer_1497,SMB,2024-07-16,Active,53010.0,2025-02-02,89.6,Processing
1498,Customer_1498,Retail,2024-12-17,Active,50909.0,2025-01-01,146.68,Processing
1498,Customer_1498,Retail,2024-12-17,Active,51389.0,2025-01-18,401.29,Paid
1498,Customer_1498,Retail,2024-12-17,Active,51892.0,2025-01-11,103.15,Paid
1498,Customer_1498,Retail,2024-12-17,Active,52053.0,2025-02-07,35.69,Paid
1498,Customer_1498,Retail,2024-12-17,Active,52302.0,2025-01-07,37.25,Paid
1498,Customer_1498,Retail,2024-12-17,Active,53223.0,2025-01-16,100.62,Refunded
1498,Customer_1498,Retail,2024-12-17,Active,53545.0,2025-02-08,79.78,Paid
1498,Customer_1498,Retail,2024-12-17,Active,53869.0,2025-03-15,31.43,Paid
1498,Customer_1498,Retail,2024-12-17,Active,54402.0,2025-02-18,82.25,Paid
1498,Customer_1498,Retail,2024-12-17,Active,54618.0,2025-03-06,230.73,Processing
1499,Customer_1499,VIP,2024-12-08,Active,51645.0,2025-03-20,337.1,Paid
1499,Customer_1499,VIP,2024-12-08,Active,51684.0,2025-02-11,297.04,Paid
1499,Customer_1499,VIP,2024-12-08,Active,51995.0,2025-03-10,186.69,Processing
1499,Customer_1499,VIP,2024-12-08,Active,52103.0,2025-02-22,34.09,Paid
1499,Customer_1499,VIP,2024-12-08,Active,54575.0,2025-02-04,323.1,Paid
1499,Customer_1499,VIP,2024-12-08,Active,54662.0,2025-03-14,69.66,Paid
1500,Customer_1500,VIP,2024-04-03,Active,51384.0,2025-03-25,138.5,Paid
1500,Customer_1500,VIP,2024-04-03,Active,52042.0,2025-01-19,211.73,Processing
1500,Customer_1500,VIP,2024-04-03,Active,54632.0,2025-03-24,88.78,Paid
1500,Customer_1500,VIP,2024-04-03,Active,54646.0,2025-02-11,142.69,Processing
1501,Customer_1501,SMB,2024-07-19,Active,51259.0,2025-01-18,89.59,Paid
1501,Customer_1501,SMB,2024-07-19,Active,51348.0,2025-03-08,138.19,Paid
1501,Customer_1501,SMB,2024-07-19,Active,52183.0,2025-01-14,489.91,Paid
1502,Customer_1502,SMB,2024-08-22,Active,50206.0,2025-02-25,231.77,Paid
1502,Customer_1502,SMB,2024-08-22,Active,50332.0,2025-02-21,39.62,Processing
1502,Customer_1502,SMB,2024-08-22,Active,50340.0,2025-01-18,89.07,Paid
1502,Customer_1502,SMB,2024-08-22,Active,50541.0,2025-01-20,400.3,Processing
1502,Customer_1502,SMB,2024-08-22,Active,50723.0,2025-02-20,63.95,Processing
1502,Customer_1502,SMB,2024-08-22,Active,51409.0,2025-02-08,112.19,Paid
1502,Customer_1502,SMB,2024-08-22,Active,52469.0,2025-02-03,72.37,Refunded
1502,Customer_1502,SMB,2024-08-22,Active,53412.0,2025-03-25,31.63,Paid
1503,Customer_1503,Retail,2024-05-20,Dormant,50942.0,2025-01-13,385.59,Paid
1503,Customer_1503,Retail,2024-05-20,Dormant,51360.0,2025-03-22,141.4,Paid
1503,Customer_1503,Retail,2024-05-20,Dormant,51735.0,2025-01-09,28.8,Paid
1503,Customer_1503,Retail,2024-05-20,Dormant,52146.0,2025-02-16,313.93,Paid
1503,Customer_1503,Retail,2024-05-20,Dormant,53013.0,2025-03-18,208.22,Processing
1503,Customer_1503,Retail,2024-05-20,Dormant,53384.0,2025-03-11,231.08,Paid
1503,Customer_1503,Retail,2024-05-20,Dormant,53431.0,2025-03-17,944.72,Paid
1503,Customer_1503,Retail,2024-05-20,Dormant,54054.0,2025-03-08,581.16,Paid
1503,Customer_1503,Retail,2024-05-20,Dormant,54403.0,2025-02-06,87.4,Paid
1503,Customer_1503,Retail,2024-05-20,Dormant,54928.0,2025-02-25,115.11,Refunded
1504,Customer_1504,Enterprise,2024-08-24,Active,50786.0,2025-03-19,33.02,Processing
1504,Customer_1504,Enterprise,2024-08-24,Active,51204.0,2025-01-03,56.78,Paid
1504,Customer_1504,Enterprise,2024-08-24,Active,52079.0,2025-03-14,71.48,Paid
1504,Customer_1504,Enterprise,2024-08-24,Active,52582.0,2025-02-02,87.94,Processing
1504,Customer_1504,Enterprise,2024-08-24,Active,53296.0,2025-01-01,242.38,Paid
1504,Customer_1504,Enterprise,2024-08-24,Active,54875.0,2025-03-14,204.12,Paid
1505,Customer_1505,SMB,2024-12-01,Active,50837.0,2025-01-11,349.84,Paid
1505,Customer_1505,SMB,2024-12-01,Active,52503.0,2025-02-14,574.49,Paid
1505,Customer_1505,SMB,2024-12-01,Active,54518.0,2025-03-25,137.69,Paid
1505,Customer_1505,SMB,2024-12-01,Active,54887.0,2025-02-22,142.42,Paid
1506,Customer_1506,Retail,2024-09-21,Active,50797.0,2025-03-24,222.02,Paid
1506,Customer_1506,Retail,2024-09-21,Active,51293.0,2025-02-08,30.07,Paid
1506,Customer_1506,Retail,2024-09-21,Active,51368.0,2025-01-04,375.09,Paid
1506,Customer_1506,Retail,2024-09-21,Active,51895.0,2025-03-03,32.88,Paid
1506,Customer_1506,Retail,2024-09-21,Active,53673.0,2025-01-01,46.08,Paid
1506,Customer_1506,Retail,2024-09-21,Active,53955.0,2025-01-05,198.52,Paid
1506,Customer_1506,Retail,2024-09-21,Active,54495.0,2025-02-24,218.82,Paid
1506,Customer_1506,Retail,2024-09-21,Active,54845.0,2025-01-08,173.73,Paid
1507,Customer_1507,Enterprise,2024-04-06,Active,51355.0,2025-02-21,143.56,Paid
1507,Customer_1507,Enterprise,2024-04-06,Active,53300.0,2025-03-09,69.71,Paid
1507,Customer_1507,Enterprise,2024-04-06,Active,53660.0,2025-01-11,187.41,Paid
1507,Customer_1507,Enterprise,2024-04-06,Active,53897.0,2025-01-24,225.34,Paid
1508,Customer_1508,Enterprise,2024-06-18,Active,50533.0,2025-02-02,184.94,Paid
1508,Customer_1508,Enterprise,2024-06-18,Active,50825.0,2025-02-04,30.96,Paid
1508,Customer_1508,Enterprise,2024-06-18,Active,50953.0,2025-01-06,137.7,Refunded
1508,Customer_1508,Enterprise,2024-06-18,Active,52142.0,2025-03-26,214.94,Paid
1508,Customer_1508,Enterprise,2024-06-18,Active,52598.0,2025-01-13,80.51,Paid
1508,Customer_1508,Enterprise,2024-06-18,Active,54181.0,2025-02-25,92.94,Paid
1508,Customer_1508,Enterprise,2024-06-18,Active,54476.0,2025-03-17,84.84,Paid
1508,Customer_1508,Enterprise,2024-06-18,Active,54855.0,2025-02-21,82.56,Paid
1509,Customer_1509,Enterprise,2024-08-07,Active,50346.0,2025-02-14,107.06,Paid
1509,Customer_1509,Enterprise,2024-08-07,Active,51439.0,2025-01-23,22.84,Paid
1509,Customer_1509,Enterprise,2024-08-07,Active,51797.0,2025-02-12,105.32,Paid
1509,Customer_1509,Enterprise,2024-08-07,Active,52284.0,2025-02-22,109.66,Paid
1509,Customer_1509,Enterprise,2024-08-07,Active,53334.0,2025-02-12,180.3,Paid
1509,Customer_1509,Enterprise,2024-08-07,Active,53349.0,2025-02-23,191.46,Paid
1510,Customer_1510,SMB,2024-01-21,Pending,53344.0,2025-01-09,210.56,Paid
1510,Customer_1510,SMB,2024-01-21,Pending,53396.0,2025-01-20,38.95,Processing
1511,Customer_1511,SMB,2024-12-06,Active,50647.0,2025-02-14,374.45,Paid
1511,Customer_1511,SMB,2024-12-06,Active,51706.0,2025-03-14,493.71,Paid
1511,Customer_1511,SMB,2024-12-06,Active,51912.0,2025-03-27,91.81,Paid
1511,Customer_1511,SMB,2024-12-06,Active,51986.0,2025-03-08,361.14,Paid
1511,Customer_1511,SMB,2024-12-06,Active,52361.0,2025-03-08,58.98,Paid
1511,Customer_1511,SMB,2024-12-06,Active,52481.0,2025-02-20,62.43,Paid
1511,Customer_1511,SMB,2024-12-06,Active,53181.0,2025-01-03,53.41,Processing
1511,Customer_1511,SMB,2024-12-06,Active,54341.0,2025-03-07,175.63,Paid
1511,Customer_1511,SMB,2024-12-06,Active,54706.0,2025-02-09,144.3,Paid
1512,Customer_1512,Retail,2024-04-02,Active,51632.0,2025-03-01,161.54,Paid
1512,Customer_1512,Retail,2024-04-02,Active,51934.0,2025-01-20,22.45,Paid
1512,Customer_1512,Retail,2024-04-02,Active,52781.0,2025-02-23,28.78,Paid
1513,Customer_1513,Enterprise,2024-04-01,Active,50850.0,2025-01-22,540.3,Paid
1513,Customer_1513,Enterprise,2024-04-01,Active,50976.0,2025-02-06,497.5,Paid
1513,Customer_1513,Enterprise,2024-04-01,Active,52154.0,2025-02-22,46.2,Paid
1513,Customer_1513,Enterprise,2024-04-01,Active,53937.0,2025-02-11,75.31,Paid
1513,Customer_1513,Enterprise,2024-04-01,Active,54434.0,2025-01-08,549.28,Paid
1514,Customer_1514,Enterprise,2024-07-18,Active,50060.0,2025-03-04,456.04,Refunded
1514,Customer_1514,Enterprise,2024-07-18,Active,50716.0,2025-01-06,271.06,Paid
1514,Customer_1514,Enterprise,2024-07-18,Active,50776.0,2025-02-10,25.45,Paid
1514,Customer_1514,Enterprise,2024-07-18,Active,50967.0,2025-03-21,163.64,Paid
1514,Customer_1514,Enterprise,2024-07-18,Active,53067.0,2025-02-19,80.52,Paid
1514,Customer_1514,Enterprise,2024-07-18,Active,54794.0,2025-01-20,80.92,Paid
1515,Customer_1515,Retail,2024-02-09,Active,50785.0,2025-03-12,496.54,Paid
1515,Customer_1515,Retail,2024-02-09,Active,50794.0,2025-01-10,384.02,Refunded
1515,Customer_1515,Retail,2024-02-09,Active,53909.0,2025-01-07,260.88,Paid
1515,Customer_1515,Retail,2024-02-09,Active,54553.0,2025-01-27,264.92,Paid
1515,Customer_1515,Retail,2024-02-09,Active,54954.0,2025-03-19,167.39,Paid
1515,Customer_1515,Retail,2024-02-09,Active,54960.0,2025-01-21,301.13,Paid
1516,Customer_1516,Retail,2024-05-02,Active,50764.0,2025-02-02,258.04,Paid
1516,Customer_1516,Retail,2024-05-02,Active,52470.0,2025-02-24,140.05,Paid
1516,Customer_1516,Retail,2024-05-02,Active,52499.0,2025-01-12,39.64,Paid
1516,Customer_1516,Retail,2024-05-02,Active,53092.0,2025-02-18,25.8,Paid
1516,Customer_1516,Retail,2024-05-02,Active,53572.0,2025-01-02,196.6,Paid
1516,Customer_1516,Retail,2024-05-02,Active,54942.0,2025-02-27,130.61,Paid
1517,Customer_1517,Retail,2024-11-25,Active,50706.0,2025-02-22,367.09,Paid
1517,Customer_1517,Retail,2024-11-25,Active,51145.0,2025-02-09,151.57,Paid
1517,Customer_1517,Retail,2024-11-25,Active,51650.0,2025-01-09,39.7,Paid
1517,Customer_1517,Retail,2024-11-25,Active,54178.0,2025-03-02,29.76,Paid
1517,Customer_1517,Retail,2024-11-25,Active,54541.0,2025-01-09,243.59,Paid
1518,Customer_1518,Enterprise,2024-09-01,Active,50413.0,2025-03-18,27.4,Paid
1518,Customer_1518,Enterprise,2024-09-01,Active,50934.0,2025-03-12,25.47,Paid
1518,Customer_1518,Enterprise,2024-09-01,Active,51863.0,2025-01-24,297.77,Paid
1518,Customer_1518,Enterprise,2024-09-01,Active,52644.0,2025-03-17,273.55,Paid
1518,Customer_1518,Enterprise,2024-09-01,Active,52922.0,2025-01-26,358.49,Paid
1518,Customer_1518,Enterprise,2024-09-01,Active,53480.0,2025-03-16,474.08,Paid
1519,Customer_1519,VIP,2024-11-03,Pending,51463.0,2025-01-21,170.8,Paid
1519,Customer_1519,VIP,2024-11-03,Pending,53347.0,2025-02-04,1109.55,Paid
1519,Customer_1519,VIP,2024-11-03,Pending,54159.0,2025-01-05,61.95,Paid
1519,Customer_1519,VIP,2024-11-03,Pending,54457.0,2025-01-13,158.92,Paid
1519,Customer_1519,VIP,2024-11-03,Pending,54530.0,2025-01-05,91.28,Paid
1519,Customer_1519,VIP,2024-11-03,Pending,54940.0,2025-03-24,41.77,Paid
1520,Customer_1520,Retail,2024-04-23,Dormant,50002.0,2025-03-26,680.62,Paid
1520,Customer_1520,Retail,2024-04-23,Dormant,50066.0,2025-02-07,25.83,Paid
1520,Customer_1520,Retail,2024-04-23,Dormant,50150.0,2025-02-20,124.66,Paid
1520,Customer_1520,Retail,2024-04-23,Dormant,50514.0,2025-03-21,95.4,Paid
1520,Customer_1520,Retail,2024-04-23,Dormant,51837.0,2025-03-19,115.77,Paid
1520,Customer_1520,Retail,2024-04-23,Dormant,52517.0,2025-02-11,164.37,Paid
1521,Customer_1521,SMB,2024-10-04,Active,50214.0,2025-03-08,466.21,Processing
1521,Customer_1521,SMB,2024-10-04,Active,50371.0,2025-02-09,170.65,Paid
1521,Customer_1521,SMB,2024-10-04,Active,51737.0,2025-03-21,370.28,Processing
1521,Customer_1521,SMB,2024-10-04,Active,51939.0,2025-03-24,91.62,Paid
1521,Customer_1521,SMB,2024-10-04,Active,52249.0,2025-03-24,321.99,Paid
1521,Customer_1521,SMB,2024-10-04,Active,52838.0,2025-03-11,32.42,Processing
1521,Customer_1521,SMB,2024-10-04,Active,53395.0,2025-02-19,84.93,Paid
1521,Customer_1521,SMB,2024-10-04,Active,54737.0,2025-02-21,139.0,Paid
1522,Customer_1522,Retail,2024-02-23,Pending,51634.0,2025-03-12,242.03,Paid
1522,Customer_1522,Retail,2024-02-23,Pending,51636.0,2025-02-17,450.83,Paid
1522,Customer_1522,Retail,2024-02-23,Pending,51660.0,2025-01-22,207.9,Processing
1522,Customer_1522,Retail,2024-02-23,Pending,51885.0,2025-02-26,43.98,Paid
1522,Customer_1522,Retail,2024-02-23,Pending,53143.0,2025-03-25,359.34,Paid
1522,Customer_1522,Retail,2024-02-23,Pending,54280.0,2025-02-10,189.36,Paid
1522,Customer_1522,Retail,2024-02-23,Pending,54562.0,2025-02-10,59.59,Paid
1523,Customer_1523,VIP,2024-06-03,Active,50042.0,2025-01-09,71.26,Paid
1523,Customer_1523,VIP,2024-06-03,Active,50163.0,2025-01-19,204.06,Paid
1523,Customer_1523,VIP,2024-06-03,Active,50727.0,2025-02-05,21.16,Refunded
1523,Customer_1523,VIP,2024-06-03,Active,51786.0,2025-01-07,133.72,Paid
1523,Customer_1523,VIP,2024-06-03,Active,51832.0,2025-03-13,214.03,Processing
1523,Customer_1523,VIP,2024-06-03,Active,52277.0,2025-01-20,582.08,Refunded
1523,Customer_1523,VIP,2024-06-03,Active,52723.0,2025-01-13,443.24,Paid
1523,Customer_1523,VIP,2024-06-03,Active,53262.0,2025-02-26,107.85,Processing
1523,Customer_1523,VIP,2024-06-03,Active,53281.0,2025-01-05,414.97,Paid
1523,Customer_1523,VIP,2024-06-03,Active,54040.0,2025-01-07,70.14,Paid
1523,Customer_1523,VIP,2024-06-03,Active,54800.0,2025-01-06,81.6,Processing
1524,Customer_1524,Enterprise,2024-06-11,Dormant,50187.0,2025-01-20,21.43,Processing
1524,Customer_1524,Enterprise,2024-06-11,Dormant,50853.0,2025-02-24,204.42,Refunded
1524,Customer_1524,Enterprise,2024-06-11,Dormant,51066.0,2025-02-06,161.91,Paid
1524,Customer_1524,Enterprise,2024-06-11,Dormant,53886.0,2025-02-14,237.74,Paid
1524,Customer_1524,Enterprise,2024-06-11,Dormant,54310.0,2025-02-26,266.48,Paid
1524,Customer_1524,Enterprise,2024-06-11,Dormant,54604.0,2025-02-17,42.06,Paid
1524,Customer_1524,Enterprise,2024-06-11,Dormant,54763.0,2025-02-14,27.46,Paid
1525,Customer_1525,Enterprise,2024-06-05,Active,52460.0,2025-03-10,217.9,Paid
1525,Customer_1525,Enterprise,2024-06-05,Active,52586.0,2025-03-03,140.94,Paid
1525,Customer_1525,Enterprise,2024-06-05,Active,52903.0,2025-02-25,99.28,Processing
1525,Customer_1525,Enterprise,2024-06-05,Active,53474.0,2025-01-24,58.66,Processing
1525,Customer_1525,Enterprise,2024-06-05,Active,54217.0,2025-03-03,72.46,Paid
1525,Customer_1525,Enterprise,2024-06-05,Active,54540.0,2025-01-15,617.77,Paid
1526,Customer_1526,Retail,2024-04-10,Dormant,50458.0,2025-01-19,370.44,Paid
1526,Customer_1526,Retail,2024-04-10,Dormant,51364.0,2025-03-26,126.62,Paid
1526,Customer_1526,Retail,2024-04-10,Dormant,52588.0,2025-03-06,41.52,Paid
1526,Customer_1526,Retail,2024-04-10,Dormant,53236.0,2025-02-27,123.97,Paid
1527,Customer_1527,Retail,2024-12-15,Dormant,51191.0,2025-02-27,69.26,Paid
1527,Customer_1527,Retail,2024-12-15,Dormant,51755.0,2025-02-13,28.48,Paid
1527,Customer_1527,Retail,2024-12-15,Dormant,53672.0,2025-03-18,93.61,Paid
1527,Customer_1527,Retail,2024-12-15,Dormant,54061.0,2025-03-10,58.83,Paid
1527,Customer_1527,Retail,2024-12-15,Dormant,54723.0,2025-03-05,343.43,Paid
1528,Customer_1528,Retail,2024-01-10,Active,50743.0,2025-01-21,361.85,Paid
1528,Customer_1528,Retail,2024-01-10,Active,50983.0,2025-02-14,89.61,Paid
1528,Customer_1528,Retail,2024-01-10,Active,52192.0,2025-03-12,125.15,Paid
1528,Customer_1528,Retail,2024-01-10,Active,52564.0,2025-01-07,125.04,Paid
1528,Customer_1528,Retail,2024-01-10,Active,52980.0,2025-02-05,51.47,Paid
1528,Customer_1528,Retail,2024-01-10,Active,53028.0,2025-03-05,67.49,Paid
1528,Customer_1528,Retail,2024-01-10,Active,53202.0,2025-03-18,29.89,Paid
1528,Customer_1528,Retail,2024-01-10,Active,53291.0,2025-01-16,32.33,Paid
1528,Customer_1528,Retail,2024-01-10,Active,53394.0,2025-03-02,81.87,Paid
1528,Customer_1528,Retail,2024-01-10,Active,54593.0,2025-01-01,297.37,Paid
1529,Customer_1529,Retail,2024-06-18,Dormant,50418.0,2025-02-14,275.46,Paid
1529,Customer_1529,Retail,2024-06-18,Dormant,51286.0,2025-02-01,45.57,Paid
1529,Customer_1529,Retail,2024-06-18,Dormant,51520.0,2025-03-23,541.63,Processing
1529,Customer_1529,Retail,2024-06-18,Dormant,53377.0,2025-02-22,36.59,Paid
1529,Customer_1529,Retail,2024-06-18,Dormant,53783.0,2025-02-10,118.69,Paid
1529,Customer_1529,Retail,2024-06-18,Dormant,54108.0,2025-03-21,909.67,Paid
1529,Customer_1529,Retail,2024-06-18,Dormant,54271.0,2025-02-09,72.76,Paid
1529,Customer_1529,Retail,2024-06-18,Dormant,54338.0,2025-03-23,119.82,Paid
1530,Customer_1530,Enterprise,2024-03-24,Active,50160.0,2025-03-03,60.09,Paid
1530,Customer_1530,Enterprise,2024-03-24,Active,51067.0,2025-01-11,215.68,Paid
1530,Customer_1530,Enterprise,2024-03-24,Active,51233.0,2025-02-12,46.34,Refunded
1530,Customer_1530,Enterprise,2024-03-24,Active,51300.0,2025-03-10,161.03,Paid
1530,Customer_1530,Enterprise,2024-03-24,Active,51331.0,2025-03-26,118.07,Processing
1530,Customer_1530,Enterprise,2024-03-24,Active,52887.0,2025-03-16,547.16,Paid
1530,Customer_1530,Enterprise,2024-03-24,Active,52902.0,2025-03-18,51.37,Paid
1530,Customer_1530,Enterprise,2024-03-24,Active,53855.0,2025-01-09,79.55,Paid
1530,Customer_1530,Enterprise,2024-03-24,Active,53954.0,2025-02-05,86.32,Paid
1530,Customer_1530,Enterprise,2024-03-24,Active,54103.0,2025-01-25,113.61,Paid
1530,Customer_1530,Enterprise,2024-03-24,Active,54323.0,2025-02-17,250.56,Paid
1530,Customer_1530,Enterprise,2024-03-24,Active,54638.0,2025-01-15,69.72,Paid
1530,Customer_1530,Enterprise,2024-03-24,Active,54747.0,2025-01-24,220.2,Paid
1531,Customer_1531,Enterprise,2024-10-14,Active,52148.0,2025-01-24,56.01,Paid
1531,Customer_1531,Enterprise,2024-10-14,Active,54464.0,2025-03-25,451.52,Paid
1531,Customer_1531,Enterprise,2024-10-14,Active,54798.0,2025-03-24,126.23,Paid
1531,Customer_1531,Enterprise,2024-10-14,Active,54957.0,2025-03-04,128.31,Paid
1532,Customer_1532,VIP,2024-06-03,Active,50574.0,2025-02-17,135.71,Paid
1532,Customer_1532,VIP,2024-06-03,Active,51071.0,2025-03-21,56.47,Processing
1532,Customer_1532,VIP,2024-06-03,Active,52028.0,2025-03-06,61.23,Paid
1532,Customer_1532,VIP,2024-06-03,Active,53134.0,2025-03-25,294.33,Paid
1532,Customer_1532,VIP,2024-06-03,Active,53610.0,2025-01-10,130.22,Paid
1532,Customer_1532,VIP,2024-06-03,Active,53876.0,2025-01-23,229.18,Paid
1532,Customer_1532,VIP,2024-06-03,Active,54354.0,2025-03-24,123.01,Paid
1533,Customer_1533,VIP,2024-07-20,Active,53486.0,2025-01-19,118.77,Paid
1533,Customer_1533,VIP,2024-07-20,Active,53757.0,2025-03-06,149.99,Paid
1533,Customer_1533,VIP,2024-07-20,Active,54347.0,2025-02-13,798.56,Paid
1533,Customer_1533,VIP,2024-07-20,Active,54666.0,2025-03-24,135.29,Paid
1534,Customer_1534,SMB,2024-09-15,Active,50238.0,2025-03-16,110.73,Paid
1534,Customer_1534,SMB,2024-09-15,Active,50896.0,2025-03-12,187.97,Paid
1534,Customer_1534,SMB,2024-09-15,Active,51209.0,2025-01-23,66.93,Processing
1534,Customer_1534,SMB,2024-09-15,Active,51969.0,2025-01-16,88.57,Refunded
1534,Customer_1534,SMB,2024-09-15,Active,52155.0,2025-03-11,60.61,Paid
1534,Customer_1534,SMB,2024-09-15,Active,52997.0,2025-03-12,141.03,Paid
1534,Customer_1534,SMB,2024-09-15,Active,53306.0,2025-01-05,576.3,Processing
1534,Customer_1534,SMB,2024-09-15,Active,53332.0,2025-03-19,388.99,Refunded
1534,Customer_1534,SMB,2024-09-15,Active,53822.0,2025-03-07,253.93,Paid
1534,Customer_1534,SMB,2024-09-15,Active,54557.0,2025-02-09,494.22,Paid
1535,Customer_1535,SMB,2024-05-03,Active,51993.0,2025-02-18,76.92,Paid
1535,Customer_1535,SMB,2024-05-03,Active,52923.0,2025-03-23,255.88,Paid
1535,Customer_1535,SMB,2024-05-03,Active,53125.0,2025-01-15,223.14,Paid
1536,Customer_1536,Enterprise,2024-02-27,Dormant,51808.0,2025-03-23,218.54,Paid
1536,Customer_1536,Enterprise,2024-02-27,Dormant,52978.0,2025-01-16,142.81,Paid
1536,Customer_1536,Enterprise,2024-02-27,Dormant,54569.0,2025-02-13,81.17,Paid
1536,Customer_1536,Enterprise,2024-02-27,Dormant,54837.0,2025-01-12,253.35,Paid
1536,Customer_1536,Enterprise,2024-02-27,Dormant,54868.0,2025-02-05,22.24,Paid
1537,Customer_1537,Enterprise,2024-02-03,Active,50788.0,2025-01-26,557.52,Processing
1537,Customer_1537,Enterprise,2024-02-03,Active,50931.0,2025-02-04,226.21,Paid
1537,Customer_1537,Enterprise,2024-02-03,Active,51041.0,2025-01-18,128.39,Paid
1537,Customer_1537,Enterprise,2024-02-03,Active,51224.0,2025-02-24,60.21,Paid
1537,Customer_1537,Enterprise,2024-02-03,Active,51849.0,2025-03-16,54.99,Paid
1537,Customer_1537,Enterprise,2024-02-03,Active,52547.0,2025-01-10,533.45,Paid
1537,Customer_1537,Enterprise,2024-02-03,Active,53088.0,2025-03-17,113.33,Processing
1537,Customer_1537,Enterprise,2024-02-03,Active,53314.0,2025-02-07,322.22,Paid
1537,Customer_1537,Enterprise,2024-02-03,Active,53530.0,2025-01-20,54.17,Paid
1537,Customer_1537,Enterprise,2024-02-03,Active,54935.0,2025-03-05,194.12,Paid
1538,Customer_1538,Retail,2024-02-14,Active,50095.0,2025-03-02,106.76,Paid
1538,Customer_1538,Retail,2024-02-14,Active,50493.0,2025-03-06,56.41,Refunded
1538,Customer_1538,Retail,2024-02-14,Active,51906.0,2025-01-27,438.23,Paid
1538,Customer_1538,Retail,2024-02-14,Active,52397.0,2025-01-16,38.63,Paid
1538,Customer_1538,Retail,2024-02-14,Active,52734.0,2025-03-13,117.22,Refunded
1538,Customer_1538,Retail,2024-02-14,Active,53263.0,2025-03-03,89.07,Paid
1538,Customer_1538,Retail,2024-02-14,Active,53753.0,2025-03-01,327.72,Paid
1538,Customer_1538,Retail,2024-02-14,Active,53976.0,2025-02-15,48.65,Paid
1538,Customer_1538,Retail,2024-02-14,Active,54234.0,2025-01-11,166.35,Processing
1538,Customer_1538,Retail,2024-02-14,Active,54743.0,2025-01-26,105.27,Paid
1539,Customer_1539,Retail,2024-04-18,Dormant,50778.0,2025-03-19,117.85,Paid
1539,Customer_1539,Retail,2024-04-18,Dormant,50939.0,2025-01-08,31.99,Paid
1539,Customer_1539,Retail,2024-04-18,Dormant,52471.0,2025-02-26,168.09,Refunded
1540,Customer_1540,Retail,2024-10-25,Dormant,51315.0,2025-03-26,154.16,Paid
1540,Customer_1540,Retail,2024-10-25,Dormant,51421.0,2025-01-12,178.47,Paid
1540,Customer_1540,Retail,2024-10-25,Dormant,51452.0,2025-03-21,144.48,Paid
1540,Customer_1540,Retail,2024-10-25,Dormant,51751.0,2025-02-01,89.36,Refunded
1540,Customer_1540,Retail,2024-10-25,Dormant,52230.0,2025-03-11,158.68,Paid
1540,Customer_1540,Retail,2024-10-25,Dormant,52434.0,2025-03-20,69.13,Paid
1540,Customer_1540,Retail,2024-10-25,Dormant,52748.0,2025-03-02,175.0,Paid
1540,Customer_1540,Retail,2024-10-25,Dormant,53195.0,2025-01-05,28.99,Paid
1541,Customer_1541,VIP,2024-02-25,Dormant,50374.0,2025-03-03,272.1,Paid
1541,Customer_1541,VIP,2024-02-25,Dormant,50618.0,2025-01-09,123.51,Processing
1541,Customer_1541,VIP,2024-02-25,Dormant,50656.0,2025-01-01,132.44,Paid
1541,Customer_1541,VIP,2024-02-25,Dormant,51117.0,2025-03-05,94.57,Processing
1541,Customer_1541,VIP,2024-02-25,Dormant,51505.0,2025-02-08,22.84,Refunded
1541,Customer_1541,VIP,2024-02-25,Dormant,51990.0,2025-01-17,104.89,Processing
1541,Customer_1541,VIP,2024-02-25,Dormant,52143.0,2025-02-26,117.87,Paid
1541,Customer_1541,VIP,2024-02-25,Dormant,52711.0,2025-02-22,36.64,Paid
1541,Customer_1541,VIP,2024-02-25,Dormant,54170.0,2025-03-01,84.34,Paid
1541,Customer_1541,VIP,2024-02-25,Dormant,54318.0,2025-01-14,119.16,Paid
1542,Customer_1542,SMB,2024-06-01,Active,50028.0,2025-01-12,168.3,Paid
1542,Customer_1542,SMB,2024-06-01,Active,51031.0,2025-02-05,36.34,Paid
1542,Customer_1542,SMB,2024-06-01,Active,51181.0,2025-03-21,106.91,Paid
1542,Customer_1542,SMB,2024-06-01,Active,51512.0,2025-03-07,33.39,Paid
1542,Customer_1542,SMB,2024-06-01,Active,53359.0,2025-01-11,220.88,Processing
1542,Customer_1542,SMB,2024-06-01,Active,53415.0,2025-02-25,210.36,Paid
1542,Customer_1542,SMB,2024-06-01,Active,53617.0,2025-02-22,68.31,Paid
1542,Customer_1542,SMB,2024-06-01,Active,53774.0,2025-01-21,47.53,Paid
1543,Customer_1543,Retail,2024-04-14,Dormant,50269.0,2025-02-05,73.63,Paid
1543,Customer_1543,Retail,2024-04-14,Dormant,52023.0,2025-01-26,46.92,Paid
1543,Customer_1543,Retail,2024-04-14,Dormant,52331.0,2025-02-18,704.36,Paid
1543,Customer_1543,Retail,2024-04-14,Dormant,53600.0,2025-01-20,89.67,Processing
1543,Customer_1543,Retail,2024-04-14,Dormant,53742.0,2025-02-10,203.91,Paid
1544,Customer_1544,SMB,2024-01-14,Active,51508.0,2025-02-19,38.4,Paid
1544,Customer_1544,SMB,2024-01-14,Active,52377.0,2025-03-10,123.52,Paid
1544,Customer_1544,SMB,2024-01-14,Active,52969.0,2025-03-10,74.58,Paid
1544,Customer_1544,SMB,2024-01-14,Active,54095.0,2025-01-24,294.32,Paid
1544,Customer_1544,SMB,2024-01-14,Active,54283.0,2025-02-02,126.64,Paid
1545,Customer_1545,SMB,2024-06-14,Active,53829.0,2025-02-14,366.95,Paid
1546,Customer_1546,Retail,2024-04-03,Active,50478.0,2025-03-15,121.97,Paid
1546,Customer_1546,Retail,2024-04-03,Active,50629.0,2025-03-14,81.41,Processing
1546,Customer_1546,Retail,2024-04-03,Active,51577.0,2025-01-13,185.63,Paid
1546,Customer_1546,Retail,2024-04-03,Active,52614.0,2025-01-05,279.02,Paid
1546,Customer_1546,Retail,2024-04-03,Active,52866.0,2025-01-07,141.42,Paid
1546,Customer_1546,Retail,2024-04-03,Active,52946.0,2025-01-09,92.61,Paid
1546,Customer_1546,Retail,2024-04-03,Active,53348.0,2025-02-03,153.65,Paid
1546,Customer_1546,Retail,2024-04-03,Active,53535.0,2025-01-24,193.21,Paid
1547,Customer_1547,Retail,2024-03-09,Active,51388.0,2025-02-04,218.6,Paid
1547,Customer_1547,Retail,2024-03-09,Active,51702.0,2025-03-15,73.18,Paid
1547,Customer_1547,Retail,2024-03-09,Active,52493.0,2025-01-07,156.98,Paid
1547,Customer_1547,Retail,2024-03-09,Active,52925.0,2025-02-07,25.61,Paid
1547,Customer_1547,Retail,2024-03-09,Active,53357.0,2025-03-13,100.04,Paid
1547,Customer_1547,Retail,2024-03-09,Active,53788.0,2025-02-05,159.62,Paid
1547,Customer_1547,Retail,2024-03-09,Active,53796.0,2025-02-09,52.37,Paid
1547,Customer_1547,Retail,2024-03-09,Active,54313.0,2025-03-15,53.58,Paid
1548,Customer_1548,SMB,2024-06-25,Active,50890.0,2025-01-03,33.25,Paid
1548,Customer_1548,SMB,2024-06-25,Active,52393.0,2025-01-24,191.71,Paid
1548,Customer_1548,SMB,2024-06-25,Active,52619.0,2025-02-11,346.08,Paid
1549,Customer_1549,SMB,2024-05-02,Active,50412.0,2025-03-11,305.09,Paid
1549,Customer_1549,SMB,2024-05-02,Active,53252.0,2025-03-15,371.68,Paid
1549,Customer_1549,SMB,2024-05-02,Active,54090.0,2025-01-11,163.37,Processing
1550,Customer_1550,SMB,2024-08-21,Active,51086.0,2025-03-23,155.41,Paid
1550,Customer_1550,SMB,2024-08-21,Active,51087.0,2025-03-13,103.43,Paid
1550,Customer_1550,SMB,2024-08-21,Active,51826.0,2025-01-26,327.1,Paid
1550,Customer_1550,SMB,2024-08-21,Active,51853.0,2025-01-25,80.03,Paid
1550,Customer_1550,SMB,2024-08-21,Active,52070.0,2025-01-02,209.21,Paid
1550,Customer_1550,SMB,2024-08-21,Active,52809.0,2025-03-04,86.47,Paid
1551,Customer_1551,SMB,2024-02-04,Active,50510.0,2025-03-16,102.55,Processing
1551,Customer_1551,SMB,2024-02-04,Active,51678.0,2025-02-08,82.65,Paid
1551,Customer_1551,SMB,2024-02-04,Active,51690.0,2025-03-06,870.9,Paid
1551,Customer_1551,SMB,2024-02-04,Active,51801.0,2025-01-06,297.18,Paid
1551,Customer_1551,SMB,2024-02-04,Active,52425.0,2025-01-02,45.72,Paid
1551,Customer_1551,SMB,2024-02-04,Active,52557.0,2025-01-14,620.78,Paid
1551,Customer_1551,SMB,2024-02-04,Active,52686.0,2025-03-26,28.87,Paid
1551,Customer_1551,SMB,2024-02-04,Active,53506.0,2025-03-07,188.08,Paid
1551,Customer_1551,SMB,2024-02-04,Active,54392.0,2025-03-15,192.6,Paid
1551,Customer_1551,SMB,2024-02-04,Active,54580.0,2025-03-17,627.78,Paid
1552,Customer_1552,Enterprise,2024-09-15,Active,51403.0,2025-01-25,249.84,Paid
1552,Customer_1552,Enterprise,2024-09-15,Active,52860.0,2025-02-14,189.58,Paid
1552,Customer_1552,Enterprise,2024-09-15,Active,54596.0,2025-03-22,33.65,Paid
1552,Customer_1552,Enterprise,2024-09-15,Active,54785.0,2025-01-27,575.34,Paid
1553,Customer_1553,SMB,2024-04-13,Active,50070.0,2025-01-06,141.48,Paid
1553,Customer_1553,SMB,2024-04-13,Active,53128.0,2025-02-23,285.05,Paid
1553,Customer_1553,SMB,2024-04-13,Active,54863.0,2025-01-07,64.73,Paid
1554,Customer_1554,SMB,2024-12-12,Active,50056.0,2025-01-07,86.86,Paid
1554,Customer_1554,SMB,2024-12-12,Active,50079.0,2025-03-19,137.32,Paid
1554,Customer_1554,SMB,2024-12-12,Active,51601.0,2025-02-13,23.07,Paid
1554,Customer_1554,SMB,2024-12-12,Active,52662.0,2025-02-14,284.76,Paid
1554,Customer_1554,SMB,2024-12-12,Active,52883.0,2025-03-27,98.84,Paid
1554,Customer_1554,SMB,2024-12-12,Active,53060.0,2025-01-05,46.97,Paid
1554,Customer_1554,SMB,2024-12-12,Active,54014.0,2025-02-04,50.63,Paid
1554,Customer_1554,SMB,2024-12-12,Active,54056.0,2025-01-03,317.45,Processing
1555,Customer_1555,Enterprise,2024-12-13,Active,50047.0,2025-02-21,123.3,Paid
1555,Customer_1555,Enterprise,2024-12-13,Active,52630.0,2025-03-26,150.38,Paid
1555,Customer_1555,Enterprise,2024-12-13,Active,52906.0,2025-01-25,108.54,Paid
1555,Customer_1555,Enterprise,2024-12-13,Active,53919.0,2025-02-16,33.2,Paid
1556,Customer_1556,Retail,2024-04-18,Active,50467.0,2025-02-19,120.76,Paid
1556,Customer_1556,Retail,2024-04-18,Active,50906.0,2025-01-02,141.24,Processing
1556,Customer_1556,Retail,2024-04-18,Active,51129.0,2025-01-14,143.51,Paid
1556,Customer_1556,Retail,2024-04-18,Active,51573.0,2025-03-21,80.88,Paid
1556,Customer_1556,Retail,2024-04-18,Active,52006.0,2025-01-13,408.02,Paid
1556,Customer_1556,Retail,2024-04-18,Active,52129.0,2025-03-13,289.88,Processing
1556,Customer_1556,Retail,2024-04-18,Active,52424.0,2025-01-19,51.41,Paid
1556,Customer_1556,Retail,2024-04-18,Active,53001.0,2025-01-14,23.27,Processing
1556,Customer_1556,Retail,2024-04-18,Active,53874.0,2025-02-16,26.95,Paid
1556,Customer_1556,Retail,2024-04-18,Active,54443.0,2025-02-06,285.52,Paid
1556,Customer_1556,Retail,2024-04-18,Active,54498.0,2025-01-14,75.66,Paid
1556,Customer_1556,Retail,2024-04-18,Active,54614.0,2025-03-16,435.06,Paid
1557,Customer_1557,Retail,2024-12-06,Active,50943.0,2025-03-09,216.7,Paid
1557,Customer_1557,Retail,2024-12-06,Active,51232.0,2025-02-04,172.68,Paid
1557,Customer_1557,Retail,2024-12-06,Active,51427.0,2025-03-17,59.07,Paid
1557,Customer_1557,Retail,2024-12-06,Active,51458.0,2025-01-27,706.68,Paid
1557,Customer_1557,Retail,2024-12-06,Active,52262.0,2025-02-08,90.29,Paid
1557,Customer_1557,Retail,2024-12-06,Active,52454.0,2025-03-08,57.27,Paid
1557,Customer_1557,Retail,2024-12-06,Active,53379.0,2025-02-06,1032.11,Paid
1557,Customer_1557,Retail,2024-12-06,Active,53629.0,2025-01-03,160.04,Paid
1558,Customer_1558,Retail,2024-11-02,Dormant,50291.0,2025-02-19,188.5,Paid
1558,Customer_1558,Retail,2024-11-02,Dormant,50904.0,2025-03-10,304.69,Paid
1558,Customer_1558,Retail,2024-11-02,Dormant,52381.0,2025-01-10,113.37,Paid
1558,Customer_1558,Retail,2024-11-02,Dormant,54079.0,2025-03-17,159.55,Paid
1558,Customer_1558,Retail,2024-11-02,Dormant,54731.0,2025-03-05,272.45,Paid
1558,Customer_1558,Retail,2024-11-02,Dormant,54946.0,2025-03-16,22.36,Processing
1559,Customer_1559,SMB,2024-12-23,Active,50043.0,2025-03-13,195.33,Paid
1559,Customer_1559,SMB,2024-12-23,Active,50151.0,2025-01-10,104.24,Paid
1559,Customer_1559,SMB,2024-12-23,Active,51741.0,2025-01-25,95.34,Paid
1559,Customer_1559,SMB,2024-12-23,Active,52445.0,2025-02-14,404.45,Paid
1559,Customer_1559,SMB,2024-12-23,Active,52651.0,2025-02-23,65.53,Paid
1559,Customer_1559,SMB,2024-12-23,Active,53563.0,2025-03-17,238.94,Refunded
1559,Customer_1559,SMB,2024-12-23,Active,54897.0,2025-03-02,69.01,Paid
1560,Customer_1560,SMB,2024-03-19,Active,50436.0,2025-01-22,212.32,Processing
1560,Customer_1560,SMB,2024-03-19,Active,50566.0,2025-01-05,28.1,Refunded
1560,Customer_1560,SMB,2024-03-19,Active,50715.0,2025-02-26,125.21,Paid
1560,Customer_1560,SMB,2024-03-19,Active,51898.0,2025-01-22,945.54,Paid
1560,Customer_1560,SMB,2024-03-19,Active,52681.0,2025-03-03,244.35,Paid
1560,Customer_1560,SMB,2024-03-19,Active,53516.0,2025-02-18,65.28,Refunded
1560,Customer_1560,SMB,2024-03-19,Active,54141.0,2025-02-21,89.01,Paid
1561,Customer_1561,SMB,2024-05-19,Active,50384.0,2025-01-21,34.38,Paid
1561,Customer_1561,SMB,2024-05-19,Active,51021.0,2025-03-16,98.94,Paid
1561,Customer_1561,SMB,2024-05-19,Active,51431.0,2025-01-04,50.25,Processing
1561,Customer_1561,SMB,2024-05-19,Active,52426.0,2025-01-13,60.47,Paid
1561,Customer_1561,SMB,2024-05-19,Active,54413.0,2025-01-09,123.21,Paid
1561,Customer_1561,SMB,2024-05-19,Active,54568.0,2025-01-11,109.44,Paid
1562,Customer_1562,Retail,2024-02-10,Active,50600.0,2025-02-26,56.4,Refunded
1562,Customer_1562,Retail,2024-02-10,Active,52615.0,2025-01-22,116.06,Paid
1562,Customer_1562,Retail,2024-02-10,Active,54603.0,2025-03-09,172.53,Paid
1563,Customer_1563,Retail,2024-09-02,Pending,50331.0,2025-03-13,81.9,Paid
1563,Customer_1563,Retail,2024-09-02,Pending,51469.0,2025-01-07,111.24,Paid
1563,Customer_1563,Retail,2024-09-02,Pending,51917.0,2025-02-08,191.73,Processing
1563,Customer_1563,Retail,2024-09-02,Pending,52573.0,2025-02-04,392.28,Paid
1563,Customer_1563,Retail,2024-09-02,Pending,52715.0,2025-02-02,20.76,Paid
1563,Customer_1563,Retail,2024-09-02,Pending,54685.0,2025-02-01,65.1,Paid
1564,Customer_1564,Retail,2024-11-18,Active,50619.0,2025-03-13,122.28,Paid
1564,Customer_1564,Retail,2024-11-18,Active,53073.0,2025-02-07,389.22,Refunded
1565,Customer_1565,Retail,2024-08-15,Active,50483.0,2025-03-24,42.72,Processing
1565,Customer_1565,Retail,2024-08-15,Active,53671.0,2025-03-04,127.27,Paid
1565,Customer_1565,Retail,2024-08-15,Active,54223.0,2025-02-24,398.89,Paid
1565,Customer_1565,Retail,2024-08-15,Active,54350.0,2025-02-01,99.13,Paid
1565,Customer_1565,Retail,2024-08-15,Active,54640.0,2025-01-17,49.46,Paid
1565,Customer_1565,Retail,2024-08-15,Active,54980.0,2025-02-17,194.18,Paid
1566,Customer_1566,SMB,2024-09-23,Active,50253.0,2025-02-21,215.61,Paid
1566,Customer_1566,SMB,2024-09-23,Active,52606.0,2025-02-05,250.19,Paid
1566,Customer_1566,SMB,2024-09-23,Active,53371.0,2025-02-17,118.58,Paid
1567,Customer_1567,Retail,2024-03-09,Active,50165.0,2025-03-27,51.04,Paid
1567,Customer_1567,Retail,2024-03-09,Active,50236.0,2025-01-20,258.25,Paid
1567,Customer_1567,Retail,2024-03-09,Active,50657.0,2025-03-09,54.23,Paid
1567,Customer_1567,Retail,2024-03-09,Active,51404.0,2025-01-16,247.74,Paid
1567,Customer_1567,Retail,2024-03-09,Active,51820.0,2025-01-26,117.9,Paid
1567,Customer_1567,Retail,2024-03-09,Active,52592.0,2025-02-20,68.25,Paid
1567,Customer_1567,Retail,2024-03-09,Active,54470.0,2025-01-23,94.44,Refunded
1567,Customer_1567,Retail,2024-03-09,Active,54738.0,2025-01-12,206.32,Paid
1568,Customer_1568,Retail,2024-03-21,Active,53251.0,2025-03-19,70.16,Paid
1568,Customer_1568,Retail,2024-03-21,Active,53269.0,2025-01-12,111.1,Paid
1568,Customer_1568,Retail,2024-03-21,Active,53880.0,2025-03-20,312.87,Paid
1568,Customer_1568,Retail,2024-03-21,Active,53970.0,2025-03-10,31.66,Paid
1568,Customer_1568,Retail,2024-03-21,Active,54001.0,2025-01-12,110.84,Paid
1569,Customer_1569,Enterprise,2024-09-14,Active,50879.0,2025-02-25,33.29,Paid
1569,Customer_1569,Enterprise,2024-09-14,Active,51709.0,2025-02-22,217.25,Paid
1570,Customer_1570,Retail,2024-03-07,Active,50283.0,2025-01-13,375.74,Processing
1570,Customer_1570,Retail,2024-03-07,Active,50302.0,2025-01-13,47.82,Paid
1570,Customer_1570,Retail,2024-03-07,Active,51326.0,2025-03-03,21.2,Paid
1570,Customer_1570,Retail,2024-03-07,Active,51500.0,2025-03-01,40.39,Paid
1570,Customer_1570,Retail,2024-03-07,Active,53666.0,2025-02-08,67.44,Paid
1571,Customer_1571,SMB,2024-12-01,Active,51262.0,2025-01-12,24.0,Paid
1571,Customer_1571,SMB,2024-12-01,Active,52102.0,2025-03-05,128.31,Paid
1571,Customer_1571,SMB,2024-12-01,Active,52300.0,2025-01-06,269.43,Paid
1571,Customer_1571,SMB,2024-12-01,Active,53137.0,2025-03-15,899.04,Processing
1571,Customer_1571,SMB,2024-12-01,Active,53916.0,2025-01-01,126.15,Refunded
1572,Customer_1572,SMB,2024-04-04,Active,50312.0,2025-01-03,79.7,Paid
1572,Customer_1572,SMB,2024-04-04,Active,51982.0,2025-01-25,79.39,Paid
1572,Customer_1572,SMB,2024-04-04,Active,53782.0,2025-03-16,46.7,Processing
1573,Customer_1573,Retail,2024-07-08,Dormant,51617.0,2025-02-20,104.07,Paid
1573,Customer_1573,Retail,2024-07-08,Dormant,52108.0,2025-03-20,248.65,Paid
1573,Customer_1573,Retail,2024-07-08,Dormant,52593.0,2025-03-04,152.56,Paid
1573,Customer_1573,Retail,2024-07-08,Dormant,53211.0,2025-01-07,245.34,Paid
1573,Customer_1573,Retail,2024-07-08,Dormant,53647.0,2025-01-11,361.19,Paid
1573,Customer_1573,Retail,2024-07-08,Dormant,53747.0,2025-03-03,205.56,Paid
1574,Customer_1574,SMB,2024-01-05,Dormant,50529.0,2025-01-15,248.92,Paid
1574,Customer_1574,SMB,2024-01-05,Dormant,50773.0,2025-02-16,332.61,Paid
1574,Customer_1574,SMB,2024-01-05,Dormant,52017.0,2025-03-15,25.81,Paid
1574,Customer_1574,SMB,2024-01-05,Dormant,52238.0,2025-03-19,153.54,Paid
1574,Customer_1574,SMB,2024-01-05,Dormant,53242.0,2025-03-26,71.75,Refunded
1574,Customer_1574,SMB,2024-01-05,Dormant,53381.0,2025-03-09,161.42,Paid
1574,Customer_1574,SMB,2024-01-05,Dormant,53912.0,2025-01-06,100.34,Paid
1574,Customer_1574,SMB,2024-01-05,Dormant,54536.0,2025-01-10,79.87,Paid
1575,Customer_1575,Enterprise,2024-07-20,Active,50063.0,2025-03-22,33.09,Paid
1575,Customer_1575,Enterprise,2024-07-20,Active,50156.0,2025-01-23,382.33,Paid
1575,Customer_1575,Enterprise,2024-07-20,Active,50189.0,2025-03-24,128.62,Paid
1575,Customer_1575,Enterprise,2024-07-20,Active,51624.0,2025-02-03,68.78,Processing
1575,Customer_1575,Enterprise,2024-07-20,Active,51721.0,2025-03-07,77.4,Paid
1575,Customer_1575,Enterprise,2024-07-20,Active,51827.0,2025-03-08,22.77,Paid
1575,Customer_1575,Enterprise,2024-07-20,Active,52786.0,2025-02-17,40.83,Paid
1575,Customer_1575,Enterprise,2024-07-20,Active,52983.0,2025-03-11,48.49,Paid
1576,Customer_1576,Enterprise,2024-04-04,Active,50519.0,2025-03-23,66.98,Paid
1576,Customer_1576,Enterprise,2024-04-04,Active,51157.0,2025-03-11,162.56,Paid
1576,Customer_1576,Enterprise,2024-04-04,Active,51868.0,2025-03-01,63.77,Paid
1576,Customer_1576,Enterprise,2024-04-04,Active,53214.0,2025-01-18,218.7,Paid
1576,Customer_1576,Enterprise,2024-04-04,Active,53470.0,2025-03-07,153.31,Paid
1576,Customer_1576,Enterprise,2024-04-04,Active,54792.0,2025-02-04,454.33,Paid
1577,Customer_1577,Retail,2024-12-06,Active,50078.0,2025-02-27,53.54,Paid
1577,Customer_1577,Retail,2024-12-06,Active,51913.0,2025-02-12,28.73,Paid
1577,Customer_1577,Retail,2024-12-06,Active,53239.0,2025-03-22,245.47,Paid
1577,Customer_1577,Retail,2024-12-06,Active,54018.0,2025-03-01,558.1,Paid
1578,Customer_1578,Enterprise,2024-07-18,Active,50796.0,2025-03-25,237.98,Paid
1578,Customer_1578,Enterprise,2024-07-18,Active,53845.0,2025-03-05,100.29,Processing
1578,Customer_1578,Enterprise,2024-07-18,Active,54424.0,2025-02-20,128.66,Paid
1578,Customer_1578,Enterprise,2024-07-18,Active,54861.0,2025-03-01,95.65,Paid
1579,Customer_1579,Retail,2024-05-20,Active,50237.0,2025-01-08,104.42,Paid
1579,Customer_1579,Retail,2024-05-20,Active,50317.0,2025-03-03,26.02,Paid
1579,Customer_1579,Retail,2024-05-20,Active,50699.0,2025-01-03,91.4,Paid
1579,Customer_1579,Retail,2024-05-20,Active,52087.0,2025-03-13,186.91,Processing
1579,Customer_1579,Retail,2024-05-20,Active,54667.0,2025-01-25,716.5,Processing
1580,Customer_1580,Retail,2024-03-07,Dormant,51242.0,2025-02-16,120.91,Paid
1580,Customer_1580,Retail,2024-03-07,Dormant,51621.0,2025-01-22,37.79,Paid
1580,Customer_1580,Retail,2024-03-07,Dormant,52096.0,2025-02-13,73.85,Paid
1580,Customer_1580,Retail,2024-03-07,Dormant,52282.0,2025-01-27,107.52,Paid
1580,Customer_1580,Retail,2024-03-07,Dormant,52765.0,2025-01-23,99.51,Paid
1580,Customer_1580,Retail,2024-03-07,Dormant,54198.0,2025-02-03,706.24,Paid
1581,Customer_1581,Retail,2024-11-22,Dormant,50021.0,2025-03-18,76.15,Paid
1581,Customer_1581,Retail,2024-11-22,Dormant,51194.0,2025-03-09,172.51,Paid
1581,Customer_1581,Retail,2024-11-22,Dormant,53082.0,2025-01-17,29.89,Paid
1581,Customer_1581,Retail,2024-11-22,Dormant,53374.0,2025-02-26,57.09,Paid
1581,Customer_1581,Retail,2024-11-22,Dormant,54655.0,2025-02-15,408.71,Paid
1582,Customer_1582,VIP,2024-07-05,Active,51456.0,2025-01-18,160.46,Processing
1582,Customer_1582,VIP,2024-07-05,Active,51908.0,2025-03-12,324.53,Paid
1582,Customer_1582,VIP,2024-07-05,Active,52680.0,2025-03-06,325.59,Paid
1582,Customer_1582,VIP,2024-07-05,Active,53847.0,2025-02-02,41.91,Paid
1582,Customer_1582,VIP,2024-07-05,Active,54069.0,2025-03-27,69.62,Processing
1582,Customer_1582,VIP,2024-07-05,Active,54376.0,2025-02-08,29.71,Paid
1583,Customer_1583,Retail,2024-06-05,Active,51471.0,2025-02-22,22.47,Paid
1583,Customer_1583,Retail,2024-06-05,Active,52196.0,2025-02-19,169.23,Paid
1583,Customer_1583,Retail,2024-06-05,Active,52992.0,2025-03-11,53.02,Paid
1583,Customer_1583,Retail,2024-06-05,Active,53579.0,2025-03-10,350.54,Paid
1584,Customer_1584,Retail,2024-07-02,Active,50768.0,2025-03-25,26.15,Paid
1584,Customer_1584,Retail,2024-07-02,Active,50973.0,2025-02-01,262.49,Paid
1584,Customer_1584,Retail,2024-07-02,Active,51752.0,2025-02-15,268.12,Processing
1584,Customer_1584,Retail,2024-07-02,Active,53024.0,2025-03-06,189.53,Paid
1584,Customer_1584,Retail,2024-07-02,Active,54581.0,2025-03-19,76.04,Paid
1584,Customer_1584,Retail,2024-07-02,Active,54718.0,2025-01-27,124.39,Paid
1585,Customer_1585,SMB,2024-11-21,Active,50266.0,2025-03-04,208.53,Processing
1586,Customer_1586,Retail,2024-06-06,Active,51231.0,2025-01-05,91.61,Processing
1586,Customer_1586,Retail,2024-06-06,Active,51387.0,2025-03-16,94.99,Paid
1586,Customer_1586,Retail,2024-06-06,Active,52290.0,2025-02-22,50.71,Paid
1586,Customer_1586,Retail,2024-06-06,Active,53754.0,2025-01-16,368.62,Paid
1586,Customer_1586,Retail,2024-06-06,Active,53768.0,2025-01-08,220.69,Paid
1586,Customer_1586,Retail,2024-06-06,Active,54621.0,2025-02-10,124.59,Paid
1586,Customer_1586,Retail,2024-06-06,Active,54905.0,2025-03-04,41.38,Paid
1587,Customer_1587,Retail,2024-05-10,Active,50416.0,2025-01-14,137.44,Paid
1587,Customer_1587,Retail,2024-05-10,Active,50511.0,2025-01-20,164.41,Paid
1587,Customer_1587,Retail,2024-05-10,Active,51451.0,2025-02-07,102.55,Processing
1587,Customer_1587,Retail,2024-05-10,Active,51787.0,2025-03-15,30.51,Paid
1587,Customer_1587,Retail,2024-05-10,Active,54558.0,2025-01-06,55.26,Refunded
1588,Customer_1588,Retail,2024-07-26,Active,50625.0,2025-01-13,151.42,Paid
1588,Customer_1588,Retail,2024-07-26,Active,50867.0,2025-01-09,82.07,Paid
1588,Customer_1588,Retail,2024-07-26,Active,51276.0,2025-02-02,197.49,Paid
1588,Customer_1588,Retail,2024-07-26,Active,51359.0,2025-03-22,50.72,Paid
1588,Customer_1588,Retail,2024-07-26,Active,53842.0,2025-02-16,38.59,Paid
1588,Customer_1588,Retail,2024-07-26,Active,54299.0,2025-02-15,604.33,Paid
1588,Customer_1588,Retail,2024-07-26,Active,54531.0,2025-02-25,69.46,Paid
1588,Customer_1588,Retail,2024-07-26,Active,54595.0,2025-01-01,91.0,Paid
1589,Customer_1589,Retail,2024-08-07,Active,50897.0,2025-03-01,357.64,Paid
1589,Customer_1589,Retail,2024-08-07,Active,50930.0,2025-02-15,426.94,Paid
1589,Customer_1589,Retail,2024-08-07,Active,50935.0,2025-03-13,287.08,Paid
1589,Customer_1589,Retail,2024-08-07,Active,51637.0,2025-01-18,66.38,Paid
1589,Customer_1589,Retail,2024-08-07,Active,51683.0,2025-03-14,85.95,Paid
1589,Customer_1589,Retail,2024-08-07,Active,52410.0,2025-02-19,201.66,Processing
1589,Customer_1589,Retail,2024-08-07,Active,53999.0,2025-01-17,88.55,Paid
1589,Customer_1589,Retail,2024-08-07,Active,54325.0,2025-02-25,561.07,Paid
1589,Customer_1589,Retail,2024-08-07,Active,54899.0,2025-01-04,156.89,Processing
1590,Customer_1590,Retail,2024-05-01,Active,51588.0,2025-01-24,100.57,Paid
1590,Customer_1590,Retail,2024-05-01,Active,51691.0,2025-03-12,140.29,Paid
1590,Customer_1590,Retail,2024-05-01,Active,53284.0,2025-02-10,66.4,Paid
1590,Customer_1590,Retail,2024-05-01,Active,54324.0,2025-02-07,59.14,Paid
1590,Customer_1590,Retail,2024-05-01,Active,54834.0,2025-03-02,103.99,Paid
1591,Customer_1591,Retail,2024-05-26,Dormant,50438.0,2025-01-13,516.13,Paid
1591,Customer_1591,Retail,2024-05-26,Dormant,53196.0,2025-02-04,306.72,Paid
1591,Customer_1591,Retail,2024-05-26,Dormant,53728.0,2025-01-06,35.52,Paid
1591,Customer_1591,Retail,2024-05-26,Dormant,54185.0,2025-02-05,69.89,Paid
1591,Customer_1591,Retail,2024-05-26,Dormant,54732.0,2025-03-15,36.79,Processing
1592,Customer_1592,SMB,2024-02-13,Active,50737.0,2025-01-27,109.43,Processing
1592,Customer_1592,SMB,2024-02-13,Active,51933.0,2025-01-23,68.32,Paid
1592,Customer_1592,SMB,2024-02-13,Active,54245.0,2025-01-19,57.98,Paid
1592,Customer_1592,SMB,2024-02-13,Active,54336.0,2025-03-08,120.55,Paid
1592,Customer_1592,SMB,2024-02-13,Active,54481.0,2025-03-09,29.83,Processing
1593,Customer_1593,Retail,2024-05-21,Active,52483.0,2025-02-11,42.95,Paid
1593,Customer_1593,Retail,2024-05-21,Active,52832.0,2025-03-10,65.04,Paid
1594,Customer_1594,Retail,2024-02-05,Active,52477.0,2025-02-13,120.44,Paid
1594,Customer_1594,Retail,2024-02-05,Active,52597.0,2025-02-17,104.57,Refunded
1594,Customer_1594,Retail,2024-02-05,Active,52618.0,2025-02-15,224.01,Paid
1594,Customer_1594,Retail,2024-02-05,Active,52739.0,2025-01-24,22.11,Paid
1594,Customer_1594,Retail,2024-02-05,Active,52937.0,2025-02-14,156.35,Paid
1595,Customer_1595,Enterprise,2024-04-17,Active,50749.0,2025-02-08,26.23,Paid
1595,Customer_1595,Enterprise,2024-04-17,Active,51166.0,2025-02-05,161.34,Paid
1595,Customer_1595,Enterprise,2024-04-17,Active,52567.0,2025-03-12,163.65,Paid
1595,Customer_1595,Enterprise,2024-04-17,Active,54463.0,2025-03-17,466.84,Paid
1596,Customer_1596,Retail,2024-03-17,Active,50804.0,2025-01-11,116.21,Paid
1596,Customer_1596,Retail,2024-03-17,Active,52429.0,2025-01-12,220.87,Paid
1596,Customer_1596,Retail,2024-03-17,Active,52536.0,2025-02-20,301.6,Paid
1596,Customer_1596,Retail,2024-03-17,Active,52712.0,2025-01-16,722.19,Paid
1596,Customer_1596,Retail,2024-03-17,Active,52876.0,2025-02-27,80.15,Paid
1596,Customer_1596,Retail,2024-03-17,Active,53454.0,2025-01-22,260.22,Paid
1597,Customer_1597,SMB,2024-12-11,Active,50862.0,2025-02-25,263.4,Paid
1597,Customer_1597,SMB,2024-12-11,Active,51239.0,2025-01-23,243.56,Paid
1597,Customer_1597,SMB,2024-12-11,Active,51814.0,2025-01-03,261.09,Paid
1597,Customer_1597,SMB,2024-12-11,Active,51835.0,2025-01-07,175.64,Paid
1597,Customer_1597,SMB,2024-12-11,Active,52583.0,2025-02-25,47.7,Processing
1597,Customer_1597,SMB,2024-12-11,Active,53693.0,2025-01-03,484.35,Paid
1598,Customer_1598,Retail,2024-05-20,Pending,50456.0,2025-03-16,272.92,Paid
1598,Customer_1598,Retail,2024-05-20,Pending,52833.0,2025-02-21,93.33,Paid
1598,Customer_1598,Retail,2024-05-20,Pending,53463.0,2025-02-13,193.87,Processing
1599,Customer_1599,Retail,2024-07-21,Active,50032.0,2025-01-04,28.68,Paid
1599,Customer_1599,Retail,2024-07-21,Active,50624.0,2025-02-08,486.74,Paid
1599,Customer_1599,Retail,2024-07-21,Active,50936.0,2025-03-14,304.18,Paid
1599,Customer_1599,Retail,2024-07-21,Active,51482.0,2025-03-17,210.83,Paid
1599,Customer_1599,Retail,2024-07-21,Active,52398.0,2025-01-10,90.2,Processing
1599,Customer_1599,Retail,2024-07-21,Active,52531.0,2025-01-27,316.98,Paid
1599,Customer_1599,Retail,2024-07-21,Active,53104.0,2025-03-13,238.99,Paid
1599,Customer_1599,Retail,2024-07-21,Active,53318.0,2025-01-27,872.64,Paid
1599,Customer_1599,Retail,2024-07-21,Active,53760.0,2025-02-14,154.97,Paid
1599,Customer_1599,Retail,2024-07-21,Active,53967.0,2025-03-07,287.45,Paid
1600,Customer_1600,Retail,2024-10-04,Dormant,51477.0,2025-01-11,83.46,Paid
1600,Customer_1600,Retail,2024-10-04,Dormant,52346.0,2025-01-07,112.98,Paid
1600,Customer_1600,Retail,2024-10-04,Dormant,53232.0,2025-01-20,239.84,Paid
1601,Customer_1601,Retail,2024-02-20,Active,51013.0,2025-03-09,235.15,Processing
1601,Customer_1601,Retail,2024-02-20,Active,51278.0,2025-03-20,43.83,Paid
1601,Customer_1601,Retail,2024-02-20,Active,51984.0,2025-01-07,181.87,Paid
1601,Customer_1601,Retail,2024-02-20,Active,52382.0,2025-02-23,106.35,Refunded
1601,Customer_1601,Retail,2024-02-20,Active,53175.0,2025-01-10,300.58,Paid
1601,Customer_1601,Retail,2024-02-20,Active,53759.0,2025-03-24,29.78,Paid
1601,Customer_1601,Retail,2024-02-20,Active,53778.0,2025-02-11,279.7,Refunded
1601,Customer_1601,Retail,2024-02-20,Active,53860.0,2025-02-06,93.02,Paid
1601,Customer_1601,Retail,2024-02-20,Active,54544.0,2025-01-01,366.16,Paid
1601,Customer_1601,Retail,2024-02-20,Active,54848.0,2025-02-17,31.2,Paid
1602,Customer_1602,Retail,2024-12-18,Active,50244.0,2025-02-13,365.8,Paid
1602,Customer_1602,Retail,2024-12-18,Active,51763.0,2025-03-07,95.51,Paid
1602,Customer_1602,Retail,2024-12-18,Active,52411.0,2025-03-27,196.77,Paid
1602,Customer_1602,Retail,2024-12-18,Active,52657.0,2025-01-17,108.02,Processing
1602,Customer_1602,Retail,2024-12-18,Active,53556.0,2025-02-11,68.85,Paid
1602,Customer_1602,Retail,2024-12-18,Active,53864.0,2025-01-10,37.05,Paid
1602,Customer_1602,Retail,2024-12-18,Active,54904.0,2025-03-20,161.86,Processing
1603,Customer_1603,Retail,2024-08-03,Active,51285.0,2025-03-02,626.75,Paid
1603,Customer_1603,Retail,2024-08-03,Active,54755.0,2025-03-10,447.62,Paid
1604,Customer_1604,Retail,2024-09-20,Active,51686.0,2025-02-01,747.11,Paid
1604,Customer_1604,Retail,2024-09-20,Active,52880.0,2025-01-20,42.1,Paid
1604,Customer_1604,Retail,2024-09-20,Active,53103.0,2025-03-16,179.83,Paid
1604,Customer_1604,Retail,2024-09-20,Active,53410.0,2025-01-25,52.17,Processing
1605,Customer_1605,Retail,2024-06-10,Active,50858.0,2025-01-12,23.3,Paid
1605,Customer_1605,Retail,2024-06-10,Active,51411.0,2025-02-26,24.22,Paid
1605,Customer_1605,Retail,2024-06-10,Active,53180.0,2025-02-16,177.54,Paid
1605,Customer_1605,Retail,2024-06-10,Active,53369.0,2025-01-04,27.71,Paid
1605,Customer_1605,Retail,2024-06-10,Active,53464.0,2025-03-07,178.55,Paid
1605,Customer_1605,Retail,2024-06-10,Active,54549.0,2025-02-16,35.26,Paid
1606,Customer_1606,Retail,2024-05-10,Active,50910.0,2025-02-15,60.51,Paid
1606,Customer_1606,Retail,2024-05-10,Active,51607.0,2025-01-17,70.46,Processing
1606,Customer_1606,Retail,2024-05-10,Active,51618.0,2025-03-09,22.67,Paid
1606,Customer_1606,Retail,2024-05-10,Active,52663.0,2025-02-17,335.15,Paid
1606,Customer_1606,Retail,2024-05-10,Active,53117.0,2025-03-09,157.14,Paid
1606,Customer_1606,Retail,2024-05-10,Active,53824.0,2025-01-08,465.8,Processing
1606,Customer_1606,Retail,2024-05-10,Active,54715.0,2025-01-01,76.65,Paid
1606,Customer_1606,Retail,2024-05-10,Active,54727.0,2025-02-13,49.03,Paid
1606,Customer_1606,Retail,2024-05-10,Active,54992.0,2025-03-19,200.66,Paid
1607,Customer_1607,Retail,2024-01-09,Active,50109.0,2025-02-26,253.99,Paid
1607,Customer_1607,Retail,2024-01-09,Active,52485.0,2025-02-11,81.4,Processing
1607,Customer_1607,Retail,2024-01-09,Active,52793.0,2025-01-02,93.86,Paid
1607,Customer_1607,Retail,2024-01-09,Active,53086.0,2025-03-18,98.43,Refunded
1607,Customer_1607,Retail,2024-01-09,Active,53138.0,2025-01-18,65.04,Paid
1607,Customer_1607,Retail,2024-01-09,Active,53295.0,2025-02-02,81.5,Paid
1607,Customer_1607,Retail,2024-01-09,Active,53906.0,2025-03-11,44.91,Paid
1607,Customer_1607,Retail,2024-01-09,Active,54833.0,2025-02-13,110.8,Paid
1608,Customer_1608,Retail,2024-01-24,Pending,50447.0,2025-03-02,59.62,Paid
1608,Customer_1608,Retail,2024-01-24,Pending,51053.0,2025-01-27,162.79,Paid
1608,Customer_1608,Retail,2024-01-24,Pending,52400.0,2025-02-26,339.56,Paid
1608,Customer_1608,Retail,2024-01-24,Pending,52960.0,2025-03-16,155.9,Paid
1608,Customer_1608,Retail,2024-01-24,Pending,53325.0,2025-03-21,424.02,Paid
1608,Customer_1608,Retail,2024-01-24,Pending,53502.0,2025-01-13,40.01,Paid
1609,Customer_1609,SMB,2024-09-09,Dormant,51168.0,2025-01-14,373.29,Paid
1609,Customer_1609,SMB,2024-09-09,Dormant,51628.0,2025-02-20,213.03,Paid
1609,Customer_1609,SMB,2024-09-09,Dormant,52104.0,2025-02-26,174.39,Processing
1609,Customer_1609,SMB,2024-09-09,Dormant,52355.0,2025-03-27,31.04,Paid
1609,Customer_1609,SMB,2024-09-09,Dormant,53700.0,2025-03-13,214.51,Paid
1609,Customer_1609,SMB,2024-09-09,Dormant,53825.0,2025-02-04,148.2,Paid
1609,Customer_1609,SMB,2024-09-09,Dormant,54155.0,2025-02-02,160.5,Paid
1609,Customer_1609,SMB,2024-09-09,Dormant,54367.0,2025-01-18,101.69,Paid
1610,Customer_1610,SMB,2024-01-02,Pending,50067.0,2025-01-03,210.67,Paid
1610,Customer_1610,SMB,2024-01-02,Pending,50077.0,2025-02-05,74.1,Paid
1610,Customer_1610,SMB,2024-01-02,Pending,51214.0,2025-01-23,61.59,Processing
1610,Customer_1610,SMB,2024-01-02,Pending,51635.0,2025-01-21,553.56,Paid
1610,Customer_1610,SMB,2024-01-02,Pending,51852.0,2025-02-09,350.13,Paid
1610,Customer_1610,SMB,2024-01-02,Pending,52440.0,2025-03-23,170.24,Paid
1610,Customer_1610,SMB,2024-01-02,Pending,52462.0,2025-02-14,55.76,Refunded
1610,Customer_1610,SMB,2024-01-02,Pending,52553.0,2025-01-26,63.42,Paid
1610,Customer_1610,SMB,2024-01-02,Pending,53038.0,2025-03-20,26.67,Paid
1610,Customer_1610,SMB,2024-01-02,Pending,54422.0,2025-02-22,90.37,Paid
1611,Customer_1611,Retail,2024-12-16,Active,50049.0,2025-03-02,79.18,Paid
1611,Customer_1611,Retail,2024-12-16,Active,50225.0,2025-02-21,63.43,Paid
1611,Customer_1611,Retail,2024-12-16,Active,50420.0,2025-02-11,303.24,Paid
1611,Customer_1611,Retail,2024-12-16,Active,50552.0,2025-03-22,59.69,Paid
1611,Customer_1611,Retail,2024-12-16,Active,50711.0,2025-01-26,34.37,Paid
1611,Customer_1611,Retail,2024-12-16,Active,50782.0,2025-01-19,440.6,Paid
1611,Customer_1611,Retail,2024-12-16,Active,51074.0,2025-01-19,480.01,Paid
1611,Customer_1611,Retail,2024-12-16,Active,51791.0,2025-02-07,78.57,Paid
1611,Customer_1611,Retail,2024-12-16,Active,52080.0,2025-03-21,181.69,Processing
1611,Customer_1611,Retail,2024-12-16,Active,52910.0,2025-03-01,175.13,Paid
1611,Customer_1611,Retail,2024-12-16,Active,53972.0,2025-01-24,49.41,Refunded
1612,Customer_1612,SMB,2024-01-10,Active,50457.0,2025-01-19,102.52,Paid
1612,Customer_1612,SMB,2024-01-10,Active,51062.0,2025-01-06,260.02,Paid
1612,Customer_1612,SMB,2024-01-10,Active,52572.0,2025-03-01,68.7,Paid
1612,Customer_1612,SMB,2024-01-10,Active,53351.0,2025-03-10,299.89,Paid
1612,Customer_1612,SMB,2024-01-10,Active,53360.0,2025-01-06,222.78,Paid
1612,Customer_1612,SMB,2024-01-10,Active,53386.0,2025-02-24,21.62,Paid
1612,Customer_1612,SMB,2024-01-10,Active,53663.0,2025-01-14,423.34,Refunded
1612,Customer_1612,SMB,2024-01-10,Active,54953.0,2025-02-10,69.65,Paid
1613,Customer_1613,SMB,2024-02-26,Active,52057.0,2025-02-23,287.32,Paid
1613,Customer_1613,SMB,2024-02-26,Active,52347.0,2025-01-18,366.57,Paid
1613,Customer_1613,SMB,2024-02-26,Active,52810.0,2025-03-27,339.51,Paid
1613,Customer_1613,SMB,2024-02-26,Active,53762.0,2025-01-15,65.59,Paid
1613,Customer_1613,SMB,2024-02-26,Active,54334.0,2025-01-24,71.31,Paid
1614,Customer_1614,Retail,2024-12-08,Active,52204.0,2025-02-06,294.75,Paid
1614,Customer_1614,Retail,2024-12-08,Active,53698.0,2025-01-16,802.25,Paid
1614,Customer_1614,Retail,2024-12-08,Active,54818.0,2025-01-13,240.01,Refunded
1615,Customer_1615,Enterprise,2024-05-11,Active,50358.0,2025-03-05,138.18,Paid
1615,Customer_1615,Enterprise,2024-05-11,Active,50547.0,2025-02-06,121.96,Paid
1615,Customer_1615,Enterprise,2024-05-11,Active,51058.0,2025-03-06,156.09,Paid
1615,Customer_1615,Enterprise,2024-05-11,Active,51416.0,2025-02-12,89.04,Paid
1615,Customer_1615,Enterprise,2024-05-11,Active,53005.0,2025-02-12,220.49,Paid
1615,Customer_1615,Enterprise,2024-05-11,Active,53276.0,2025-03-14,150.52,Paid
1615,Customer_1615,Enterprise,2024-05-11,Active,53518.0,2025-01-13,405.06,Paid
1615,Customer_1615,Enterprise,2024-05-11,Active,53554.0,2025-03-18,54.92,Paid
1615,Customer_1615,Enterprise,2024-05-11,Active,54736.0,2025-03-19,43.93,Paid
1616,Customer_1616,Enterprise,2024-07-02,Active,51844.0,2025-02-15,49.58,Processing
1616,Customer_1616,Enterprise,2024-07-02,Active,52333.0,2025-03-26,40.88,Paid
1616,Customer_1616,Enterprise,2024-07-02,Active,52942.0,2025-03-27,24.4,Paid
1616,Customer_1616,Enterprise,2024-07-02,Active,53017.0,2025-01-16,370.45,Paid
1616,Customer_1616,Enterprise,2024-07-02,Active,53225.0,2025-03-01,358.28,Paid
1616,Customer_1616,Enterprise,2024-07-02,Active,53701.0,2025-01-02,87.2,Paid
1616,Customer_1616,Enterprise,2024-07-02,Active,54000.0,2025-01-25,67.67,Paid
1616,Customer_1616,Enterprise,2024-07-02,Active,54475.0,2025-01-12,81.01,Paid
1617,Customer_1617,Retail,2024-08-27,Active,52212.0,2025-03-07,153.36,Paid
1617,Customer_1617,Retail,2024-08-27,Active,53265.0,2025-03-08,437.89,Paid
1617,Customer_1617,Retail,2024-08-27,Active,53687.0,2025-01-22,30.02,Paid
1617,Customer_1617,Retail,2024-08-27,Active,54237.0,2025-01-14,453.43,Paid
1618,Customer_1618,Retail,2024-06-08,Active,50559.0,2025-03-02,219.52,Paid
1618,Customer_1618,Retail,2024-06-08,Active,50809.0,2025-02-10,47.13,Paid
1618,Customer_1618,Retail,2024-06-08,Active,51328.0,2025-01-18,28.39,Paid
1618,Customer_1618,Retail,2024-06-08,Active,52141.0,2025-03-10,125.2,Refunded
1618,Customer_1618,Retail,2024-06-08,Active,52311.0,2025-02-05,145.27,Paid
1618,Customer_1618,Retail,2024-06-08,Active,52752.0,2025-01-27,271.46,Paid
1618,Customer_1618,Retail,2024-06-08,Active,52933.0,2025-03-02,37.17,Paid
1618,Customer_1618,Retail,2024-06-08,Active,53130.0,2025-03-09,44.58,Paid
1618,Customer_1618,Retail,2024-06-08,Active,53184.0,2025-03-09,903.61,Paid
1618,Customer_1618,Retail,2024-06-08,Active,53513.0,2025-02-21,22.81,Paid
1618,Customer_1618,Retail,2024-06-08,Active,53872.0,2025-01-08,60.33,Paid
1618,Customer_1618,Retail,2024-06-08,Active,53949.0,2025-03-16,145.53,Paid
1619,Customer_1619,Enterprise,2024-01-15,Pending,50448.0,2025-02-18,27.32,Processing
1619,Customer_1619,Enterprise,2024-01-15,Pending,51240.0,2025-01-23,187.11,Paid
1619,Customer_1619,Enterprise,2024-01-15,Pending,51250.0,2025-03-04,398.67,Paid
1619,Customer_1619,Enterprise,2024-01-15,Pending,52920.0,2025-01-21,171.38,Paid
1619,Customer_1619,Enterprise,2024-01-15,Pending,54735.0,2025-01-15,286.22,Paid
1620,Customer_1620,SMB,2024-01-23,Active,51249.0,2025-01-17,31.95,Refunded
1620,Customer_1620,SMB,2024-01-23,Active,51656.0,2025-03-08,60.16,Paid
1620,Customer_1620,SMB,2024-01-23,Active,52199.0,2025-01-11,78.48,Paid
1620,Customer_1620,SMB,2024-01-23,Active,53656.0,2025-03-21,95.77,Paid
1620,Customer_1620,SMB,2024-01-23,Active,53968.0,2025-01-08,75.73,Paid
1620,Customer_1620,SMB,2024-01-23,Active,54036.0,2025-03-03,94.48,Paid
1620,Customer_1620,SMB,2024-01-23,Active,54260.0,2025-03-05,135.19,Paid
1620,Customer_1620,SMB,2024-01-23,Active,54877.0,2025-03-22,663.01,Paid
1621,Customer_1621,Retail,2024-08-13,Active,50417.0,2025-03-02,184.78,Paid
1621,Customer_1621,Retail,2024-08-13,Active,51419.0,2025-02-25,78.07,Paid
1621,Customer_1621,Retail,2024-08-13,Active,53962.0,2025-02-17,30.99,Paid
1621,Customer_1621,Retail,2024-08-13,Active,54441.0,2025-03-05,22.5,Processing
1621,Customer_1621,Retail,2024-08-13,Active,54769.0,2025-01-20,22.88,Paid
1622,Customer_1622,Retail,2024-03-05,Active,50050.0,2025-01-14,175.57,Paid
1622,Customer_1622,Retail,2024-03-05,Active,50120.0,2025-01-16,176.1,Processing
1622,Customer_1622,Retail,2024-03-05,Active,50502.0,2025-02-08,366.65,Paid
1622,Customer_1622,Retail,2024-03-05,Active,52170.0,2025-01-09,502.77,Refunded
1622,Customer_1622,Retail,2024-03-05,Active,52498.0,2025-01-08,132.74,Refunded
1622,Customer_1622,Retail,2024-03-05,Active,53734.0,2025-01-27,77.07,Paid
1622,Customer_1622,Retail,2024-03-05,Active,54020.0,2025-02-20,60.05,Paid
1623,Customer_1623,Retail,2024-12-01,Dormant,54397.0,2025-02-21,136.91,Paid
1623,Customer_1623,Retail,2024-12-01,Dormant,54421.0,2025-03-09,83.52,Paid
1624,Customer_1624,Retail,2024-07-05,Active,51894.0,2025-03-02,107.74,Paid
1624,Customer_1624,Retail,2024-07-05,Active,53007.0,2025-02-26,60.46,Paid
1625,Customer_1625,SMB,2024-08-13,Active,50037.0,2025-03-15,58.48,Processing
1625,Customer_1625,SMB,2024-08-13,Active,52304.0,2025-03-22,61.7,Paid
1625,Customer_1625,SMB,2024-08-13,Active,52899.0,2025-01-18,27.46,Paid
1626,Customer_1626,Retail,2024-08-25,Pending,50851.0,2025-03-19,77.72,Paid
1626,Customer_1626,Retail,2024-08-25,Pending,51367.0,2025-03-18,114.72,Processing
1626,Customer_1626,Retail,2024-08-25,Pending,51606.0,2025-02-03,284.69,Paid
1626,Customer_1626,Retail,2024-08-25,Pending,53279.0,2025-02-02,60.22,Paid
1626,Customer_1626,Retail,2024-08-25,Pending,54823.0,2025-02-22,185.94,Refunded
1627,Customer_1627,Retail,2024-07-11,Pending,50989.0,2025-01-21,251.58,Refunded
1627,Customer_1627,Retail,2024-07-11,Pending,52578.0,2025-01-06,815.69,Paid
1627,Customer_1627,Retail,2024-07-11,Pending,52831.0,2025-02-14,58.71,Paid
1628,Customer_1628,SMB,2024-01-13,Active,50311.0,2025-02-02,32.87,Paid
1628,Customer_1628,SMB,2024-01-13,Active,51032.0,2025-03-06,134.23,Paid
1628,Customer_1628,SMB,2024-01-13,Active,51378.0,2025-03-11,775.01,Processing
1628,Customer_1628,SMB,2024-01-13,Active,51780.0,2025-01-21,74.94,Processing
1628,Customer_1628,SMB,2024-01-13,Active,52005.0,2025-02-25,197.41,Paid
1628,Customer_1628,SMB,2024-01-13,Active,52124.0,2025-01-15,41.16,Paid
1628,Customer_1628,SMB,2024-01-13,Active,53483.0,2025-03-23,151.57,Paid
1629,Customer_1629,Retail,2024-03-24,Active,52010.0,2025-02-05,390.26,Paid
1629,Customer_1629,Retail,2024-03-24,Active,53039.0,2025-02-13,104.04,Paid
1629,Customer_1629,Retail,2024-03-24,Active,53526.0,2025-03-11,30.22,Paid
1629,Customer_1629,Retail,2024-03-24,Active,54075.0,2025-03-06,70.36,Paid
1629,Customer_1629,Retail,2024-03-24,Active,54675.0,2025-03-22,25.83,Paid
1630,Customer_1630,Retail,2024-03-24,Active,50499.0,2025-03-21,59.09,Paid
1630,Customer_1630,Retail,2024-03-24,Active,52174.0,2025-01-20,137.79,Paid
1630,Customer_1630,Retail,2024-03-24,Active,52986.0,2025-01-14,208.59,Paid
1630,Customer_1630,Retail,2024-03-24,Active,53249.0,2025-03-02,134.75,Paid
1630,Customer_1630,Retail,2024-03-24,Active,53658.0,2025-02-15,127.13,Paid
1630,Customer_1630,Retail,2024-03-24,Active,53984.0,2025-02-13,343.12,Paid
1631,Customer_1631,SMB,2024-01-05,Active,52164.0,2025-02-26,190.38,Paid
1631,Customer_1631,SMB,2024-01-05,Active,52323.0,2025-03-05,243.06,Paid
1631,Customer_1631,SMB,2024-01-05,Active,52450.0,2025-03-17,159.68,Processing
1631,Customer_1631,SMB,2024-01-05,Active,54349.0,2025-02-06,159.97,Paid
1631,Customer_1631,SMB,2024-01-05,Active,54617.0,2025-01-24,47.78,Paid
1632,Customer_1632,Enterprise,2024-04-21,Active,51535.0,2025-01-25,250.45,Paid
1632,Customer_1632,Enterprise,2024-04-21,Active,51694.0,2025-02-21,139.02,Paid
1632,Customer_1632,Enterprise,2024-04-21,Active,51829.0,2025-01-05,215.2,Paid
1632,Customer_1632,Enterprise,2024-04-21,Active,52643.0,2025-02-02,28.67,Paid
1632,Customer_1632,Enterprise,2024-04-21,Active,54065.0,2025-01-16,220.94,Paid
1633,Customer_1633,SMB,2024-08-26,Pending,51180.0,2025-02-02,181.43,Paid
1633,Customer_1633,SMB,2024-08-26,Pending,52258.0,2025-03-06,194.03,Paid
1633,Customer_1633,SMB,2024-08-26,Pending,52638.0,2025-01-16,102.31,Paid
1634,Customer_1634,SMB,2024-04-11,Active,50005.0,2025-03-17,27.75,Processing
1634,Customer_1634,SMB,2024-04-11,Active,50082.0,2025-01-19,187.47,Paid
1634,Customer_1634,SMB,2024-04-11,Active,50553.0,2025-02-20,73.0,Paid
1634,Customer_1634,SMB,2024-04-11,Active,50682.0,2025-01-21,182.93,Paid
1634,Customer_1634,SMB,2024-04-11,Active,53706.0,2025-02-16,32.9,Paid
1634,Customer_1634,SMB,2024-04-11,Active,54139.0,2025-03-03,161.08,Paid
1634,Customer_1634,SMB,2024-04-11,Active,54545.0,2025-02-16,140.33,Paid
1635,Customer_1635,Retail,2024-04-15,Active,50607.0,2025-02-24,176.93,Paid
1635,Customer_1635,Retail,2024-04-15,Active,50901.0,2025-02-22,138.48,Paid
1635,Customer_1635,Retail,2024-04-15,Active,51121.0,2025-03-21,166.69,Paid
1635,Customer_1635,Retail,2024-04-15,Active,53741.0,2025-01-19,78.04,Refunded
1635,Customer_1635,Retail,2024-04-15,Active,54780.0,2025-02-15,67.57,Processing
1636,Customer_1636,Retail,2024-03-07,Active,51667.0,2025-02-20,21.5,Paid
1636,Customer_1636,Retail,2024-03-07,Active,52981.0,2025-03-13,71.26,Paid
1636,Customer_1636,Retail,2024-03-07,Active,53904.0,2025-03-09,155.43,Paid
1637,Customer_1637,SMB,2024-03-19,Active,52550.0,2025-03-13,207.39,Refunded
1637,Customer_1637,SMB,2024-03-19,Active,52737.0,2025-01-13,402.4,Paid
1637,Customer_1637,SMB,2024-03-19,Active,54532.0,2025-01-22,183.29,Paid
1637,Customer_1637,SMB,2024-03-19,Active,54591.0,2025-01-05,148.99,Processing
1638,Customer_1638,Retail,2024-11-26,Active,50759.0,2025-03-08,103.03,Paid
1638,Customer_1638,Retail,2024-11-26,Active,51040.0,2025-01-16,131.31,Paid
1638,Customer_1638,Retail,2024-11-26,Active,53293.0,2025-01-05,63.4,Paid
1638,Customer_1638,Retail,2024-11-26,Active,53798.0,2025-01-23,369.92,Processing
1639,Customer_1639,Retail,2024-05-05,Active,51935.0,2025-03-18,31.93,Paid
1639,Customer_1639,Retail,2024-05-05,Active,52257.0,2025-03-24,156.47,Paid
1639,Customer_1639,Retail,2024-05-05,Active,52274.0,2025-01-04,245.75,Paid
1639,Customer_1639,Retail,2024-05-05,Active,52600.0,2025-02-02,252.47,Paid
1639,Customer_1639,Retail,2024-05-05,Active,52976.0,2025-01-16,209.1,Processing
1639,Customer_1639,Retail,2024-05-05,Active,53021.0,2025-01-15,270.99,Paid
1639,Customer_1639,Retail,2024-05-05,Active,53152.0,2025-02-04,656.77,Paid
1639,Customer_1639,Retail,2024-05-05,Active,53485.0,2025-03-27,72.89,Paid
1639,Customer_1639,Retail,2024-05-05,Active,54816.0,2025-02-19,265.62,Paid
1640,Customer_1640,Retail,2024-06-08,Active,50299.0,2025-02-26,58.13,Paid
1640,Customer_1640,Retail,2024-06-08,Active,51489.0,2025-01-26,52.08,Paid
1640,Customer_1640,Retail,2024-06-08,Active,54874.0,2025-02-01,61.44,Paid
1641,Customer_1641,Retail,2024-10-06,Active,50136.0,2025-02-19,169.55,Paid
1641,Customer_1641,Retail,2024-10-06,Active,53207.0,2025-02-26,80.28,Paid
1641,Customer_1641,Retail,2024-10-06,Active,53280.0,2025-02-06,104.51,Paid
1641,Customer_1641,Retail,2024-10-06,Active,53593.0,2025-02-06,176.96,Paid
1642,Customer_1642,Retail,2024-12-17,Active,50127.0,2025-01-13,271.54,Paid
1642,Customer_1642,Retail,2024-12-17,Active,50871.0,2025-03-07,36.68,Paid
1642,Customer_1642,Retail,2024-12-17,Active,52535.0,2025-03-14,86.89,Processing
1642,Customer_1642,Retail,2024-12-17,Active,54894.0,2025-01-02,77.81,Paid
1642,Customer_1642,Retail,2024-12-17,Active,54989.0,2025-02-05,58.0,Paid
1643,Customer_1643,Retail,2024-08-08,Active,51841.0,2025-02-26,82.8,Paid
1643,Customer_1643,Retail,2024-08-08,Active,52928.0,2025-03-23,57.73,Paid
1643,Customer_1643,Retail,2024-08-08,Active,53717.0,2025-02-12,216.87,Paid
1643,Customer_1643,Retail,2024-08-08,Active,53953.0,2025-02-19,32.2,Paid
1644,Customer_1644,Retail,2024-09-09,Dormant,50122.0,2025-03-17,166.16,Paid
1644,Customer_1644,Retail,2024-09-09,Dormant,51932.0,2025-02-21,471.9,Paid
1644,Customer_1644,Retail,2024-09-09,Dormant,53578.0,2025-03-05,110.59,Paid
1644,Customer_1644,Retail,2024-09-09,Dormant,54321.0,2025-02-17,82.06,Paid
1644,Customer_1644,Retail,2024-09-09,Dormant,54409.0,2025-02-17,448.09,Paid
1645,Customer_1645,Retail,2024-02-15,Active,50175.0,2025-01-24,20.21,Paid
1645,Customer_1645,Retail,2024-02-15,Active,51444.0,2025-02-20,108.15,Paid
1645,Customer_1645,Retail,2024-02-15,Active,53777.0,2025-03-18,593.18,Paid
1646,Customer_1646,Enterprise,2024-02-03,Active,50133.0,2025-01-26,124.77,Paid
1646,Customer_1646,Enterprise,2024-02-03,Active,50596.0,2025-03-25,402.89,Paid
1646,Customer_1646,Enterprise,2024-02-03,Active,51107.0,2025-02-01,131.1,Paid
1646,Customer_1646,Enterprise,2024-02-03,Active,53515.0,2025-02-25,299.47,Paid
1646,Customer_1646,Enterprise,2024-02-03,Active,54315.0,2025-02-17,299.88,Paid
1647,Customer_1647,SMB,2024-01-04,Active,52289.0,2025-03-21,327.35,Paid
1647,Customer_1647,SMB,2024-01-04,Active,52775.0,2025-02-10,190.52,Paid
1647,Customer_1647,SMB,2024-01-04,Active,54244.0,2025-02-22,100.94,Paid
1647,Customer_1647,SMB,2024-01-04,Active,54889.0,2025-03-03,148.62,Paid
1648,Customer_1648,SMB,2024-04-14,Active,50876.0,2025-03-10,131.08,Paid
1648,Customer_1648,SMB,2024-04-14,Active,52335.0,2025-01-19,191.47,Paid
1648,Customer_1648,SMB,2024-04-14,Active,53022.0,2025-02-14,147.91,Paid
1649,Customer_1649,SMB,2024-09-09,Active,50944.0,2025-01-14,284.65,Paid
1649,Customer_1649,SMB,2024-09-09,Active,51759.0,2025-03-20,88.76,Paid
1649,Customer_1649,SMB,2024-09-09,Active,52086.0,2025-03-05,30.44,Paid
1649,Customer_1649,SMB,2024-09-09,Active,52337.0,2025-03-12,218.25,Paid
1649,Customer_1649,SMB,2024-09-09,Active,53851.0,2025-02-23,223.11,Processing
1649,Customer_1649,SMB,2024-09-09,Active,54127.0,2025-02-14,129.6,Paid
1649,Customer_1649,SMB,2024-09-09,Active,54607.0,2025-03-11,163.68,Paid
1649,Customer_1649,SMB,2024-09-09,Active,54733.0,2025-03-27,57.66,Paid
1650,Customer_1650,Retail,2024-09-26,Active,51466.0,2025-03-17,123.04,Paid
1650,Customer_1650,Retail,2024-09-26,Active,52863.0,2025-03-14,40.82,Paid
1650,Customer_1650,Retail,2024-09-26,Active,52886.0,2025-02-04,20.66,Paid
1650,Customer_1650,Retail,2024-09-26,Active,53849.0,2025-01-20,82.78,Paid
1651,Customer_1651,Retail,2024-07-18,Dormant,50975.0,2025-03-03,200.51,Paid
1651,Customer_1651,Retail,2024-07-18,Dormant,51640.0,2025-01-12,112.05,Paid
1651,Customer_1651,Retail,2024-07-18,Dormant,52534.0,2025-02-17,223.99,Paid
1651,Customer_1651,Retail,2024-07-18,Dormant,53329.0,2025-03-18,97.5,Paid
1652,Customer_1652,SMB,2024-10-21,Active,51319.0,2025-03-01,323.55,Paid
1652,Customer_1652,SMB,2024-10-21,Active,51813.0,2025-02-05,106.63,Paid
1652,Customer_1652,SMB,2024-10-21,Active,52063.0,2025-02-22,250.34,Paid
1652,Customer_1652,SMB,2024-10-21,Active,52161.0,2025-02-01,156.7,Paid
1652,Customer_1652,SMB,2024-10-21,Active,52731.0,2025-03-09,175.38,Paid
1652,Customer_1652,SMB,2024-10-21,Active,54506.0,2025-01-19,96.89,Paid
1653,Customer_1653,SMB,2024-04-12,Active,51842.0,2025-03-26,420.48,Processing
1653,Customer_1653,SMB,2024-04-12,Active,52560.0,2025-03-07,70.92,Paid
1653,Customer_1653,SMB,2024-04-12,Active,52695.0,2025-02-13,68.18,Paid
1653,Customer_1653,SMB,2024-04-12,Active,52776.0,2025-02-27,35.0,Refunded
1653,Customer_1653,SMB,2024-04-12,Active,53631.0,2025-03-19,227.35,Processing
1653,Customer_1653,SMB,2024-04-12,Active,54885.0,2025-02-25,135.8,Paid
1654,Customer_1654,SMB,2024-11-08,Active,50326.0,2025-01-21,47.17,Paid
1654,Customer_1654,SMB,2024-11-08,Active,53721.0,2025-01-24,626.57,Paid
1654,Customer_1654,SMB,2024-11-08,Active,54171.0,2025-02-14,232.91,Paid
1654,Customer_1654,SMB,2024-11-08,Active,54248.0,2025-01-20,124.38,Paid
1655,Customer_1655,Retail,2024-02-22,Pending,50634.0,2025-02-04,368.65,Paid
1655,Customer_1655,Retail,2024-02-22,Pending,52015.0,2025-01-10,334.53,Paid
1655,Customer_1655,Retail,2024-02-22,Pending,53100.0,2025-03-12,340.62,Paid
1655,Customer_1655,Retail,2024-02-22,Pending,53356.0,2025-01-22,193.44,Paid
1655,Customer_1655,Retail,2024-02-22,Pending,53467.0,2025-03-08,383.15,Paid
1655,Customer_1655,Retail,2024-02-22,Pending,54295.0,2025-01-09,131.22,Paid
1656,Customer_1656,Retail,2024-05-16,Active,50400.0,2025-03-07,378.62,Paid
1656,Customer_1656,Retail,2024-05-16,Active,50810.0,2025-03-18,177.13,Processing
1656,Customer_1656,Retail,2024-05-16,Active,50982.0,2025-03-17,60.02,Paid
1656,Customer_1656,Retail,2024-05-16,Active,52405.0,2025-01-15,44.37,Paid
1656,Customer_1656,Retail,2024-05-16,Active,54791.0,2025-01-01,198.42,Paid
1657,Customer_1657,Retail,2024-12-02,Active,50424.0,2025-02-24,87.98,Paid
1657,Customer_1657,Retail,2024-12-02,Active,50453.0,2025-02-27,27.58,Paid
1657,Customer_1657,Retail,2024-12-02,Active,50549.0,2025-03-26,487.36,Paid
1657,Customer_1657,Retail,2024-12-02,Active,50609.0,2025-02-23,139.52,Paid
1657,Customer_1657,Retail,2024-12-02,Active,53659.0,2025-03-03,114.5,Paid
1657,Customer_1657,Retail,2024-12-02,Active,54684.0,2025-02-15,58.1,Paid
1658,Customer_1658,Retail,2024-11-10,Active,50301.0,2025-01-26,118.52,Paid
1658,Customer_1658,Retail,2024-11-10,Active,50347.0,2025-02-12,167.21,Paid
1658,Customer_1658,Retail,2024-11-10,Active,50604.0,2025-02-02,144.63,Paid
1658,Customer_1658,Retail,2024-11-10,Active,50754.0,2025-02-18,279.39,Paid
1658,Customer_1658,Retail,2024-11-10,Active,50977.0,2025-02-20,156.12,Paid
1658,Customer_1658,Retail,2024-11-10,Active,51111.0,2025-02-19,128.77,Paid
1658,Customer_1658,Retail,2024-11-10,Active,51270.0,2025-02-26,118.55,Processing
1658,Customer_1658,Retail,2024-11-10,Active,52296.0,2025-03-14,265.78,Paid
1658,Customer_1658,Retail,2024-11-10,Active,52297.0,2025-03-19,163.98,Paid
1658,Customer_1658,Retail,2024-11-10,Active,52352.0,2025-03-06,95.45,Paid
1658,Customer_1658,Retail,2024-11-10,Active,52827.0,2025-01-27,362.82,Paid
1658,Customer_1658,Retail,2024-11-10,Active,52864.0,2025-01-18,20.31,Refunded
1658,Customer_1658,Retail,2024-11-10,Active,53277.0,2025-03-07,46.68,Paid
1658,Customer_1658,Retail,2024-11-10,Active,53561.0,2025-02-19,40.29,Paid
1658,Customer_1658,Retail,2024-11-10,Active,54410.0,2025-01-03,161.01,Paid
1659,Customer_1659,SMB,2024-01-08,Active,50849.0,2025-02-23,71.69,Paid
1659,Customer_1659,SMB,2024-01-08,Active,51695.0,2025-03-11,448.6,Paid
1660,Customer_1660,SMB,2024-02-23,Pending,50137.0,2025-03-07,93.13,Paid
1660,Customer_1660,SMB,2024-02-23,Pending,50846.0,2025-02-26,259.16,Paid
1660,Customer_1660,SMB,2024-02-23,Pending,51244.0,2025-03-09,115.68,Paid
1660,Customer_1660,SMB,2024-02-23,Pending,52060.0,2025-01-05,119.91,Processing
1660,Customer_1660,SMB,2024-02-23,Pending,52523.0,2025-01-15,114.59,Paid
1660,Customer_1660,SMB,2024-02-23,Pending,53399.0,2025-02-17,79.67,Processing
1660,Customer_1660,SMB,2024-02-23,Pending,53956.0,2025-02-07,479.33,Paid
1660,Customer_1660,SMB,2024-02-23,Pending,54952.0,2025-03-08,263.18,Paid
1661,Customer_1661,Retail,2024-09-25,Active,51010.0,2025-02-16,210.86,Paid
1661,Customer_1661,Retail,2024-09-25,Active,51441.0,2025-01-05,31.67,Paid
1661,Customer_1661,Retail,2024-09-25,Active,52066.0,2025-01-21,153.74,Paid
1661,Customer_1661,Retail,2024-09-25,Active,52338.0,2025-03-03,98.0,Paid
1661,Customer_1661,Retail,2024-09-25,Active,53204.0,2025-02-21,75.58,Paid
1661,Customer_1661,Retail,2024-09-25,Active,53328.0,2025-01-03,76.7,Paid
1661,Customer_1661,Retail,2024-09-25,Active,53584.0,2025-03-20,171.48,Refunded
1661,Customer_1661,Retail,2024-09-25,Active,54472.0,2025-01-22,84.88,Processing
1662,Customer_1662,VIP,2024-08-27,Active,52059.0,2025-02-25,48.34,Paid
1662,Customer_1662,VIP,2024-08-27,Active,52175.0,2025-03-12,162.39,Paid
1662,Customer_1662,VIP,2024-08-27,Active,52395.0,2025-02-08,247.26,Refunded
1663,Customer_1663,SMB,2024-12-26,Dormant,51442.0,2025-02-26,116.7,Refunded
1663,Customer_1663,SMB,2024-12-26,Dormant,51495.0,2025-02-12,121.24,Refunded
1663,Customer_1663,SMB,2024-12-26,Dormant,51937.0,2025-01-07,42.24,Paid
1663,Customer_1663,SMB,2024-12-26,Dormant,52250.0,2025-03-23,380.45,Paid
1663,Customer_1663,SMB,2024-12-26,Dormant,52276.0,2025-01-05,45.06,Paid
1663,Customer_1663,SMB,2024-12-26,Dormant,53105.0,2025-02-20,122.33,Paid
1663,Customer_1663,SMB,2024-12-26,Dormant,53402.0,2025-01-10,213.3,Refunded
1663,Customer_1663,SMB,2024-12-26,Dormant,53611.0,2025-02-26,94.03,Paid
1663,Customer_1663,SMB,2024-12-26,Dormant,53652.0,2025-02-03,419.6,Paid
1663,Customer_1663,SMB,2024-12-26,Dormant,54028.0,2025-02-24,184.16,Paid
1663,Customer_1663,SMB,2024-12-26,Dormant,54613.0,2025-02-06,206.55,Paid
1663,Customer_1663,SMB,2024-12-26,Dormant,54753.0,2025-02-19,142.5,Refunded
1663,Customer_1663,SMB,2024-12-26,Dormant,54760.0,2025-01-10,347.7,Paid
1664,Customer_1664,Retail,2024-09-18,Pending,51834.0,2025-03-19,278.51,Paid
1664,Customer_1664,Retail,2024-09-18,Pending,52056.0,2025-03-24,186.91,Paid
1664,Customer_1664,Retail,2024-09-18,Pending,52859.0,2025-01-12,83.66,Paid
1664,Customer_1664,Retail,2024-09-18,Pending,53837.0,2025-02-11,83.84,Paid
1665,Customer_1665,Retail,2024-06-20,Dormant,51296.0,2025-02-10,59.2,Paid
1665,Customer_1665,Retail,2024-06-20,Dormant,51556.0,2025-03-02,75.03,Paid
1665,Customer_1665,Retail,2024-06-20,Dormant,52002.0,2025-03-16,146.27,Processing
1665,Customer_1665,Retail,2024-06-20,Dormant,53838.0,2025-01-13,183.28,Refunded
1666,Customer_1666,Retail,2024-04-21,Active,50648.0,2025-02-25,90.01,Paid
1666,Customer_1666,Retail,2024-04-21,Active,50914.0,2025-03-26,391.88,Paid
1666,Customer_1666,Retail,2024-04-21,Active,50969.0,2025-03-21,686.55,Paid
1666,Customer_1666,Retail,2024-04-21,Active,51712.0,2025-02-03,65.61,Paid
1666,Customer_1666,Retail,2024-04-21,Active,51800.0,2025-02-05,259.01,Paid
1666,Customer_1666,Retail,2024-04-21,Active,52435.0,2025-02-09,80.99,Paid
1666,Customer_1666,Retail,2024-04-21,Active,53405.0,2025-03-12,118.64,Paid
1667,Customer_1667,Retail,2024-12-19,Active,50704.0,2025-01-20,184.89,Paid
1667,Customer_1667,Retail,2024-12-19,Active,53505.0,2025-03-22,323.64,Paid
1667,Customer_1667,Retail,2024-12-19,Active,54921.0,2025-02-23,788.8,Paid
1668,Customer_1668,Retail,2024-01-24,Active,52317.0,2025-03-06,340.42,Paid
1668,Customer_1668,Retail,2024-01-24,Active,52727.0,2025-01-26,123.37,Paid
1668,Customer_1668,Retail,2024-01-24,Active,52865.0,2025-03-09,422.21,Refunded
1668,Customer_1668,Retail,2024-01-24,Active,53166.0,2025-01-21,314.41,Paid
1668,Customer_1668,Retail,2024-01-24,Active,53802.0,2025-02-19,67.87,Paid
1668,Customer_1668,Retail,2024-01-24,Active,54062.0,2025-02-22,30.89,Paid
1668,Customer_1668,Retail,2024-01-24,Active,54635.0,2025-03-11,131.73,Paid
1669,Customer_1669,Retail,2024-05-03,Active,50098.0,2025-03-12,157.18,Processing
1669,Customer_1669,Retail,2024-05-03,Active,51968.0,2025-01-04,125.37,Paid
1670,Customer_1670,Retail,2024-10-23,Active,52421.0,2025-01-25,210.5,Paid
1670,Customer_1670,Retail,2024-10-23,Active,52931.0,2025-03-27,182.42,Paid
1670,Customer_1670,Retail,2024-10-23,Active,53790.0,2025-02-23,867.77,Paid
1670,Customer_1670,Retail,2024-10-23,Active,53941.0,2025-03-24,341.0,Paid
1671,Customer_1671,Retail,2024-07-17,Active,50011.0,2025-03-18,148.48,Paid
1671,Customer_1671,Retail,2024-07-17,Active,51064.0,2025-01-27,34.32,Paid
1671,Customer_1671,Retail,2024-07-17,Active,52339.0,2025-02-18,168.17,Paid
1671,Customer_1671,Retail,2024-07-17,Active,52658.0,2025-01-04,363.32,Paid
1671,Customer_1671,Retail,2024-07-17,Active,54242.0,2025-03-09,148.85,Processing
1672,Customer_1672,Enterprise,2024-12-09,Active,50278.0,2025-02-22,196.93,Paid
1672,Customer_1672,Enterprise,2024-12-09,Active,54027.0,2025-03-21,174.11,Paid
1672,Customer_1672,Enterprise,2024-12-09,Active,54705.0,2025-01-17,181.71,Paid
1673,Customer_1673,Retail,2024-02-21,Active,50014.0,2025-01-25,45.7,Paid
1673,Customer_1673,Retail,2024-02-21,Active,53426.0,2025-03-03,45.4,Paid
1673,Customer_1673,Retail,2024-02-21,Active,54140.0,2025-02-22,209.49,Paid
1673,Customer_1673,Retail,2024-02-21,Active,54757.0,2025-01-20,60.54,Paid
1673,Customer_1673,Retail,2024-02-21,Active,54917.0,2025-02-18,74.67,Paid
1674,Customer_1674,SMB,2024-05-08,Active,50339.0,2025-03-20,60.97,Paid
1674,Customer_1674,SMB,2024-05-08,Active,50392.0,2025-01-06,134.46,Paid
1674,Customer_1674,SMB,2024-05-08,Active,50567.0,2025-03-20,64.22,Paid
1674,Customer_1674,SMB,2024-05-08,Active,54230.0,2025-01-23,105.94,Paid
1674,Customer_1674,SMB,2024-05-08,Active,54308.0,2025-01-04,28.01,Paid
1674,Customer_1674,SMB,2024-05-08,Active,54345.0,2025-03-01,49.58,Paid
1675,Customer_1675,Retail,2024-08-14,Active,50008.0,2025-02-02,448.29,Paid
1675,Customer_1675,Retail,2024-08-14,Active,50833.0,2025-03-03,202.35,Paid
1675,Customer_1675,Retail,2024-08-14,Active,52672.0,2025-02-22,96.0,Paid
1675,Customer_1675,Retail,2024-08-14,Active,52766.0,2025-01-26,402.34,Paid
1675,Customer_1675,Retail,2024-08-14,Active,53767.0,2025-03-02,60.92,Paid
1675,Customer_1675,Retail,2024-08-14,Active,53926.0,2025-01-22,224.83,Processing
1675,Customer_1675,Retail,2024-08-14,Active,53935.0,2025-03-04,374.31,Paid
1676,Customer_1676,VIP,2024-07-23,Dormant,50613.0,2025-03-11,100.85,Paid
1676,Customer_1676,VIP,2024-07-23,Dormant,50868.0,2025-03-08,302.72,Refunded
1676,Customer_1676,VIP,2024-07-23,Dormant,51783.0,2025-02-17,103.83,Paid
1676,Customer_1676,VIP,2024-07-23,Dormant,51792.0,2025-03-18,437.54,Paid
1676,Customer_1676,VIP,2024-07-23,Dormant,52014.0,2025-01-20,80.06,Paid
1676,Customer_1676,VIP,2024-07-23,Dormant,53946.0,2025-01-13,286.45,Paid
1677,Customer_1677,Retail,2024-12-11,Active,50928.0,2025-03-02,73.62,Paid
1677,Customer_1677,Retail,2024-12-11,Active,51253.0,2025-03-04,134.87,Paid
1677,Customer_1677,Retail,2024-12-11,Active,51609.0,2025-02-27,555.83,Processing
1677,Customer_1677,Retail,2024-12-11,Active,53784.0,2025-02-08,113.4,Processing
1677,Customer_1677,Retail,2024-12-11,Active,54395.0,2025-02-07,42.57,Paid
1678,Customer_1678,Retail,2024-06-22,Active,50009.0,2025-02-22,908.33,Refunded
1678,Customer_1678,Retail,2024-06-22,Active,50414.0,2025-01-04,125.47,Paid
1678,Customer_1678,Retail,2024-06-22,Active,50449.0,2025-02-15,147.49,Paid
1678,Customer_1678,Retail,2024-06-22,Active,50780.0,2025-03-06,39.21,Paid
1678,Customer_1678,Retail,2024-06-22,Active,51523.0,2025-02-08,201.88,Paid
1678,Customer_1678,Retail,2024-06-22,Active,51955.0,2025-03-20,328.26,Paid
1678,Customer_1678,Retail,2024-06-22,Active,52699.0,2025-01-22,225.44,Paid
1678,Customer_1678,Retail,2024-06-22,Active,52745.0,2025-01-09,113.85,Refunded
1678,Customer_1678,Retail,2024-06-22,Active,54741.0,2025-03-11,250.32,Paid
1678,Customer_1678,Retail,2024-06-22,Active,54959.0,2025-01-20,288.01,Paid
1679,Customer_1679,VIP,2024-11-25,Active,53139.0,2025-03-19,219.46,Paid
1679,Customer_1679,VIP,2024-11-25,Active,53573.0,2025-03-11,206.31,Refunded
1679,Customer_1679,VIP,2024-11-25,Active,54163.0,2025-01-10,155.78,Paid
1679,Customer_1679,VIP,2024-11-25,Active,54255.0,2025-01-19,98.13,Processing
1679,Customer_1679,VIP,2024-11-25,Active,54431.0,2025-01-08,97.72,Paid
1680,Customer_1680,Enterprise,2024-06-13,Active,50356.0,2025-03-14,252.06,Refunded
1680,Customer_1680,Enterprise,2024-06-13,Active,50402.0,2025-01-20,160.47,Paid
1680,Customer_1680,Enterprise,2024-06-13,Active,51578.0,2025-03-04,299.75,Paid
1680,Customer_1680,Enterprise,2024-06-13,Active,52853.0,2025-02-03,101.58,Paid
1681,Customer_1681,Enterprise,2024-02-02,Active,50470.0,2025-02-27,128.47,Paid
1681,Customer_1681,Enterprise,2024-02-02,Active,51316.0,2025-03-22,354.16,Paid
1681,Customer_1681,Enterprise,2024-02-02,Active,51825.0,2025-01-05,72.68,Paid
1681,Customer_1681,Enterprise,2024-02-02,Active,52069.0,2025-02-07,36.59,Paid
1681,Customer_1681,Enterprise,2024-02-02,Active,54677.0,2025-01-16,72.82,Processing
1682,Customer_1682,Retail,2024-05-15,Active,50335.0,2025-01-06,73.94,Paid
1682,Customer_1682,Retail,2024-05-15,Active,52362.0,2025-01-11,51.79,Paid
1682,Customer_1682,Retail,2024-05-15,Active,53110.0,2025-02-15,109.62,Paid
1682,Customer_1682,Retail,2024-05-15,Active,53168.0,2025-02-11,368.58,Paid
1682,Customer_1682,Retail,2024-05-15,Active,53378.0,2025-03-06,52.17,Paid
1682,Customer_1682,Retail,2024-05-15,Active,53743.0,2025-01-06,326.31,Paid
1682,Customer_1682,Retail,2024-05-15,Active,54871.0,2025-03-15,126.48,Paid
1683,Customer_1683,Retail,2024-04-27,Active,50227.0,2025-02-08,163.89,Paid
1683,Customer_1683,Retail,2024-04-27,Active,50305.0,2025-03-20,82.89,Paid
1683,Customer_1683,Retail,2024-04-27,Active,52772.0,2025-02-27,371.64,Paid
1683,Customer_1683,Retail,2024-04-27,Active,54241.0,2025-02-09,396.41,Paid
1683,Customer_1683,Retail,2024-04-27,Active,54782.0,2025-01-21,50.35,Processing
1683,Customer_1683,Retail,2024-04-27,Active,54947.0,2025-03-12,174.35,Paid
1684,Customer_1684,SMB,2024-02-15,Active,50105.0,2025-01-20,92.08,Paid
1684,Customer_1684,SMB,2024-02-15,Active,51811.0,2025-01-22,136.32,Paid
1685,Customer_1685,Enterprise,2024-03-23,Active,50649.0,2025-03-15,151.89,Paid
1685,Customer_1685,Enterprise,2024-03-23,Active,52390.0,2025-03-10,791.81,Paid
1685,Customer_1685,Enterprise,2024-03-23,Active,52545.0,2025-02-21,281.31,Paid
1685,Customer_1685,Enterprise,2024-03-23,Active,52961.0,2025-01-19,417.29,Paid
1685,Customer_1685,Enterprise,2024-03-23,Active,53063.0,2025-02-06,48.85,Paid
1685,Customer_1685,Enterprise,2024-03-23,Active,53439.0,2025-02-11,972.37,Processing
1685,Customer_1685,Enterprise,2024-03-23,Active,53917.0,2025-02-07,61.41,Paid
1686,Customer_1686,SMB,2024-08-12,Active,50763.0,2025-03-19,29.8,Paid
1686,Customer_1686,SMB,2024-08-12,Active,51255.0,2025-03-10,402.42,Paid
1686,Customer_1686,SMB,2024-08-12,Active,53146.0,2025-03-10,138.23,Paid
1686,Customer_1686,SMB,2024-08-12,Active,54676.0,2025-01-10,334.88,Paid
1687,Customer_1687,SMB,2024-06-11,Dormant,50284.0,2025-01-11,98.79,Paid
1687,Customer_1687,SMB,2024-06-11,Dormant,50800.0,2025-02-04,193.47,Refunded
1687,Customer_1687,SMB,2024-06-11,Dormant,51185.0,2025-03-15,247.83,Paid
1687,Customer_1687,SMB,2024-06-11,Dormant,52691.0,2025-03-21,46.26,Paid
1687,Customer_1687,SMB,2024-06-11,Dormant,52967.0,2025-02-07,91.26,Paid
1687,Customer_1687,SMB,2024-06-11,Dormant,53819.0,2025-03-24,82.23,Paid
1688,Customer_1688,Retail,2024-05-01,Pending,50086.0,2025-02-27,99.59,Paid
1688,Customer_1688,Retail,2024-05-01,Pending,50134.0,2025-02-06,180.13,Paid
1688,Customer_1688,Retail,2024-05-01,Pending,50368.0,2025-02-04,46.32,Processing
1688,Customer_1688,Retail,2024-05-01,Pending,51225.0,2025-03-13,230.13,Paid
1688,Customer_1688,Retail,2024-05-01,Pending,51528.0,2025-02-10,86.9,Processing
1688,Customer_1688,Retail,2024-05-01,Pending,52194.0,2025-01-10,40.56,Refunded
1688,Customer_1688,Retail,2024-05-01,Pending,53213.0,2025-03-25,70.66,Paid
1688,Customer_1688,Retail,2024-05-01,Pending,53441.0,2025-03-14,360.03,Paid
1688,Customer_1688,Retail,2024-05-01,Pending,53626.0,2025-01-04,127.29,Paid
1688,Customer_1688,Retail,2024-05-01,Pending,53723.0,2025-02-09,148.62,Refunded
1689,Customer_1689,SMB,2024-08-03,Active,54174.0,2025-03-13,543.63,Processing
1689,Customer_1689,SMB,2024-08-03,Active,54419.0,2025-02-20,110.27,Paid
1689,Customer_1689,SMB,2024-08-03,Active,54573.0,2025-01-19,65.25,Paid
1690,Customer_1690,Retail,2024-06-19,Active,50572.0,2025-02-08,138.28,Paid
1690,Customer_1690,Retail,2024-06-19,Active,51718.0,2025-01-06,179.57,Processing
1690,Customer_1690,Retail,2024-06-19,Active,52815.0,2025-01-10,320.79,Paid
1690,Customer_1690,Retail,2024-06-19,Active,53417.0,2025-02-07,228.59,Paid
1690,Customer_1690,Retail,2024-06-19,Active,54824.0,2025-01-14,121.84,Paid
1691,Customer_1691,Retail,2024-07-07,Active,50091.0,2025-01-14,220.09,Paid
1691,Customer_1691,Retail,2024-07-07,Active,50705.0,2025-03-21,186.44,Paid
1691,Customer_1691,Retail,2024-07-07,Active,52420.0,2025-01-15,50.93,Paid
1691,Customer_1691,Retail,2024-07-07,Active,52724.0,2025-02-16,34.66,Paid
1691,Customer_1691,Retail,2024-07-07,Active,53270.0,2025-03-18,243.62,Paid
1692,Customer_1692,Retail,2024-12-15,Dormant,50535.0,2025-02-11,306.13,Paid
1692,Customer_1692,Retail,2024-12-15,Dormant,52667.0,2025-01-16,68.71,Paid
1692,Customer_1692,Retail,2024-12-15,Dormant,53084.0,2025-03-12,162.27,Paid
1692,Customer_1692,Retail,2024-12-15,Dormant,53108.0,2025-02-03,60.06,Paid
1692,Customer_1692,Retail,2024-12-15,Dormant,54203.0,2025-03-25,20.38,Paid
1692,Customer_1692,Retail,2024-12-15,Dormant,54207.0,2025-02-16,254.12,Paid
1693,Customer_1693,SMB,2024-09-05,Active,50321.0,2025-01-18,528.43,Paid
1693,Customer_1693,SMB,2024-09-05,Active,50546.0,2025-03-07,79.7,Paid
1693,Customer_1693,SMB,2024-09-05,Active,50642.0,2025-02-15,470.37,Paid
1693,Customer_1693,SMB,2024-09-05,Active,51720.0,2025-03-22,134.38,Paid
1693,Customer_1693,SMB,2024-09-05,Active,51736.0,2025-02-06,91.9,Paid
1693,Customer_1693,SMB,2024-09-05,Active,52210.0,2025-02-14,697.02,Paid
1693,Customer_1693,SMB,2024-09-05,Active,52516.0,2025-03-15,211.84,Refunded
1693,Customer_1693,SMB,2024-09-05,Active,52518.0,2025-03-08,34.4,Paid
1693,Customer_1693,SMB,2024-09-05,Active,52972.0,2025-02-26,27.85,Paid
1693,Customer_1693,SMB,2024-09-05,Active,54016.0,2025-03-16,186.06,Paid
1693,Customer_1693,SMB,2024-09-05,Active,54364.0,2025-01-15,122.79,Paid
1693,Customer_1693,SMB,2024-09-05,Active,54781.0,2025-01-05,764.45,Paid
1694,Customer_1694,Retail,2024-08-10,Active,50522.0,2025-03-27,149.13,Refunded
1694,Customer_1694,Retail,2024-08-10,Active,50525.0,2025-03-26,209.63,Processing
1694,Customer_1694,Retail,2024-08-10,Active,51623.0,2025-01-11,61.64,Paid
1694,Customer_1694,Retail,2024-08-10,Active,52119.0,2025-01-01,311.42,Processing
1694,Customer_1694,Retail,2024-08-10,Active,52467.0,2025-01-26,223.14,Paid
1694,Customer_1694,Retail,2024-08-10,Active,53157.0,2025-03-23,95.53,Paid
1694,Customer_1694,Retail,2024-08-10,Active,53290.0,2025-02-26,61.53,Paid
1694,Customer_1694,Retail,2024-08-10,Active,53451.0,2025-01-19,159.65,Paid
1694,Customer_1694,Retail,2024-08-10,Active,54078.0,2025-03-17,246.53,Paid
1694,Customer_1694,Retail,2024-08-10,Active,54806.0,2025-02-03,196.7,Paid
1695,Customer_1695,Retail,2024-10-16,Pending,50492.0,2025-02-08,20.89,Paid
1695,Customer_1695,Retail,2024-10-16,Pending,52427.0,2025-03-13,88.33,Paid
1695,Customer_1695,Retail,2024-10-16,Pending,54176.0,2025-03-11,69.64,Paid
1695,Customer_1695,Retail,2024-10-16,Pending,54730.0,2025-01-21,61.98,Processing
1696,Customer_1696,SMB,2024-08-01,Active,50161.0,2025-02-01,53.02,Refunded
1696,Customer_1696,SMB,2024-08-01,Active,52718.0,2025-01-21,80.56,Processing
1696,Customer_1696,SMB,2024-08-01,Active,54372.0,2025-01-11,80.84,Paid
1696,Customer_1696,SMB,2024-08-01,Active,54586.0,2025-01-05,143.13,Paid
1697,Customer_1697,Retail,2024-12-05,Pending,50497.0,2025-03-03,324.94,Paid
1697,Customer_1697,Retail,2024-12-05,Pending,51584.0,2025-02-07,89.25,Paid
1697,Customer_1697,Retail,2024-12-05,Pending,52178.0,2025-01-24,238.9,Paid
1697,Customer_1697,Retail,2024-12-05,Pending,53116.0,2025-03-02,524.98,Paid
1697,Customer_1697,Retail,2024-12-05,Pending,53224.0,2025-03-19,109.52,Processing
1697,Customer_1697,Retail,2024-12-05,Pending,54330.0,2025-03-09,506.19,Paid
1697,Customer_1697,Retail,2024-12-05,Pending,54357.0,2025-01-02,41.31,Paid
1697,Customer_1697,Retail,2024-12-05,Pending,54393.0,2025-02-11,36.04,Paid
1698,Customer_1698,SMB,2024-03-01,Active,52565.0,2025-02-15,302.12,Processing
1698,Customer_1698,SMB,2024-03-01,Active,53256.0,2025-02-19,136.05,Paid
1698,Customer_1698,SMB,2024-03-01,Active,53590.0,2025-01-12,101.09,Paid
1698,Customer_1698,SMB,2024-03-01,Active,54665.0,2025-03-26,339.41,Paid
1698,Customer_1698,SMB,2024-03-01,Active,54712.0,2025-03-24,74.37,Paid
1698,Customer_1698,SMB,2024-03-01,Active,54949.0,2025-02-08,20.97,Paid
1699,Customer_1699,Retail,2024-04-08,Active,50118.0,2025-03-05,113.48,Paid
1699,Customer_1699,Retail,2024-04-08,Active,50753.0,2025-03-07,494.29,Paid
1699,Customer_1699,Retail,2024-04-08,Active,50919.0,2025-01-06,146.11,Paid
1699,Customer_1699,Retail,2024-04-08,Active,51004.0,2025-03-26,67.38,Paid
1699,Customer_1699,Retail,2024-04-08,Active,51257.0,2025-01-26,72.55,Paid
1699,Customer_1699,Retail,2024-04-08,Active,52084.0,2025-01-15,55.67,Paid
1699,Customer_1699,Retail,2024-04-08,Active,52602.0,2025-02-23,81.88,Paid
1699,Customer_1699,Retail,2024-04-08,Active,53062.0,2025-03-07,122.38,Paid
1699,Customer_1699,Retail,2024-04-08,Active,54142.0,2025-01-24,56.39,Processing
1699,Customer_1699,Retail,2024-04-08,Active,54799.0,2025-01-04,411.39,Paid
1700,Customer_1700,Retail,2024-03-10,Active,50258.0,2025-01-05,208.14,Paid
1700,Customer_1700,Retail,2024-03-10,Active,50988.0,2025-03-07,161.71,Paid
1700,Customer_1700,Retail,2024-03-10,Active,51091.0,2025-02-18,23.5,Paid
1700,Customer_1700,Retail,2024-03-10,Active,51377.0,2025-02-08,143.86,Paid
1700,Customer_1700,Retail,2024-03-10,Active,51532.0,2025-03-07,258.88,Processing
1700,Customer_1700,Retail,2024-03-10,Active,52829.0,2025-02-08,304.37,Paid
1700,Customer_1700,Retail,2024-03-10,Active,53517.0,2025-02-15,163.75,Paid
1700,Customer_1700,Retail,2024-03-10,Active,54523.0,2025-03-13,285.97,Paid
1700,Customer_1700,Retail,2024-03-10,Active,54719.0,2025-02-19,340.71,Paid
1701,Customer_1701,SMB,2024-02-11,Dormant,50688.0,2025-02-26,484.42,Paid
1701,Customer_1701,SMB,2024-02-11,Dormant,51309.0,2025-02-16,82.91,Paid
1701,Customer_1701,SMB,2024-02-11,Dormant,52313.0,2025-02-23,160.37,Paid
1701,Customer_1701,SMB,2024-02-11,Dormant,53037.0,2025-03-14,320.78,Refunded
1701,Customer_1701,SMB,2024-02-11,Dormant,54473.0,2025-01-23,323.55,Paid
1701,Customer_1701,SMB,2024-02-11,Dormant,54728.0,2025-01-04,395.24,Paid
1702,Customer_1702,Retail,2024-09-10,Pending,50506.0,2025-01-09,75.83,Paid
1702,Customer_1702,Retail,2024-09-10,Pending,51317.0,2025-02-04,200.61,Paid
1702,Customer_1702,Retail,2024-09-10,Pending,51418.0,2025-03-12,217.65,Paid
1702,Customer_1702,Retail,2024-09-10,Pending,51672.0,2025-02-18,104.12,Paid
1702,Customer_1702,Retail,2024-09-10,Pending,51802.0,2025-02-18,96.93,Paid
1702,Customer_1702,Retail,2024-09-10,Pending,53958.0,2025-03-08,141.7,Processing
1702,Customer_1702,Retail,2024-09-10,Pending,54622.0,2025-03-16,247.68,Paid
1703,Customer_1703,Retail,2024-05-14,Active,50309.0,2025-03-13,273.61,Paid
1703,Customer_1703,Retail,2024-05-14,Active,50777.0,2025-01-21,88.16,Paid
1703,Customer_1703,Retail,2024-05-14,Active,51682.0,2025-03-06,85.53,Paid
1703,Customer_1703,Retail,2024-05-14,Active,52770.0,2025-01-17,234.68,Paid
1703,Customer_1703,Retail,2024-05-14,Active,53008.0,2025-01-14,111.4,Paid
1703,Customer_1703,Retail,2024-05-14,Active,54981.0,2025-01-03,95.01,Paid
1704,Customer_1704,Retail,2024-07-27,Active,50363.0,2025-03-07,37.22,Paid
1704,Customer_1704,Retail,2024-07-27,Active,50565.0,2025-03-09,149.46,Paid
1704,Customer_1704,Retail,2024-07-27,Active,52750.0,2025-02-14,121.43,Paid
1704,Customer_1704,Retail,2024-07-27,Active,53945.0,2025-01-22,425.36,Paid
1704,Customer_1704,Retail,2024-07-27,Active,54298.0,2025-01-19,29.83,Paid
1705,Customer_1705,Retail,2024-11-02,Active,50643.0,2025-03-27,212.72,Paid
1705,Customer_1705,Retail,2024-11-02,Active,52480.0,2025-03-07,121.06,Paid
1705,Customer_1705,Retail,2024-11-02,Active,53725.0,2025-02-18,45.28,Paid
1706,Customer_1706,VIP,2024-09-16,Dormant,50322.0,2025-03-12,127.12,Paid
1706,Customer_1706,VIP,2024-09-16,Dormant,50329.0,2025-02-08,35.31,Paid
1706,Customer_1706,VIP,2024-09-16,Dormant,50856.0,2025-02-26,73.0,Paid
1707,Customer_1707,Retail,2024-09-20,Active,50527.0,2025-02-13,248.53,Paid
1707,Customer_1707,Retail,2024-09-20,Active,53548.0,2025-03-16,20.51,Paid
1708,Customer_1708,Enterprise,2024-04-22,Active,51163.0,2025-01-26,251.38,Paid
1708,Customer_1708,Enterprise,2024-04-22,Active,51196.0,2025-02-26,58.42,Paid
1708,Customer_1708,Enterprise,2024-04-22,Active,51871.0,2025-02-01,113.89,Paid
1708,Customer_1708,Enterprise,2024-04-22,Active,52128.0,2025-03-09,112.72,Paid
1708,Customer_1708,Enterprise,2024-04-22,Active,52974.0,2025-02-09,342.1,Paid
1708,Customer_1708,Enterprise,2024-04-22,Active,53839.0,2025-03-08,118.69,Paid
1709,Customer_1709,Retail,2024-10-26,Active,50170.0,2025-01-08,547.46,Paid
1709,Customer_1709,Retail,2024-10-26,Active,51065.0,2025-02-14,151.16,Paid
1709,Customer_1709,Retail,2024-10-26,Active,52094.0,2025-01-10,74.74,Paid
1709,Customer_1709,Retail,2024-10-26,Active,53199.0,2025-03-16,82.25,Paid
1709,Customer_1709,Retail,2024-10-26,Active,53220.0,2025-02-14,341.5,Paid
1709,Customer_1709,Retail,2024-10-26,Active,54030.0,2025-03-19,265.94,Paid
1709,Customer_1709,Retail,2024-10-26,Active,54694.0,2025-03-15,195.0,Processing
1710,Customer_1710,SMB,2024-10-22,Active,51697.0,2025-03-14,71.88,Paid
1710,Customer_1710,SMB,2024-10-22,Active,52126.0,2025-02-25,109.86,Paid
1710,Customer_1710,SMB,2024-10-22,Active,52740.0,2025-01-09,106.66,Paid
1710,Customer_1710,SMB,2024-10-22,Active,54184.0,2025-02-18,133.32,Paid
1710,Customer_1710,SMB,2024-10-22,Active,54262.0,2025-01-11,26.44,Paid
1710,Customer_1710,SMB,2024-10-22,Active,54703.0,2025-03-19,328.05,Paid
1711,Customer_1711,SMB,2024-12-17,Active,52803.0,2025-01-27,135.3,Paid
1711,Customer_1711,SMB,2024-12-17,Active,53596.0,2025-02-08,574.02,Paid
1711,Customer_1711,SMB,2024-12-17,Active,54285.0,2025-02-17,314.45,Paid
1711,Customer_1711,SMB,2024-12-17,Active,54444.0,2025-03-10,175.59,Paid
1711,Customer_1711,SMB,2024-12-17,Active,54515.0,2025-02-25,67.73,Paid
1712,Customer_1712,SMB,2024-09-02,Active,50315.0,2025-02-07,89.88,Paid
1712,Customer_1712,SMB,2024-09-02,Active,50710.0,2025-01-10,165.65,Paid
1712,Customer_1712,SMB,2024-09-02,Active,50729.0,2025-03-03,202.67,Paid
1712,Customer_1712,SMB,2024-09-02,Active,53188.0,2025-03-02,96.21,Paid
1712,Customer_1712,SMB,2024-09-02,Active,53853.0,2025-02-18,157.1,Processing
1712,Customer_1712,SMB,2024-09-02,Active,54112.0,2025-03-16,81.4,Paid
1712,Customer_1712,SMB,2024-09-02,Active,54570.0,2025-03-06,134.44,Paid
1712,Customer_1712,SMB,2024-09-02,Active,54690.0,2025-02-16,91.89,Paid
1713,Customer_1713,Retail,2024-05-25,Active,50498.0,2025-02-12,174.64,Paid
1713,Customer_1713,Retail,2024-05-25,Active,53682.0,2025-01-18,31.05,Paid
1714,Customer_1714,Retail,2024-04-11,Pending,51583.0,2025-01-12,40.31,Paid
1714,Customer_1714,Retail,2024-04-11,Pending,53720.0,2025-01-24,133.17,Paid
1714,Customer_1714,Retail,2024-04-11,Pending,54143.0,2025-03-27,135.71,Paid
1715,Customer_1715,Retail,2024-03-23,Active,50673.0,2025-02-10,25.69,Paid
1715,Customer_1715,Retail,2024-03-23,Active,52631.0,2025-03-07,196.61,Paid
1715,Customer_1715,Retail,2024-03-23,Active,53940.0,2025-02-16,41.1,Refunded
1715,Customer_1715,Retail,2024-03-23,Active,54125.0,2025-03-21,241.11,Paid
1715,Customer_1715,Retail,2024-03-23,Active,54146.0,2025-03-07,63.65,Paid
1715,Customer_1715,Retail,2024-03-23,Active,54486.0,2025-01-18,175.34,Paid
1716,Customer_1716,Enterprise,2024-06-24,Active,50532.0,2025-02-27,118.54,Processing
1716,Customer_1716,Enterprise,2024-06-24,Active,52208.0,2025-02-08,458.36,Paid
1716,Customer_1716,Enterprise,2024-06-24,Active,52622.0,2025-01-06,429.77,Paid
1716,Customer_1716,Enterprise,2024-06-24,Active,53069.0,2025-03-18,214.45,Paid
1716,Customer_1716,Enterprise,2024-06-24,Active,54076.0,2025-03-04,256.16,Refunded
1716,Customer_1716,Enterprise,2024-06-24,Active,54479.0,2025-03-04,52.2,Paid
1717,Customer_1717,Enterprise,2024-03-05,Dormant,50318.0,2025-02-06,104.78,Paid
1717,Customer_1717,Enterprise,2024-03-05,Dormant,50661.0,2025-01-19,152.78,Paid
1717,Customer_1717,Enterprise,2024-03-05,Dormant,52515.0,2025-01-18,49.12,Refunded
1717,Customer_1717,Enterprise,2024-03-05,Dormant,54192.0,2025-01-01,282.74,Paid
1717,Customer_1717,Enterprise,2024-03-05,Dormant,54754.0,2025-01-10,57.92,Paid
1718,Customer_1718,VIP,2024-10-04,Active,50197.0,2025-01-25,312.32,Paid
1718,Customer_1718,VIP,2024-10-04,Active,50330.0,2025-01-01,105.02,Paid
1718,Customer_1718,VIP,2024-10-04,Active,51744.0,2025-02-21,113.25,Paid
1718,Customer_1718,VIP,2024-10-04,Active,52394.0,2025-02-25,428.47,Paid
1718,Customer_1718,VIP,2024-10-04,Active,52888.0,2025-03-10,451.03,Paid
1718,Customer_1718,VIP,2024-10-04,Active,54187.0,2025-03-10,67.35,Paid
1718,Customer_1718,VIP,2024-10-04,Active,54704.0,2025-01-05,127.3,Refunded
1719,Customer_1719,Retail,2024-04-20,Active,50250.0,2025-02-03,97.24,Paid
1719,Customer_1719,Retail,2024-04-20,Active,54550.0,2025-01-16,224.25,Processing
1720,Customer_1720,SMB,2024-10-24,Active,50069.0,2025-02-15,208.02,Paid
1720,Customer_1720,SMB,2024-10-24,Active,50268.0,2025-01-09,65.15,Paid
1720,Customer_1720,SMB,2024-10-24,Active,50271.0,2025-01-02,198.4,Paid
1720,Customer_1720,SMB,2024-10-24,Active,50465.0,2025-02-13,43.59,Paid
1720,Customer_1720,SMB,2024-10-24,Active,50957.0,2025-02-18,47.92,Refunded
1720,Customer_1720,SMB,2024-10-24,Active,51038.0,2025-03-13,92.07,Paid
1720,Customer_1720,SMB,2024-10-24,Active,52452.0,2025-03-20,386.25,Paid
1720,Customer_1720,SMB,2024-10-24,Active,52489.0,2025-01-23,252.02,Paid
1720,Customer_1720,SMB,2024-10-24,Active,52889.0,2025-02-16,119.15,Paid
1720,Customer_1720,SMB,2024-10-24,Active,53268.0,2025-03-13,108.07,Paid
1720,Customer_1720,SMB,2024-10-24,Active,53366.0,2025-03-26,56.18,Processing
1720,Customer_1720,SMB,2024-10-24,Active,53789.0,2025-03-09,40.55,Paid
1720,Customer_1720,SMB,2024-10-24,Active,53804.0,2025-02-10,198.49,Paid
1720,Customer_1720,SMB,2024-10-24,Active,54408.0,2025-02-16,156.02,Paid
1720,Customer_1720,SMB,2024-10-24,Active,54437.0,2025-03-13,518.75,Paid
1721,Customer_1721,Enterprise,2024-06-03,Pending,50167.0,2025-02-07,225.83,Paid
1721,Customer_1721,Enterprise,2024-06-03,Pending,50840.0,2025-02-10,321.23,Paid
1721,Customer_1721,Enterprise,2024-06-03,Pending,51644.0,2025-01-23,66.64,Paid
1721,Customer_1721,Enterprise,2024-06-03,Pending,52551.0,2025-01-17,135.02,Paid
1721,Customer_1721,Enterprise,2024-06-03,Pending,52744.0,2025-02-08,63.11,Paid
1721,Customer_1721,Enterprise,2024-06-03,Pending,54099.0,2025-03-11,30.04,Paid
1722,Customer_1722,Retail,2024-10-05,Active,50276.0,2025-01-02,64.12,Paid
1722,Customer_1722,Retail,2024-10-05,Active,50434.0,2025-02-10,243.17,Paid
1722,Customer_1722,Retail,2024-10-05,Active,50577.0,2025-02-24,254.05,Paid
1722,Customer_1722,Retail,2024-10-05,Active,51394.0,2025-03-21,503.54,Paid
1722,Customer_1722,Retail,2024-10-05,Active,51812.0,2025-03-21,50.32,Paid
1722,Customer_1722,Retail,2024-10-05,Active,53546.0,2025-02-15,39.42,Paid
1722,Customer_1722,Retail,2024-10-05,Active,53841.0,2025-02-24,507.43,Paid
1722,Customer_1722,Retail,2024-10-05,Active,54021.0,2025-01-17,52.3,Paid
1722,Customer_1722,Retail,2024-10-05,Active,54240.0,2025-01-12,103.39,Paid
1723,Customer_1723,Retail,2024-06-21,Dormant,51133.0,2025-01-04,158.03,Paid
1723,Customer_1723,Retail,2024-06-21,Dormant,51519.0,2025-02-27,154.17,Paid
1723,Customer_1723,Retail,2024-06-21,Dormant,53586.0,2025-01-13,45.83,Paid
1723,Customer_1723,Retail,2024-06-21,Dormant,53622.0,2025-03-11,31.25,Paid
1724,Customer_1724,SMB,2024-06-08,Active,50029.0,2025-01-24,788.96,Paid
1724,Customer_1724,SMB,2024-06-08,Active,51938.0,2025-03-01,26.39,Paid
1724,Customer_1724,SMB,2024-06-08,Active,53049.0,2025-02-14,126.18,Processing
1724,Customer_1724,SMB,2024-06-08,Active,54029.0,2025-03-21,89.75,Paid
1725,Customer_1725,SMB,2024-07-21,Active,50598.0,2025-03-20,132.73,Paid
1725,Customer_1725,SMB,2024-07-21,Active,50633.0,2025-01-04,27.0,Paid
1725,Customer_1725,SMB,2024-07-21,Active,50784.0,2025-02-16,84.39,Paid
1725,Customer_1725,SMB,2024-07-21,Active,51135.0,2025-01-18,105.19,Paid
1725,Customer_1725,SMB,2024-07-21,Active,53112.0,2025-02-14,143.15,Paid
1726,Customer_1726,Enterprise,2024-10-06,Active,50046.0,2025-02-02,36.05,Paid
1726,Customer_1726,Enterprise,2024-10-06,Active,50941.0,2025-03-23,214.48,Paid
1726,Customer_1726,Enterprise,2024-10-06,Active,51338.0,2025-03-24,31.98,Processing
1726,Customer_1726,Enterprise,2024-10-06,Active,52065.0,2025-02-25,52.08,Paid
1726,Customer_1726,Enterprise,2024-10-06,Active,52807.0,2025-03-13,193.35,Paid
1726,Customer_1726,Enterprise,2024-10-06,Active,53255.0,2025-03-21,407.83,Processing
1726,Customer_1726,Enterprise,2024-10-06,Active,53283.0,2025-03-06,52.0,Paid
1726,Customer_1726,Enterprise,2024-10-06,Active,53393.0,2025-03-15,225.06,Paid
1726,Customer_1726,Enterprise,2024-10-06,Active,53969.0,2025-03-20,29.78,Paid
1726,Customer_1726,Enterprise,2024-10-06,Active,54051.0,2025-01-15,230.74,Paid
1726,Customer_1726,Enterprise,2024-10-06,Active,54249.0,2025-03-08,166.73,Paid
1727,Customer_1727,Retail,2024-04-25,Pending,50748.0,2025-01-15,53.41,Paid
1727,Customer_1727,Retail,2024-04-25,Pending,51080.0,2025-02-05,159.74,Paid
1727,Customer_1727,Retail,2024-04-25,Pending,51600.0,2025-01-04,75.96,Paid
1727,Customer_1727,Retail,2024-04-25,Pending,52243.0,2025-01-25,83.67,Paid
1727,Customer_1727,Retail,2024-04-25,Pending,53097.0,2025-03-01,48.56,Paid
1728,Customer_1728,SMB,2024-04-17,Active,50683.0,2025-01-08,79.56,Paid
1728,Customer_1728,SMB,2024-04-17,Active,52342.0,2025-01-15,136.32,Paid
1728,Customer_1728,SMB,2024-04-17,Active,52404.0,2025-02-15,126.1,Paid
1728,Customer_1728,SMB,2024-04-17,Active,52569.0,2025-02-26,123.99,Paid
1728,Customer_1728,SMB,2024-04-17,Active,52824.0,2025-02-09,35.34,Paid
1728,Customer_1728,SMB,2024-04-17,Active,53952.0,2025-01-09,113.01,Paid
1728,Customer_1728,SMB,2024-04-17,Active,54363.0,2025-02-15,434.03,Paid
1728,Customer_1728,SMB,2024-04-17,Active,54447.0,2025-02-27,373.31,Paid
1728,Customer_1728,SMB,2024-04-17,Active,54474.0,2025-01-15,34.68,Paid
1728,Customer_1728,SMB,2024-04-17,Active,54801.0,2025-01-13,208.8,Paid
1728,Customer_1728,SMB,2024-04-17,Active,54998.0,2025-03-26,41.99,Paid
1729,Customer_1729,Retail,2024-07-07,Pending,50631.0,2025-01-24,43.22,Paid
1729,Customer_1729,Retail,2024-07-07,Pending,50651.0,2025-02-01,80.54,Paid
1729,Customer_1729,Retail,2024-07-07,Pending,50996.0,2025-01-04,170.78,Paid
1730,Customer_1730,Retail,2024-04-14,Active,50072.0,2025-02-24,423.52,Paid
1730,Customer_1730,Retail,2024-04-14,Active,50101.0,2025-03-02,487.89,Paid
1730,Customer_1730,Retail,2024-04-14,Active,50841.0,2025-02-02,106.55,Paid
1730,Customer_1730,Retail,2024-04-14,Active,51220.0,2025-03-22,241.7,Paid
1730,Customer_1730,Retail,2024-04-14,Active,52418.0,2025-02-08,284.97,Paid
1730,Customer_1730,Retail,2024-04-14,Active,54191.0,2025-02-01,112.53,Paid
1730,Customer_1730,Retail,2024-04-14,Active,54702.0,2025-03-02,360.5,Paid
1731,Customer_1731,Retail,2024-03-24,Active,51027.0,2025-03-18,85.19,Paid
1731,Customer_1731,Retail,2024-03-24,Active,51866.0,2025-01-19,167.47,Paid
1731,Customer_1731,Retail,2024-03-24,Active,52100.0,2025-03-20,252.56,Paid
1731,Customer_1731,Retail,2024-03-24,Active,52813.0,2025-02-26,68.72,Paid
1731,Customer_1731,Retail,2024-03-24,Active,53662.0,2025-01-01,78.91,Paid
1731,Customer_1731,Retail,2024-03-24,Active,54804.0,2025-03-05,125.29,Processing
1732,Customer_1732,Enterprise,2024-05-16,Active,50210.0,2025-02-15,53.84,Paid
1732,Customer_1732,Enterprise,2024-05-16,Active,50327.0,2025-01-21,95.41,Paid
1732,Customer_1732,Enterprise,2024-05-16,Active,50803.0,2025-01-05,224.32,Processing
1732,Customer_1732,Enterprise,2024-05-16,Active,51497.0,2025-01-17,563.5,Paid
1732,Customer_1732,Enterprise,2024-05-16,Active,51549.0,2025-02-11,71.17,Paid
1732,Customer_1732,Enterprise,2024-05-16,Active,52118.0,2025-01-23,116.82,Paid
1732,Customer_1732,Enterprise,2024-05-16,Active,52165.0,2025-01-20,246.51,Paid
1732,Customer_1732,Enterprise,2024-05-16,Active,52273.0,2025-02-08,110.43,Paid
1732,Customer_1732,Enterprise,2024-05-16,Active,52746.0,2025-02-08,144.41,Processing
1732,Customer_1732,Enterprise,2024-05-16,Active,53435.0,2025-02-04,54.31,Paid
1732,Customer_1732,Enterprise,2024-05-16,Active,53695.0,2025-03-11,218.44,Paid
1732,Customer_1732,Enterprise,2024-05-16,Active,54281.0,2025-03-22,34.33,Paid
1732,Customer_1732,Enterprise,2024-05-16,Active,54360.0,2025-03-09,40.01,Paid
1733,Customer_1733,SMB,2024-10-23,Pending,50960.0,2025-01-04,147.95,Paid
1733,Customer_1733,SMB,2024-10-23,Pending,52432.0,2025-03-24,21.74,Paid
1733,Customer_1733,SMB,2024-10-23,Pending,53552.0,2025-02-02,281.0,Paid
1733,Customer_1733,SMB,2024-10-23,Pending,53641.0,2025-01-22,167.88,Paid
1734,Customer_1734,SMB,2024-04-04,Active,50146.0,2025-01-18,388.94,Processing
1734,Customer_1734,SMB,2024-04-04,Active,50466.0,2025-02-18,159.76,Paid
1734,Customer_1734,SMB,2024-04-04,Active,52451.0,2025-02-02,122.34,Paid
1734,Customer_1734,SMB,2024-04-04,Active,54478.0,2025-02-25,39.02,Paid
1735,Customer_1735,Retail,2024-08-24,Active,51756.0,2025-02-24,444.42,Processing
1735,Customer_1735,Retail,2024-08-24,Active,52286.0,2025-02-22,142.81,Processing
1735,Customer_1735,Retail,2024-08-24,Active,52554.0,2025-03-14,402.19,Paid
1735,Customer_1735,Retail,2024-08-24,Active,52988.0,2025-01-13,67.01,Paid
1735,Customer_1735,Retail,2024-08-24,Active,53569.0,2025-03-24,94.86,Paid
1735,Customer_1735,Retail,2024-08-24,Active,53765.0,2025-02-03,67.03,Paid
1735,Customer_1735,Retail,2024-08-24,Active,53859.0,2025-03-22,133.51,Paid
1736,Customer_1736,Enterprise,2024-02-18,Active,50064.0,2025-03-15,279.42,Paid
1736,Customer_1736,Enterprise,2024-02-18,Active,50709.0,2025-03-01,130.41,Paid
1736,Customer_1736,Enterprise,2024-02-18,Active,53229.0,2025-01-21,844.76,Paid
1736,Customer_1736,Enterprise,2024-02-18,Active,54327.0,2025-03-02,30.64,Processing
1736,Customer_1736,Enterprise,2024-02-18,Active,54451.0,2025-01-23,72.17,Paid
1737,Customer_1737,Retail,2024-03-19,Pending,51561.0,2025-03-01,47.14,Paid
1737,Customer_1737,Retail,2024-03-19,Pending,53443.0,2025-02-14,195.39,Paid
1738,Customer_1738,Enterprise,2024-01-14,Active,50864.0,2025-02-05,78.93,Refunded
1738,Customer_1738,Enterprise,2024-01-14,Active,51158.0,2025-02-03,24.53,Paid
1738,Customer_1738,Enterprise,2024-01-14,Active,52107.0,2025-01-13,168.78,Paid
1738,Customer_1738,Enterprise,2024-01-14,Active,52373.0,2025-02-14,71.99,Paid
1738,Customer_1738,Enterprise,2024-01-14,Active,52764.0,2025-02-26,163.9,Paid
1738,Customer_1738,Enterprise,2024-01-14,Active,53680.0,2025-01-17,26.77,Paid
1738,Customer_1738,Enterprise,2024-01-14,Active,54519.0,2025-03-27,68.24,Paid
1738,Customer_1738,Enterprise,2024-01-14,Active,54797.0,2025-01-23,457.62,Paid
1739,Customer_1739,Retail,2024-03-22,Active,51997.0,2025-03-07,270.55,Paid
1739,Customer_1739,Retail,2024-03-22,Active,52784.0,2025-01-12,124.13,Processing
1739,Customer_1739,Retail,2024-03-22,Active,53121.0,2025-01-18,171.2,Paid
1739,Customer_1739,Retail,2024-03-22,Active,53630.0,2025-02-08,267.79,Paid
1739,Customer_1739,Retail,2024-03-22,Active,54878.0,2025-02-01,1403.02,Paid
1740,Customer_1740,Retail,2024-08-13,Active,53942.0,2025-03-17,284.52,Paid
1740,Customer_1740,Retail,2024-08-13,Active,54396.0,2025-03-01,26.99,Paid
1740,Customer_1740,Retail,2024-08-13,Active,54789.0,2025-02-17,130.11,Paid
1741,Customer_1741,Retail,2024-12-26,Active,50842.0,2025-02-18,91.98,Processing
1741,Customer_1741,Retail,2024-12-26,Active,53831.0,2025-02-05,27.19,Paid
1742,Customer_1742,Retail,2024-06-21,Active,50038.0,2025-02-20,575.74,Paid
1742,Customer_1742,Retail,2024-06-21,Active,50921.0,2025-03-05,257.3,Paid
1742,Customer_1742,Retail,2024-06-21,Active,51375.0,2025-01-26,129.67,Processing
1742,Customer_1742,Retail,2024-06-21,Active,52187.0,2025-01-08,241.91,Paid
1742,Customer_1742,Retail,2024-06-21,Active,54551.0,2025-02-24,37.37,Paid
1743,Customer_1743,SMB,2024-04-19,Pending,51726.0,2025-02-10,197.76,Paid
1743,Customer_1743,SMB,2024-04-19,Pending,51860.0,2025-02-07,346.97,Paid
1743,Customer_1743,SMB,2024-04-19,Pending,52616.0,2025-02-17,52.07,Paid
1743,Customer_1743,SMB,2024-04-19,Pending,53574.0,2025-03-20,91.13,Paid
1743,Customer_1743,SMB,2024-04-19,Pending,53803.0,2025-03-02,166.67,Paid
1743,Customer_1743,SMB,2024-04-19,Pending,54439.0,2025-03-18,94.87,Paid
1743,Customer_1743,SMB,2024-04-19,Pending,54805.0,2025-01-25,532.21,Paid
1744,Customer_1744,SMB,2024-04-23,Dormant,51072.0,2025-01-25,97.69,Processing
1744,Customer_1744,SMB,2024-04-23,Dormant,51796.0,2025-03-03,21.37,Refunded
1744,Customer_1744,SMB,2024-04-23,Dormant,52533.0,2025-02-22,65.04,Processing
1744,Customer_1744,SMB,2024-04-23,Dormant,53194.0,2025-01-03,33.84,Paid
1744,Customer_1744,SMB,2024-04-23,Dormant,53993.0,2025-02-20,62.86,Processing
1745,Customer_1745,Retail,2024-01-23,Active,52856.0,2025-03-18,360.14,Paid
1745,Customer_1745,Retail,2024-01-23,Active,54841.0,2025-02-16,460.87,Paid
1746,Customer_1746,Enterprise,2024-01-18,Active,50703.0,2025-02-14,56.07,Paid
1746,Customer_1746,Enterprise,2024-01-18,Active,51891.0,2025-03-24,349.85,Processing
1746,Customer_1746,Enterprise,2024-01-18,Active,52855.0,2025-03-16,36.52,Paid
1746,Customer_1746,Enterprise,2024-01-18,Active,53023.0,2025-02-02,51.64,Paid
1746,Customer_1746,Enterprise,2024-01-18,Active,53090.0,2025-03-06,86.26,Paid
1747,Customer_1747,Retail,2024-04-17,Active,50933.0,2025-03-13,80.97,Paid
1747,Customer_1747,Retail,2024-04-17,Active,52941.0,2025-01-16,85.57,Paid
1747,Customer_1747,Retail,2024-04-17,Active,53447.0,2025-01-27,23.15,Paid
1747,Customer_1747,Retail,2024-04-17,Active,53832.0,2025-01-01,74.3,Processing
1747,Customer_1747,Retail,2024-04-17,Active,54891.0,2025-02-02,503.23,Paid
1748,Customer_1748,SMB,2024-11-27,Active,50100.0,2025-01-17,248.62,Paid
1748,Customer_1748,SMB,2024-11-27,Active,51625.0,2025-01-02,362.77,Paid
1748,Customer_1748,SMB,2024-11-27,Active,52449.0,2025-01-04,243.23,Paid
1748,Customer_1748,SMB,2024-11-27,Active,53736.0,2025-01-22,36.9,Paid
1748,Customer_1748,SMB,2024-11-27,Active,53879.0,2025-02-22,29.6,Paid
1749,Customer_1749,Enterprise,2024-11-25,Active,52730.0,2025-02-03,185.06,Paid
1749,Customer_1749,Enterprise,2024-11-25,Active,53065.0,2025-03-18,87.36,Paid
1749,Customer_1749,Enterprise,2024-11-25,Active,53178.0,2025-02-27,251.52,Paid
1749,Customer_1749,Enterprise,2024-11-25,Active,53732.0,2025-03-08,168.58,Paid
1750,Customer_1750,SMB,2024-12-22,Active,50015.0,2025-02-27,310.85,Paid
1750,Customer_1750,SMB,2024-12-22,Active,50115.0,2025-01-16,71.72,Paid
1750,Customer_1750,SMB,2024-12-22,Active,50251.0,2025-01-24,531.76,Paid
1750,Customer_1750,SMB,2024-12-22,Active,50980.0,2025-02-23,186.25,Paid
1750,Customer_1750,SMB,2024-12-22,Active,51701.0,2025-02-21,32.77,Paid
1751,Customer_1751,Retail,2024-01-17,Active,52383.0,2025-02-16,310.14,Refunded
1751,Customer_1751,Retail,2024-01-17,Active,53437.0,2025-03-13,138.45,Paid
1751,Customer_1751,Retail,2024-01-17,Active,53499.0,2025-01-24,157.86,Paid
1751,Customer_1751,Retail,2024-01-17,Active,54697.0,2025-02-03,104.05,Processing
1751,Customer_1751,Retail,2024-01-17,Active,54919.0,2025-01-02,79.99,Paid
1752,Customer_1752,Enterprise,2024-06-04,Active,51047.0,2025-01-08,165.95,Paid
1752,Customer_1752,Enterprise,2024-06-04,Active,51291.0,2025-01-17,459.58,Paid
1752,Customer_1752,Enterprise,2024-06-04,Active,52090.0,2025-02-21,35.62,Processing
1752,Customer_1752,Enterprise,2024-06-04,Active,52120.0,2025-03-03,140.44,Paid
1752,Customer_1752,Enterprise,2024-06-04,Active,53543.0,2025-02-23,31.89,Paid
1752,Customer_1752,Enterprise,2024-06-04,Active,54812.0,2025-01-01,365.34,Processing
1753,Customer_1753,SMB,2024-04-16,Active,50144.0,2025-02-14,100.47,Paid
1753,Customer_1753,SMB,2024-04-16,Active,51037.0,2025-03-21,101.33,Paid
1753,Customer_1753,SMB,2024-04-16,Active,51581.0,2025-03-10,668.85,Processing
1753,Customer_1753,SMB,2024-04-16,Active,51904.0,2025-03-24,367.21,Paid
1753,Customer_1753,SMB,2024-04-16,Active,52239.0,2025-01-17,28.55,Paid
1753,Customer_1753,SMB,2024-04-16,Active,52825.0,2025-01-03,94.04,Paid
1754,Customer_1754,Retail,2024-11-15,Active,50430.0,2025-02-18,28.13,Processing
1754,Customer_1754,Retail,2024-11-15,Active,51093.0,2025-03-14,269.02,Paid
1754,Customer_1754,Retail,2024-11-15,Active,51408.0,2025-01-03,37.29,Paid
1754,Customer_1754,Retail,2024-11-15,Active,51571.0,2025-01-22,190.66,Paid
1754,Customer_1754,Retail,2024-11-15,Active,52709.0,2025-02-25,348.84,Paid
1754,Customer_1754,Retail,2024-11-15,Active,52945.0,2025-02-23,124.18,Paid
1754,Customer_1754,Retail,2024-11-15,Active,54229.0,2025-01-09,25.59,Paid
1754,Customer_1754,Retail,2024-11-15,Active,54428.0,2025-02-01,191.65,Paid
1755,Customer_1755,Retail,2024-06-15,Active,51345.0,2025-02-15,42.63,Paid
1755,Customer_1755,Retail,2024-06-15,Active,51757.0,2025-03-10,143.4,Paid
1755,Customer_1755,Retail,2024-06-15,Active,53341.0,2025-02-19,264.67,Paid
1755,Customer_1755,Retail,2024-06-15,Active,53580.0,2025-01-07,198.79,Paid
1755,Customer_1755,Retail,2024-06-15,Active,54955.0,2025-03-04,99.44,Paid
1756,Customer_1756,SMB,2024-12-11,Active,50193.0,2025-01-06,84.46,Paid
1756,Customer_1756,SMB,2024-12-11,Active,50639.0,2025-03-07,341.33,Paid
1756,Customer_1756,SMB,2024-12-11,Active,50866.0,2025-01-15,108.27,Paid
1756,Customer_1756,SMB,2024-12-11,Active,52171.0,2025-01-06,239.21,Paid
1756,Customer_1756,SMB,2024-12-11,Active,52705.0,2025-01-08,23.5,Paid
1756,Customer_1756,SMB,2024-12-11,Active,53141.0,2025-02-08,76.31,Paid
1756,Customer_1756,SMB,2024-12-11,Active,53877.0,2025-01-15,205.36,Paid
1757,Customer_1757,SMB,2024-07-09,Active,52782.0,2025-03-06,209.79,Paid
1757,Customer_1757,SMB,2024-07-09,Active,53977.0,2025-02-07,121.85,Paid
1757,Customer_1757,SMB,2024-07-09,Active,54218.0,2025-03-21,87.21,Paid
1758,Customer_1758,SMB,2024-10-16,Active,50770.0,2025-02-13,110.57,Paid
1758,Customer_1758,SMB,2024-10-16,Active,51026.0,2025-01-18,209.41,Paid
1758,Customer_1758,SMB,2024-10-16,Active,51490.0,2025-02-12,205.37,Paid
1758,Customer_1758,SMB,2024-10-16,Active,51518.0,2025-01-16,38.99,Paid
1758,Customer_1758,SMB,2024-10-16,Active,51804.0,2025-03-24,44.06,Paid
1758,Customer_1758,SMB,2024-10-16,Active,52275.0,2025-03-05,103.13,Refunded
1758,Customer_1758,SMB,2024-10-16,Active,52939.0,2025-01-20,112.32,Paid
1758,Customer_1758,SMB,2024-10-16,Active,52975.0,2025-03-22,550.03,Paid
1758,Customer_1758,SMB,2024-10-16,Active,53702.0,2025-01-13,138.38,Refunded
1758,Customer_1758,SMB,2024-10-16,Active,53739.0,2025-02-21,33.76,Processing
1758,Customer_1758,SMB,2024-10-16,Active,53923.0,2025-01-07,124.85,Paid
1758,Customer_1758,SMB,2024-10-16,Active,54005.0,2025-01-14,693.4,Paid
1758,Customer_1758,SMB,2024-10-16,Active,54236.0,2025-01-26,84.41,Paid
1758,Customer_1758,SMB,2024-10-16,Active,54572.0,2025-01-22,25.62,Paid
1759,Customer_1759,Enterprise,2024-05-25,Active,50827.0,2025-01-14,139.22,Paid
1759,Customer_1759,Enterprise,2024-05-25,Active,51281.0,2025-01-23,42.56,Paid
1759,Customer_1759,Enterprise,2024-05-25,Active,53036.0,2025-02-16,81.64,Paid
1759,Customer_1759,Enterprise,2024-05-25,Active,53215.0,2025-01-27,153.43,Paid
1759,Customer_1759,Enterprise,2024-05-25,Active,53694.0,2025-01-22,208.89,Paid
1759,Customer_1759,Enterprise,2024-05-25,Active,53918.0,2025-01-13,258.56,Paid
1760,Customer_1760,SMB,2024-04-10,Active,51171.0,2025-02-12,21.1,Processing
1761,Customer_1761,Retail,2024-02-03,Active,50140.0,2025-03-01,154.13,Paid
1761,Customer_1761,Retail,2024-02-03,Active,50147.0,2025-03-17,25.53,Refunded
1761,Customer_1761,Retail,2024-02-03,Active,51538.0,2025-03-25,243.46,Refunded
1761,Customer_1761,Retail,2024-02-03,Active,51562.0,2025-01-15,43.37,Paid
1761,Customer_1761,Retail,2024-02-03,Active,52140.0,2025-01-08,179.45,Paid
1761,Customer_1761,Retail,2024-02-03,Active,53129.0,2025-02-01,473.64,Paid
1761,Customer_1761,Retail,2024-02-03,Active,53304.0,2025-01-23,97.97,Paid
1761,Customer_1761,Retail,2024-02-03,Active,54872.0,2025-03-22,54.17,Paid
1762,Customer_1762,Retail,2024-11-17,Active,51115.0,2025-03-14,91.62,Paid
1762,Customer_1762,Retail,2024-11-17,Active,51870.0,2025-01-13,470.34,Paid
1762,Customer_1762,Retail,2024-11-17,Active,53519.0,2025-03-08,35.14,Paid
1763,Customer_1763,Retail,2024-06-13,Active,50176.0,2025-02-14,217.39,Paid
1763,Customer_1763,Retail,2024-06-13,Active,50563.0,2025-03-15,253.66,Paid
1763,Customer_1763,Retail,2024-06-13,Active,51542.0,2025-02-25,22.34,Paid
1763,Customer_1763,Retail,2024-06-13,Active,52253.0,2025-02-19,205.09,Paid
1763,Customer_1763,Retail,2024-06-13,Active,52562.0,2025-02-15,34.83,Paid
1763,Customer_1763,Retail,2024-06-13,Active,54511.0,2025-03-12,88.62,Paid
1763,Customer_1763,Retail,2024-06-13,Active,54873.0,2025-02-20,236.07,Paid
1764,Customer_1764,SMB,2024-06-17,Dormant,51127.0,2025-03-23,61.86,Paid
1765,Customer_1765,Retail,2024-11-13,Active,51371.0,2025-03-24,42.34,Paid
1765,Customer_1765,Retail,2024-11-13,Active,52186.0,2025-02-18,349.67,Paid
1765,Customer_1765,Retail,2024-11-13,Active,53235.0,2025-03-19,213.14,Paid
1765,Customer_1765,Retail,2024-11-13,Active,53312.0,2025-02-25,26.88,Paid
1765,Customer_1765,Retail,2024-11-13,Active,53539.0,2025-01-12,591.47,Paid
1765,Customer_1765,Retail,2024-11-13,Active,54817.0,2025-03-16,42.81,Paid
1766,Customer_1766,SMB,2024-03-21,Active,50681.0,2025-02-08,266.29,Paid
1766,Customer_1766,SMB,2024-03-21,Active,51103.0,2025-02-23,77.68,Paid
1766,Customer_1766,SMB,2024-03-21,Active,52683.0,2025-01-10,624.78,Paid
1766,Customer_1766,SMB,2024-03-21,Active,52936.0,2025-02-02,46.35,Paid
1766,Customer_1766,SMB,2024-03-21,Active,53044.0,2025-02-26,470.52,Paid
1766,Customer_1766,SMB,2024-03-21,Active,53111.0,2025-02-09,401.45,Paid
1766,Customer_1766,SMB,2024-03-21,Active,53558.0,2025-01-03,106.07,Paid
1767,Customer_1767,SMB,2024-03-10,Active,50767.0,2025-01-10,46.84,Paid
1767,Customer_1767,SMB,2024-03-10,Active,50848.0,2025-03-10,38.47,Paid
1767,Customer_1767,SMB,2024-03-10,Active,54227.0,2025-02-07,67.67,Paid
1767,Customer_1767,SMB,2024-03-10,Active,54322.0,2025-03-19,228.91,Paid
1768,Customer_1768,Enterprise,2024-03-14,Active,50110.0,2025-03-08,48.25,Paid
1768,Customer_1768,Enterprise,2024-03-14,Active,50617.0,2025-03-06,31.46,Refunded
1768,Customer_1768,Enterprise,2024-03-14,Active,51390.0,2025-01-17,63.49,Paid
1768,Customer_1768,Enterprise,2024-03-14,Active,51975.0,2025-02-10,82.68,Paid
1768,Customer_1768,Enterprise,2024-03-14,Active,52904.0,2025-02-18,38.87,Paid
1768,Customer_1768,Enterprise,2024-03-14,Active,53305.0,2025-01-15,35.49,Paid
1768,Customer_1768,Enterprise,2024-03-14,Active,53643.0,2025-03-18,160.62,Paid
1768,Customer_1768,Enterprise,2024-03-14,Active,54761.0,2025-02-27,97.92,Paid
1768,Customer_1768,Enterprise,2024-03-14,Active,54778.0,2025-03-19,184.43,Paid
1769,Customer_1769,Retail,2024-10-19,Active,51605.0,2025-03-24,204.84,Paid
1769,Customer_1769,Retail,2024-10-19,Active,53228.0,2025-03-21,161.36,Paid
1769,Customer_1769,Retail,2024-10-19,Active,54653.0,2025-03-27,114.62,Paid
1770,Customer_1770,Enterprise,2024-05-05,Active,50397.0,2025-03-22,226.06,Paid
1770,Customer_1770,Enterprise,2024-05-05,Active,50963.0,2025-01-24,99.17,Paid
1770,Customer_1770,Enterprise,2024-05-05,Active,52532.0,2025-02-03,80.26,Paid
1770,Customer_1770,Enterprise,2024-05-05,Active,53624.0,2025-01-04,161.79,Paid
1770,Customer_1770,Enterprise,2024-05-05,Active,54456.0,2025-03-03,343.26,Paid
1771,Customer_1771,Retail,2024-04-17,Active,50480.0,2025-01-09,583.17,Refunded
1771,Customer_1771,Retail,2024-04-17,Active,51922.0,2025-03-23,61.12,Paid
1771,Customer_1771,Retail,2024-04-17,Active,53456.0,2025-03-21,131.61,Paid
1772,Customer_1772,Enterprise,2024-05-10,Active,50422.0,2025-02-06,67.39,Paid
1772,Customer_1772,Enterprise,2024-05-10,Active,51443.0,2025-01-03,102.14,Paid
1772,Customer_1772,Enterprise,2024-05-10,Active,52653.0,2025-02-10,58.07,Paid
1772,Customer_1772,Enterprise,2024-05-10,Active,52779.0,2025-02-27,105.89,Paid
1772,Customer_1772,Enterprise,2024-05-10,Active,53401.0,2025-01-11,88.89,Paid
1773,Customer_1773,Retail,2024-05-04,Active,50621.0,2025-02-17,87.61,Paid
1773,Customer_1773,Retail,2024-05-04,Active,51493.0,2025-01-05,32.68,Paid
1773,Customer_1773,Retail,2024-05-04,Active,53048.0,2025-03-05,63.06,Paid
1773,Customer_1773,Retail,2024-05-04,Active,54130.0,2025-02-16,45.56,Paid
1774,Customer_1774,Retail,2024-06-26,Active,50390.0,2025-03-09,81.45,Paid
1774,Customer_1774,Retail,2024-06-26,Active,51657.0,2025-02-24,189.41,Paid
1774,Customer_1774,Retail,2024-06-26,Active,53171.0,2025-02-23,126.97,Paid
1774,Customer_1774,Retail,2024-06-26,Active,53354.0,2025-03-21,184.28,Processing
1775,Customer_1775,SMB,2024-04-07,Dormant,50845.0,2025-02-11,415.18,Refunded
1775,Customer_1775,SMB,2024-04-07,Dormant,51177.0,2025-01-24,255.79,Paid
1775,Customer_1775,SMB,2024-04-07,Dormant,51399.0,2025-01-19,216.12,Paid
1775,Customer_1775,SMB,2024-04-07,Dormant,53816.0,2025-02-07,114.54,Paid
1775,Customer_1775,SMB,2024-04-07,Dormant,54459.0,2025-02-23,94.0,Paid
1776,Customer_1776,Retail,2024-07-18,Active,50473.0,2025-02-08,84.27,Processing
1776,Customer_1776,Retail,2024-07-18,Active,51007.0,2025-02-14,20.63,Paid
1776,Customer_1776,Retail,2024-07-18,Active,53542.0,2025-03-06,113.62,Paid
1776,Customer_1776,Retail,2024-07-18,Active,54121.0,2025-01-10,356.3,Paid
1777,Customer_1777,Retail,2024-03-01,Active,50528.0,2025-01-09,48.91,Paid
1777,Customer_1777,Retail,2024-03-01,Active,50808.0,2025-03-12,435.5,Refunded
1777,Customer_1777,Retail,2024-03-01,Active,51273.0,2025-01-27,106.66,Paid
1777,Customer_1777,Retail,2024-03-01,Active,53598.0,2025-02-16,71.71,Paid
1778,Customer_1778,SMB,2024-08-25,Active,50680.0,2025-01-17,190.27,Processing
1778,Customer_1778,SMB,2024-08-25,Active,51675.0,2025-03-11,315.77,Refunded
1778,Customer_1778,SMB,2024-08-25,Active,53975.0,2025-01-15,264.98,Paid
1778,Customer_1778,SMB,2024-08-25,Active,54493.0,2025-02-22,62.9,Paid
1778,Customer_1778,SMB,2024-08-25,Active,54902.0,2025-03-27,85.04,Paid
1779,Customer_1779,SMB,2024-04-06,Dormant,50844.0,2025-01-20,208.38,Paid
1779,Customer_1779,SMB,2024-04-06,Dormant,50995.0,2025-01-18,139.32,Paid
1779,Customer_1779,SMB,2024-04-06,Dormant,51679.0,2025-03-18,716.86,Processing
1779,Customer_1779,SMB,2024-04-06,Dormant,51970.0,2025-01-26,227.21,Paid
1779,Customer_1779,SMB,2024-04-06,Dormant,54944.0,2025-01-27,134.93,Paid
1780,Customer_1780,SMB,2024-09-22,Active,51098.0,2025-03-20,93.35,Paid
1780,Customer_1780,SMB,2024-09-22,Active,52221.0,2025-01-09,131.51,Paid
1780,Customer_1780,SMB,2024-09-22,Active,53191.0,2025-01-27,220.33,Paid
1780,Customer_1780,SMB,2024-09-22,Active,53711.0,2025-02-08,42.44,Refunded
1780,Customer_1780,SMB,2024-09-22,Active,54576.0,2025-02-19,157.02,Processing
1781,Customer_1781,SMB,2024-12-12,Active,50158.0,2025-02-15,242.59,Refunded
1781,Customer_1781,SMB,2024-12-12,Active,50689.0,2025-02-27,203.74,Paid
1781,Customer_1781,SMB,2024-12-12,Active,50769.0,2025-02-19,47.36,Paid
1781,Customer_1781,SMB,2024-12-12,Active,51481.0,2025-02-27,32.26,Refunded
1781,Customer_1781,SMB,2024-12-12,Active,52376.0,2025-01-26,515.17,Paid
1781,Customer_1781,SMB,2024-12-12,Active,53074.0,2025-03-01,416.18,Paid
1781,Customer_1781,SMB,2024-12-12,Active,53500.0,2025-02-02,168.81,Paid
1782,Customer_1782,SMB,2024-12-25,Active,50614.0,2025-03-19,76.62,Paid
1782,Customer_1782,SMB,2024-12-25,Active,51705.0,2025-01-14,26.88,Paid
1782,Customer_1782,SMB,2024-12-25,Active,53616.0,2025-01-08,165.58,Paid
1783,Customer_1783,Retail,2024-04-24,Active,50296.0,2025-01-10,292.86,Paid
1783,Customer_1783,Retail,2024-04-24,Active,51924.0,2025-01-23,37.66,Paid
1783,Customer_1783,Retail,2024-04-24,Active,52029.0,2025-02-12,148.25,Paid
1783,Customer_1783,Retail,2024-04-24,Active,52088.0,2025-02-12,113.38,Paid
1783,Customer_1783,Retail,2024-04-24,Active,52792.0,2025-02-12,272.48,Paid
1783,Customer_1783,Retail,2024-04-24,Active,53145.0,2025-01-23,281.39,Paid
1783,Customer_1783,Retail,2024-04-24,Active,53219.0,2025-02-05,324.46,Paid
1783,Customer_1783,Retail,2024-04-24,Active,53707.0,2025-03-06,85.93,Paid
1783,Customer_1783,Retail,2024-04-24,Active,54251.0,2025-02-13,256.94,Paid
1784,Customer_1784,Retail,2024-09-04,Active,50700.0,2025-01-11,170.5,Refunded
1784,Customer_1784,Retail,2024-09-04,Active,53385.0,2025-01-15,156.3,Paid
1784,Customer_1784,Retail,2024-09-04,Active,54390.0,2025-03-23,242.29,Paid
1784,Customer_1784,Retail,2024-09-04,Active,54588.0,2025-03-15,223.59,Paid
1785,Customer_1785,Retail,2024-05-24,Active,50059.0,2025-02-23,27.02,Paid
1785,Customer_1785,Retail,2024-05-24,Active,50108.0,2025-01-03,168.73,Paid
1785,Customer_1785,Retail,2024-05-24,Active,50757.0,2025-01-09,218.82,Paid
1785,Customer_1785,Retail,2024-05-24,Active,51213.0,2025-02-20,525.84,Processing
1785,Customer_1785,Retail,2024-05-24,Active,51228.0,2025-01-18,249.65,Paid
1785,Customer_1785,Retail,2024-05-24,Active,51314.0,2025-01-09,43.57,Paid
1785,Customer_1785,Retail,2024-05-24,Active,52678.0,2025-03-08,144.4,Paid
1785,Customer_1785,Retail,2024-05-24,Active,53101.0,2025-01-20,24.92,Refunded
1785,Customer_1785,Retail,2024-05-24,Active,53888.0,2025-02-09,103.12,Paid
1785,Customer_1785,Retail,2024-05-24,Active,54100.0,2025-03-17,38.02,Paid
1785,Customer_1785,Retail,2024-05-24,Active,54826.0,2025-01-15,25.2,Paid
1786,Customer_1786,Enterprise,2024-12-10,Active,52150.0,2025-02-04,258.89,Processing
1787,Customer_1787,SMB,2024-06-07,Active,50666.0,2025-02-27,24.41,Paid
1787,Customer_1787,SMB,2024-06-07,Active,50822.0,2025-03-07,69.55,Paid
1787,Customer_1787,SMB,2024-06-07,Active,53478.0,2025-01-25,119.09,Paid
1787,Customer_1787,SMB,2024-06-07,Active,53594.0,2025-02-11,76.79,Processing
1787,Customer_1787,SMB,2024-06-07,Active,54177.0,2025-02-14,107.35,Paid
1788,Customer_1788,Retail,2024-03-23,Active,50221.0,2025-03-19,26.24,Paid
1788,Customer_1788,Retail,2024-03-23,Active,53322.0,2025-02-08,49.54,Processing
1788,Customer_1788,Retail,2024-03-23,Active,53583.0,2025-03-22,551.03,Paid
1788,Customer_1788,Retail,2024-03-23,Active,53657.0,2025-01-02,438.12,Paid
1788,Customer_1788,Retail,2024-03-23,Active,54162.0,2025-02-21,233.52,Paid
1788,Customer_1788,Retail,2024-03-23,Active,54172.0,2025-02-08,25.15,Paid
1788,Customer_1788,Retail,2024-03-23,Active,54766.0,2025-02-16,151.63,Paid
1789,Customer_1789,Retail,2024-12-14,Active,50308.0,2025-03-06,91.22,Refunded
1789,Customer_1789,Retail,2024-12-14,Active,50615.0,2025-03-20,93.76,Paid
1789,Customer_1789,Retail,2024-12-14,Active,52623.0,2025-01-25,697.88,Paid
1789,Customer_1789,Retail,2024-12-14,Active,53493.0,2025-03-15,325.41,Paid
1789,Customer_1789,Retail,2024-12-14,Active,54612.0,2025-03-11,110.68,Paid
1790,Customer_1790,Enterprise,2024-08-10,Active,51510.0,2025-03-20,146.02,Paid
1790,Customer_1790,Enterprise,2024-08-10,Active,51680.0,2025-03-21,63.68,Paid
1790,Customer_1790,Enterprise,2024-08-10,Active,51795.0,2025-02-01,62.3,Paid
1790,Customer_1790,Enterprise,2024-08-10,Active,51810.0,2025-03-04,53.21,Refunded
1790,Customer_1790,Enterprise,2024-08-10,Active,52556.0,2025-02-13,260.56,Paid
1790,Customer_1790,Enterprise,2024-08-10,Active,52673.0,2025-03-23,462.92,Paid
1790,Customer_1790,Enterprise,2024-08-10,Active,53507.0,2025-03-26,183.69,Paid
1790,Customer_1790,Enterprise,2024-08-10,Active,54004.0,2025-03-14,301.33,Paid
1791,Customer_1791,Retail,2024-06-10,Active,50295.0,2025-03-20,26.63,Paid
1791,Customer_1791,Retail,2024-06-10,Active,51292.0,2025-02-20,94.45,Processing
1791,Customer_1791,Retail,2024-06-10,Active,51492.0,2025-01-17,396.88,Paid
1791,Customer_1791,Retail,2024-06-10,Active,51818.0,2025-01-23,51.01,Paid
1791,Customer_1791,Retail,2024-06-10,Active,52147.0,2025-03-24,114.68,Paid
1791,Customer_1791,Retail,2024-06-10,Active,52233.0,2025-02-06,283.15,Paid
1791,Customer_1791,Retail,2024-06-10,Active,52751.0,2025-02-02,85.66,Paid
1791,Customer_1791,Retail,2024-06-10,Active,53151.0,2025-03-02,20.85,Paid
1791,Customer_1791,Retail,2024-06-10,Active,53222.0,2025-02-07,126.29,Processing
1791,Customer_1791,Retail,2024-06-10,Active,53750.0,2025-01-01,297.22,Paid
1791,Customer_1791,Retail,2024-06-10,Active,54920.0,2025-03-02,31.29,Paid
1792,Customer_1792,SMB,2024-09-13,Active,50431.0,2025-03-19,49.82,Processing
1792,Customer_1792,SMB,2024-09-13,Active,52232.0,2025-03-27,85.35,Paid
1792,Customer_1792,SMB,2024-09-13,Active,52702.0,2025-03-23,256.24,Paid
1792,Customer_1792,SMB,2024-09-13,Active,53892.0,2025-02-17,43.26,Paid
1792,Customer_1792,SMB,2024-09-13,Active,54908.0,2025-01-16,31.31,Paid
1793,Customer_1793,SMB,2024-06-12,Dormant,51018.0,2025-02-23,74.63,Paid
1793,Customer_1793,SMB,2024-06-12,Dormant,51336.0,2025-03-20,68.04,Paid
1793,Customer_1793,SMB,2024-06-12,Dormant,51740.0,2025-01-19,421.39,Paid
1793,Customer_1793,SMB,2024-06-12,Dormant,52714.0,2025-02-04,33.18,Paid
1793,Customer_1793,SMB,2024-06-12,Dormant,52837.0,2025-03-06,30.08,Paid
1793,Customer_1793,SMB,2024-06-12,Dormant,53549.0,2025-03-19,97.07,Paid
1794,Customer_1794,SMB,2024-09-13,Active,50389.0,2025-02-10,460.03,Paid
1794,Customer_1794,SMB,2024-09-13,Active,51134.0,2025-01-01,229.87,Paid
1794,Customer_1794,SMB,2024-09-13,Active,51809.0,2025-03-01,136.18,Paid
1794,Customer_1794,SMB,2024-09-13,Active,51875.0,2025-01-12,138.82,Refunded
1794,Customer_1794,SMB,2024-09-13,Active,52356.0,2025-01-23,80.47,Processing
1794,Customer_1794,SMB,2024-09-13,Active,52954.0,2025-01-19,297.5,Paid
1794,Customer_1794,SMB,2024-09-13,Active,54150.0,2025-02-03,20.54,Paid
1794,Customer_1794,SMB,2024-09-13,Active,54909.0,2025-02-01,61.83,Refunded
1795,Customer_1795,Retail,2024-04-24,Active,50428.0,2025-02-09,106.1,Paid
1795,Customer_1795,Retail,2024-04-24,Active,51833.0,2025-01-02,196.66,Paid
1795,Customer_1795,Retail,2024-04-24,Active,53336.0,2025-01-17,105.62,Processing
1795,Customer_1795,Retail,2024-04-24,Active,53618.0,2025-03-12,22.67,Paid
1796,Customer_1796,Enterprise,2024-11-20,Active,50494.0,2025-03-06,23.76,Paid
1796,Customer_1796,Enterprise,2024-11-20,Active,51174.0,2025-02-18,22.11,Processing
1796,Customer_1796,Enterprise,2024-11-20,Active,52805.0,2025-02-09,124.42,Refunded
1796,Customer_1796,Enterprise,2024-11-20,Active,54692.0,2025-02-10,114.14,Paid
1796,Customer_1796,Enterprise,2024-11-20,Active,54995.0,2025-02-24,30.12,Paid
1797,Customer_1797,Enterprise,2024-02-26,Dormant,50886.0,2025-01-10,34.37,Paid
1797,Customer_1797,Enterprise,2024-02-26,Dormant,51001.0,2025-02-22,185.13,Paid
1797,Customer_1797,Enterprise,2024-02-26,Dormant,51586.0,2025-03-12,72.2,Processing
1797,Customer_1797,Enterprise,2024-02-26,Dormant,52771.0,2025-03-02,211.46,Paid
1797,Customer_1797,Enterprise,2024-02-26,Dormant,53564.0,2025-02-22,184.46,Paid
1797,Customer_1797,Enterprise,2024-02-26,Dormant,54701.0,2025-01-03,338.82,Paid
1798,Customer_1798,SMB,2024-11-25,Active,50398.0,2025-03-18,126.92,Paid
1798,Customer_1798,SMB,2024-11-25,Active,50693.0,2025-03-16,283.18,Paid
1798,Customer_1798,SMB,2024-11-25,Active,51670.0,2025-01-22,59.96,Paid
1798,Customer_1798,SMB,2024-11-25,Active,51831.0,2025-01-23,234.4,Paid
1798,Customer_1798,SMB,2024-11-25,Active,52761.0,2025-02-02,221.76,Paid
1798,Customer_1798,SMB,2024-11-25,Active,54151.0,2025-01-02,248.27,Paid
1798,Customer_1798,SMB,2024-11-25,Active,54965.0,2025-03-20,464.59,Paid
1799,Customer_1799,SMB,2024-05-04,Active,50429.0,2025-03-25,178.38,Paid
1799,Customer_1799,SMB,2024-05-04,Active,51396.0,2025-01-14,163.99,Paid
1799,Customer_1799,SMB,2024-05-04,Active,51956.0,2025-02-19,559.73,Paid
1799,Customer_1799,SMB,2024-05-04,Active,52301.0,2025-01-22,146.02,Paid
1799,Customer_1799,SMB,2024-05-04,Active,52336.0,2025-02-13,89.94,Processing
1799,Customer_1799,SMB,2024-05-04,Active,53614.0,2025-01-19,166.2,Paid
1800,Customer_1800,Enterprise,2024-02-01,Active,50388.0,2025-01-08,517.34,Paid
1800,Customer_1800,Enterprise,2024-02-01,Active,52016.0,2025-01-15,37.07,Paid
1800,Customer_1800,Enterprise,2024-02-01,Active,52061.0,2025-02-19,218.6,Paid
1800,Customer_1800,Enterprise,2024-02-01,Active,53030.0,2025-03-06,602.19,Paid
1800,Customer_1800,Enterprise,2024-02-01,Active,53691.0,2025-01-13,21.21,Paid
1800,Customer_1800,Enterprise,2024-02-01,Active,54362.0,2025-02-08,655.17,Processing
1801,Customer_1801,SMB,2024-11-07,Active,50594.0,2025-02-07,125.74,Paid
1801,Customer_1801,SMB,2024-11-07,Active,50731.0,2025-01-08,30.69,Paid
1801,Customer_1801,SMB,2024-11-07,Active,51124.0,2025-02-05,138.82,Paid
1801,Customer_1801,SMB,2024-11-07,Active,52659.0,2025-02-12,189.66,Paid
1802,Customer_1802,Retail,2024-06-15,Active,52169.0,2025-02-01,93.75,Refunded
1802,Customer_1802,Retail,2024-06-15,Active,52585.0,2025-01-24,27.79,Paid
1802,Customer_1802,Retail,2024-06-15,Active,54011.0,2025-02-02,326.8,Refunded
1802,Customer_1802,Retail,2024-06-15,Active,54110.0,2025-03-04,67.96,Refunded
1803,Customer_1803,SMB,2024-02-24,Active,51747.0,2025-02-19,161.17,Paid
1803,Customer_1803,SMB,2024-02-24,Active,52158.0,2025-02-25,60.98,Paid
1803,Customer_1803,SMB,2024-02-24,Active,52845.0,2025-02-12,231.18,Paid
1803,Customer_1803,SMB,2024-02-24,Active,52948.0,2025-03-03,91.73,Refunded
1803,Customer_1803,SMB,2024-02-24,Active,53852.0,2025-02-03,557.32,Paid
1803,Customer_1803,SMB,2024-02-24,Active,54115.0,2025-02-01,59.24,Paid
1803,Customer_1803,SMB,2024-02-24,Active,54534.0,2025-01-21,167.81,Paid
1804,Customer_1804,SMB,2024-11-20,Active,50088.0,2025-03-11,60.36,Paid
1804,Customer_1804,SMB,2024-11-20,Active,51155.0,2025-03-10,92.95,Paid
1804,Customer_1804,SMB,2024-11-20,Active,51923.0,2025-01-10,89.88,Paid
1804,Customer_1804,SMB,2024-11-20,Active,52911.0,2025-03-14,435.15,Paid
1804,Customer_1804,SMB,2024-11-20,Active,53043.0,2025-02-27,102.22,Paid
1804,Customer_1804,SMB,2024-11-20,Active,53337.0,2025-02-01,169.75,Paid
1804,Customer_1804,SMB,2024-11-20,Active,53383.0,2025-02-16,345.21,Processing
1804,Customer_1804,SMB,2024-11-20,Active,53936.0,2025-01-20,28.24,Processing
1804,Customer_1804,SMB,2024-11-20,Active,54290.0,2025-03-11,166.25,Paid
1804,Customer_1804,SMB,2024-11-20,Active,54366.0,2025-02-19,150.84,Paid
1804,Customer_1804,SMB,2024-11-20,Active,54682.0,2025-01-20,57.39,Paid
1805,Customer_1805,Retail,2024-08-15,Dormant,50019.0,2025-03-04,42.77,Paid
1805,Customer_1805,Retail,2024-08-15,Dormant,51122.0,2025-03-17,59.63,Paid
1805,Customer_1805,Retail,2024-08-15,Dormant,51889.0,2025-02-24,41.11,Paid
1805,Customer_1805,Retail,2024-08-15,Dormant,52438.0,2025-01-18,174.37,Processing
1805,Customer_1805,Retail,2024-08-15,Dormant,52777.0,2025-01-27,99.3,Paid
1805,Customer_1805,Retail,2024-08-15,Dormant,52898.0,2025-02-05,109.12,Paid
1806,Customer_1806,SMB,2024-07-21,Active,50246.0,2025-01-06,178.34,Paid
1806,Customer_1806,SMB,2024-07-21,Active,52375.0,2025-01-02,247.06,Processing
1806,Customer_1806,SMB,2024-07-21,Active,53238.0,2025-02-03,207.19,Paid
1806,Customer_1806,SMB,2024-07-21,Active,53271.0,2025-01-13,107.89,Paid
1806,Customer_1806,SMB,2024-07-21,Active,53731.0,2025-03-22,67.32,Paid
1807,Customer_1807,Enterprise,2024-10-26,Active,50561.0,2025-02-15,24.91,Paid
1807,Customer_1807,Enterprise,2024-10-26,Active,52927.0,2025-02-16,42.27,Paid
1807,Customer_1807,Enterprise,2024-10-26,Active,54483.0,2025-03-21,21.53,Processing
1808,Customer_1808,Enterprise,2024-12-24,Active,50740.0,2025-03-14,529.14,Paid
1808,Customer_1808,Enterprise,2024-12-24,Active,51084.0,2025-02-16,525.07,Paid
1808,Customer_1808,Enterprise,2024-12-24,Active,51287.0,2025-02-26,136.74,Paid
1808,Customer_1808,Enterprise,2024-12-24,Active,51988.0,2025-03-14,47.31,Paid
1808,Customer_1808,Enterprise,2024-12-24,Active,53692.0,2025-02-20,297.28,Paid
1808,Customer_1808,Enterprise,2024-12-24,Active,53882.0,2025-03-07,52.67,Paid
1808,Customer_1808,Enterprise,2024-12-24,Active,54377.0,2025-01-21,521.74,Paid
1809,Customer_1809,Retail,2024-09-05,Active,51081.0,2025-02-16,21.47,Paid
1809,Customer_1809,Retail,2024-09-05,Active,52035.0,2025-01-15,351.97,Paid
1809,Customer_1809,Retail,2024-09-05,Active,52484.0,2025-03-14,196.47,Paid
1809,Customer_1809,Retail,2024-09-05,Active,52555.0,2025-01-16,410.68,Paid
1809,Customer_1809,Retail,2024-09-05,Active,53327.0,2025-03-20,272.87,Paid
1809,Customer_1809,Retail,2024-09-05,Active,53987.0,2025-01-22,59.85,Paid
1810,Customer_1810,Retail,2024-10-21,Active,50023.0,2025-03-26,186.76,Paid
1810,Customer_1810,Retail,2024-10-21,Active,50861.0,2025-03-27,308.38,Paid
1810,Customer_1810,Retail,2024-10-21,Active,51299.0,2025-01-04,113.75,Refunded
1810,Customer_1810,Retail,2024-10-21,Active,52721.0,2025-03-02,84.65,Paid
1810,Customer_1810,Retail,2024-10-21,Active,53231.0,2025-03-11,251.18,Paid
1810,Customer_1810,Retail,2024-10-21,Active,53303.0,2025-01-06,96.85,Paid
1810,Customer_1810,Retail,2024-10-21,Active,53311.0,2025-03-21,44.78,Paid
1811,Customer_1811,VIP,2024-02-05,Active,51147.0,2025-01-01,245.19,Paid
1811,Customer_1811,VIP,2024-02-05,Active,51558.0,2025-03-17,293.56,Paid
1811,Customer_1811,VIP,2024-02-05,Active,52652.0,2025-02-21,40.2,Paid
1811,Customer_1811,VIP,2024-02-05,Active,52665.0,2025-01-27,351.1,Paid
1811,Customer_1811,VIP,2024-02-05,Active,53192.0,2025-02-13,360.78,Paid
1811,Customer_1811,VIP,2024-02-05,Active,54449.0,2025-02-08,96.16,Paid
1812,Customer_1812,Enterprise,2024-03-23,Active,51437.0,2025-03-25,39.89,Paid
1812,Customer_1812,Enterprise,2024-03-23,Active,52222.0,2025-02-04,21.99,Refunded
1812,Customer_1812,Enterprise,2024-03-23,Active,52234.0,2025-03-14,21.44,Paid
1813,Customer_1813,Retail,2024-10-05,Pending,50523.0,2025-02-02,138.02,Paid
1813,Customer_1813,Retail,2024-10-05,Pending,50746.0,2025-03-07,183.86,Paid
1813,Customer_1813,Retail,2024-10-05,Pending,51945.0,2025-03-01,125.81,Paid
1813,Customer_1813,Retail,2024-10-05,Pending,53458.0,2025-01-02,268.67,Processing
1813,Customer_1813,Retail,2024-10-05,Pending,53541.0,2025-01-15,94.57,Paid
1813,Customer_1813,Retail,2024-10-05,Pending,54070.0,2025-03-22,22.16,Paid
1814,Customer_1814,Enterprise,2024-08-17,Dormant,50638.0,2025-02-05,255.2,Processing
1814,Customer_1814,Enterprise,2024-08-17,Dormant,51873.0,2025-02-04,220.35,Paid
1814,Customer_1814,Enterprise,2024-08-17,Dormant,53176.0,2025-02-14,175.15,Paid
1814,Customer_1814,Enterprise,2024-08-17,Dormant,53524.0,2025-01-16,91.86,Processing
1814,Customer_1814,Enterprise,2024-08-17,Dormant,53797.0,2025-01-03,195.43,Paid
1814,Customer_1814,Enterprise,2024-08-17,Dormant,54708.0,2025-02-11,155.89,Paid
1815,Customer_1815,Enterprise,2024-03-19,Active,51689.0,2025-03-05,34.16,Paid
1815,Customer_1815,Enterprise,2024-03-19,Active,54648.0,2025-03-20,88.29,Paid
1816,Customer_1816,SMB,2024-09-21,Active,50929.0,2025-02-02,316.48,Processing
1816,Customer_1816,SMB,2024-09-21,Active,51840.0,2025-01-14,67.66,Paid
1816,Customer_1816,SMB,2024-09-21,Active,52624.0,2025-03-02,105.21,Paid
1816,Customer_1816,SMB,2024-09-21,Active,53820.0,2025-02-07,358.87,Paid
1816,Customer_1816,SMB,2024-09-21,Active,53834.0,2025-01-11,48.36,Refunded
1816,Customer_1816,SMB,2024-09-21,Active,54517.0,2025-02-04,117.56,Paid
1817,Customer_1817,SMB,2024-12-25,Dormant,50821.0,2025-03-03,72.79,Processing
1817,Customer_1817,SMB,2024-12-25,Dormant,51131.0,2025-02-03,331.99,Paid
1817,Customer_1817,SMB,2024-12-25,Dormant,53289.0,2025-01-19,144.77,Paid
1817,Customer_1817,SMB,2024-12-25,Dormant,53429.0,2025-02-13,77.83,Paid
1817,Customer_1817,SMB,2024-12-25,Dormant,54196.0,2025-02-13,74.34,Paid
1817,Customer_1817,SMB,2024-12-25,Dormant,54213.0,2025-02-09,75.3,Paid
1817,Customer_1817,SMB,2024-12-25,Dormant,54849.0,2025-02-17,52.8,Paid
1818,Customer_1818,Retail,2024-09-01,Active,50075.0,2025-01-08,124.28,Paid
1818,Customer_1818,Retail,2024-09-01,Active,51083.0,2025-03-13,277.12,Processing
1818,Customer_1818,Retail,2024-09-01,Active,51361.0,2025-02-18,212.15,Paid
1818,Customer_1818,Retail,2024-09-01,Active,51766.0,2025-01-19,129.21,Paid
1819,Customer_1819,Retail,2024-02-21,Pending,53531.0,2025-02-21,175.97,Paid
1819,Customer_1819,Retail,2024-02-21,Pending,53931.0,2025-01-05,102.11,Paid
1819,Customer_1819,Retail,2024-02-21,Pending,54862.0,2025-03-25,153.23,Paid
1819,Customer_1819,Retail,2024-02-21,Pending,54907.0,2025-02-06,26.46,Paid
1820,Customer_1820,Retail,2024-04-10,Active,50058.0,2025-02-21,129.18,Paid
1820,Customer_1820,Retail,2024-04-10,Active,51075.0,2025-01-19,32.34,Paid
1820,Customer_1820,Retail,2024-04-10,Active,52307.0,2025-03-20,105.98,Processing
1820,Customer_1820,Retail,2024-04-10,Active,53363.0,2025-03-05,408.85,Paid
1820,Customer_1820,Retail,2024-04-10,Active,54166.0,2025-02-17,177.97,Paid
1820,Customer_1820,Retail,2024-04-10,Active,54277.0,2025-01-14,69.76,Paid
1820,Customer_1820,Retail,2024-04-10,Active,54941.0,2025-02-11,183.44,Paid
1821,Customer_1821,Enterprise,2024-09-07,Active,50164.0,2025-02-23,435.81,Processing
1821,Customer_1821,Enterprise,2024-09-07,Active,51501.0,2025-03-11,125.83,Paid
1821,Customer_1821,Enterprise,2024-09-07,Active,52280.0,2025-01-02,43.17,Paid
1821,Customer_1821,Enterprise,2024-09-07,Active,54975.0,2025-03-11,249.36,Paid
1822,Customer_1822,Retail,2024-06-23,Active,50076.0,2025-03-23,159.09,Paid
1822,Customer_1822,Retail,2024-06-23,Active,50752.0,2025-01-22,80.41,Processing
1822,Customer_1822,Retail,2024-06-23,Active,51136.0,2025-02-08,138.9,Paid
1822,Customer_1822,Retail,2024-06-23,Active,51976.0,2025-01-15,75.51,Paid
1822,Customer_1822,Retail,2024-06-23,Active,53102.0,2025-01-02,228.97,Paid
1822,Customer_1822,Retail,2024-06-23,Active,53599.0,2025-03-12,79.34,Paid
1822,Customer_1822,Retail,2024-06-23,Active,53901.0,2025-02-17,72.1,Paid
1823,Customer_1823,Retail,2024-01-17,Active,54844.0,2025-03-10,45.54,Paid
1824,Customer_1824,Retail,2024-08-02,Active,51358.0,2025-02-25,293.47,Paid
1824,Customer_1824,Retail,2024-08-02,Active,52783.0,2025-01-12,150.49,Paid
1824,Customer_1824,Retail,2024-08-02,Active,52869.0,2025-02-18,79.58,Paid
1824,Customer_1824,Retail,2024-08-02,Active,53094.0,2025-03-01,40.05,Paid
1824,Customer_1824,Retail,2024-08-02,Active,54326.0,2025-01-18,33.24,Paid
1825,Customer_1825,SMB,2024-12-26,Active,50183.0,2025-03-24,143.98,Paid
1825,Customer_1825,SMB,2024-12-26,Active,50946.0,2025-03-15,169.42,Processing
1825,Customer_1825,SMB,2024-12-26,Active,51798.0,2025-02-04,86.7,Paid
1825,Customer_1825,SMB,2024-12-26,Active,51824.0,2025-02-08,25.02,Paid
1825,Customer_1825,SMB,2024-12-26,Active,52117.0,2025-02-06,33.77,Refunded
1825,Customer_1825,SMB,2024-12-26,Active,52455.0,2025-02-25,160.51,Paid
1825,Customer_1825,SMB,2024-12-26,Active,52608.0,2025-03-13,147.2,Paid
1825,Customer_1825,SMB,2024-12-26,Active,52790.0,2025-03-15,367.91,Paid
1825,Customer_1825,SMB,2024-12-26,Active,53286.0,2025-01-03,166.43,Paid
1825,Customer_1825,SMB,2024-12-26,Active,54224.0,2025-01-04,27.13,Processing
1825,Customer_1825,SMB,2024-12-26,Active,54465.0,2025-02-19,273.31,Paid
1825,Customer_1825,SMB,2024-12-26,Active,54767.0,2025-02-08,170.7,Paid
1826,Customer_1826,Enterprise,2024-11-09,Active,50645.0,2025-02-18,191.75,Paid
1826,Customer_1826,Enterprise,2024-11-09,Active,51530.0,2025-02-07,157.67,Processing
1826,Customer_1826,Enterprise,2024-11-09,Active,51563.0,2025-01-02,136.95,Paid
1826,Customer_1826,Enterprise,2024-11-09,Active,52139.0,2025-01-11,101.63,Paid
1826,Customer_1826,Enterprise,2024-11-09,Active,54193.0,2025-03-21,102.51,Paid
1827,Customer_1827,Retail,2024-07-22,Active,51221.0,2025-03-05,166.12,Paid
1827,Customer_1827,Retail,2024-07-22,Active,52402.0,2025-03-19,232.54,Paid
1827,Customer_1827,Retail,2024-07-22,Active,53570.0,2025-01-07,123.88,Paid
1827,Customer_1827,Retail,2024-07-22,Active,54175.0,2025-02-21,616.44,Paid
1827,Customer_1827,Retail,2024-07-22,Active,54388.0,2025-02-11,143.81,Processing
1827,Customer_1827,Retail,2024-07-22,Active,54810.0,2025-02-26,89.69,Refunded
1828,Customer_1828,Retail,2024-01-17,Active,50831.0,2025-02-03,135.2,Paid
1828,Customer_1828,Retail,2024-01-17,Active,51381.0,2025-03-07,255.96,Processing
1828,Customer_1828,Retail,2024-01-17,Active,52818.0,2025-01-08,90.29,Paid
1828,Customer_1828,Retail,2024-01-17,Active,53448.0,2025-01-23,89.5,Paid
1828,Customer_1828,Retail,2024-01-17,Active,54820.0,2025-02-18,32.26,Paid
1829,Customer_1829,SMB,2024-02-06,Dormant,50372.0,2025-03-15,92.35,Paid
1829,Customer_1829,SMB,2024-02-06,Dormant,53835.0,2025-02-12,216.4,Paid
1830,Customer_1830,Retail,2024-06-02,Active,50191.0,2025-01-18,28.96,Paid
1830,Customer_1830,Retail,2024-06-02,Active,50593.0,2025-01-27,129.87,Paid
1830,Customer_1830,Retail,2024-06-02,Active,51000.0,2025-03-10,550.99,Processing
1830,Customer_1830,Retail,2024-06-02,Active,51050.0,2025-03-10,92.15,Processing
1830,Customer_1830,Retail,2024-06-02,Active,51687.0,2025-02-24,162.6,Paid
1830,Customer_1830,Retail,2024-06-02,Active,52177.0,2025-03-25,269.21,Processing
1830,Customer_1830,Retail,2024-06-02,Active,54007.0,2025-02-16,26.97,Paid
1831,Customer_1831,Retail,2024-01-10,Pending,50750.0,2025-01-26,120.48,Paid
1831,Customer_1831,Retail,2024-01-10,Pending,51572.0,2025-02-02,110.0,Paid
1831,Customer_1831,Retail,2024-01-10,Pending,52990.0,2025-01-26,66.42,Paid
1831,Customer_1831,Retail,2024-01-10,Pending,53367.0,2025-01-17,83.25,Paid
1831,Customer_1831,Retail,2024-01-10,Pending,54046.0,2025-01-13,27.28,Paid
1831,Customer_1831,Retail,2024-01-10,Pending,54966.0,2025-03-04,22.08,Paid
1832,Customer_1832,Retail,2024-05-05,Active,50664.0,2025-03-17,139.78,Paid
1832,Customer_1832,Retail,2024-05-05,Active,51339.0,2025-01-21,161.07,Paid
1832,Customer_1832,Retail,2024-05-05,Active,52697.0,2025-01-24,29.06,Paid
1832,Customer_1832,Retail,2024-05-05,Active,53482.0,2025-01-16,288.95,Paid
1832,Customer_1832,Retail,2024-05-05,Active,54164.0,2025-02-11,160.88,Paid
1832,Customer_1832,Retail,2024-05-05,Active,54250.0,2025-02-03,55.03,Paid
1833,Customer_1833,Retail,2024-02-22,Active,50125.0,2025-01-18,77.93,Refunded
1833,Customer_1833,Retail,2024-02-22,Active,51531.0,2025-02-26,40.0,Paid
1833,Customer_1833,Retail,2024-02-22,Active,53120.0,2025-02-19,240.48,Paid
1833,Customer_1833,Retail,2024-02-22,Active,53163.0,2025-03-13,31.79,Paid
1833,Customer_1833,Retail,2024-02-22,Active,53821.0,2025-03-14,103.22,Paid
1833,Customer_1833,Retail,2024-02-22,Active,54925.0,2025-02-11,186.86,Paid
1834,Customer_1834,Retail,2024-09-02,Dormant,50359.0,2025-02-22,141.27,Paid
1834,Customer_1834,Retail,2024-09-02,Dormant,51383.0,2025-01-18,311.72,Paid
1834,Customer_1834,Retail,2024-09-02,Dormant,52018.0,2025-02-06,55.07,Paid
1834,Customer_1834,Retail,2024-09-02,Dormant,52159.0,2025-02-17,64.55,Paid
1834,Customer_1834,Retail,2024-09-02,Dormant,52700.0,2025-02-18,50.96,Paid
1834,Customer_1834,Retail,2024-09-02,Dormant,52892.0,2025-03-26,30.7,Paid
1834,Customer_1834,Retail,2024-09-02,Dormant,52915.0,2025-03-22,125.9,Paid
1834,Customer_1834,Retail,2024-09-02,Dormant,53155.0,2025-03-24,117.11,Paid
1834,Customer_1834,Retail,2024-09-02,Dormant,53407.0,2025-02-19,300.82,Paid
1834,Customer_1834,Retail,2024-09-02,Dormant,54101.0,2025-02-03,156.24,Paid
1834,Customer_1834,Retail,2024-09-02,Dormant,54672.0,2025-01-04,83.24,Paid
1835,Customer_1835,Retail,2024-10-02,Active,50672.0,2025-01-22,187.33,Paid
1835,Customer_1835,Retail,2024-10-02,Active,50916.0,2025-01-23,174.43,Paid
1835,Customer_1835,Retail,2024-10-02,Active,51613.0,2025-02-26,85.65,Paid
1835,Customer_1835,Retail,2024-10-02,Active,51830.0,2025-01-08,165.87,Paid
1835,Customer_1835,Retail,2024-10-02,Active,52054.0,2025-02-18,201.48,Paid
1835,Customer_1835,Retail,2024-10-02,Active,53026.0,2025-01-05,653.86,Paid
1835,Customer_1835,Retail,2024-10-02,Active,53035.0,2025-01-15,23.37,Paid
1835,Customer_1835,Retail,2024-10-02,Active,53620.0,2025-02-09,149.57,Paid
1835,Customer_1835,Retail,2024-10-02,Active,53814.0,2025-03-24,107.53,Paid
1836,Customer_1836,Retail,2024-03-07,Active,50484.0,2025-03-23,79.1,Paid
1836,Customer_1836,Retail,2024-03-07,Active,51887.0,2025-03-20,279.92,Paid
1836,Customer_1836,Retail,2024-03-07,Active,52097.0,2025-01-13,32.54,Paid
1836,Customer_1836,Retail,2024-03-07,Active,52595.0,2025-02-24,22.66,Paid
1836,Customer_1836,Retail,2024-03-07,Active,53995.0,2025-03-07,162.62,Paid
1836,Customer_1836,Retail,2024-03-07,Active,54978.0,2025-01-14,148.29,Processing
1837,Customer_1837,Enterprise,2024-06-12,Active,50177.0,2025-02-09,228.98,Paid
1837,Customer_1837,Enterprise,2024-06-12,Active,50877.0,2025-03-23,56.36,Paid
1837,Customer_1837,Enterprise,2024-06-12,Active,52093.0,2025-01-09,237.78,Paid
1837,Customer_1837,Enterprise,2024-06-12,Active,52268.0,2025-03-23,237.62,Paid
1837,Customer_1837,Enterprise,2024-06-12,Active,53635.0,2025-03-23,459.23,Paid
1837,Customer_1837,Enterprise,2024-06-12,Active,54414.0,2025-01-16,210.09,Refunded
1837,Customer_1837,Enterprise,2024-06-12,Active,54484.0,2025-02-14,198.43,Paid
1837,Customer_1837,Enterprise,2024-06-12,Active,54496.0,2025-02-10,135.86,Paid
1838,Customer_1838,Retail,2024-08-15,Active,51903.0,2025-02-10,177.36,Processing
1838,Customer_1838,Retail,2024-08-15,Active,52265.0,2025-01-15,443.89,Processing
1838,Customer_1838,Retail,2024-08-15,Active,53735.0,2025-02-18,56.72,Paid
1838,Customer_1838,Retail,2024-08-15,Active,54269.0,2025-02-27,160.95,Paid
1838,Customer_1838,Retail,2024-08-15,Active,54660.0,2025-02-04,74.06,Paid
1839,Customer_1839,SMB,2024-08-06,Active,50679.0,2025-03-21,170.54,Paid
1839,Customer_1839,SMB,2024-08-06,Active,53004.0,2025-02-17,255.61,Paid
1839,Customer_1839,SMB,2024-08-06,Active,53233.0,2025-01-26,84.69,Paid
1839,Customer_1839,SMB,2024-08-06,Active,53465.0,2025-03-12,100.58,Paid
1839,Customer_1839,SMB,2024-08-06,Active,53818.0,2025-02-04,79.44,Paid
1839,Customer_1839,SMB,2024-08-06,Active,54976.0,2025-02-07,32.46,Paid
1840,Customer_1840,SMB,2024-12-27,Dormant,51347.0,2025-01-16,31.74,Refunded
1840,Customer_1840,SMB,2024-12-27,Dormant,51764.0,2025-02-03,308.31,Paid
1840,Customer_1840,SMB,2024-12-27,Dormant,53244.0,2025-03-01,82.81,Paid
1840,Customer_1840,SMB,2024-12-27,Dormant,53714.0,2025-01-09,29.76,Paid
1840,Customer_1840,SMB,2024-12-27,Dormant,54487.0,2025-03-15,90.35,Paid
1840,Customer_1840,SMB,2024-12-27,Dormant,54931.0,2025-01-12,248.84,Paid
1841,Customer_1841,Retail,2024-10-03,Active,51199.0,2025-01-17,257.68,Paid
1841,Customer_1841,Retail,2024-10-03,Active,52019.0,2025-01-02,70.55,Paid
1841,Customer_1841,Retail,2024-10-03,Active,52579.0,2025-03-16,23.88,Paid
1841,Customer_1841,Retail,2024-10-03,Active,54608.0,2025-01-14,38.42,Paid
1842,Customer_1842,SMB,2024-03-17,Active,51460.0,2025-01-06,114.69,Paid
1842,Customer_1842,SMB,2024-03-17,Active,52512.0,2025-02-16,460.71,Paid
1842,Customer_1842,SMB,2024-03-17,Active,52549.0,2025-03-19,32.1,Paid
1842,Customer_1842,SMB,2024-03-17,Active,54239.0,2025-02-26,102.18,Paid
1842,Customer_1842,SMB,2024-03-17,Active,54539.0,2025-03-14,232.12,Paid
1843,Customer_1843,Retail,2024-07-21,Active,51243.0,2025-03-26,37.55,Paid
1843,Customer_1843,Retail,2024-07-21,Active,51294.0,2025-01-02,93.69,Refunded
1843,Customer_1843,Retail,2024-07-21,Active,51595.0,2025-01-16,173.55,Paid
1843,Customer_1843,Retail,2024-07-21,Active,52132.0,2025-01-19,494.11,Paid
1843,Customer_1843,Retail,2024-07-21,Active,52401.0,2025-03-27,227.72,Refunded
1843,Customer_1843,Retail,2024-07-21,Active,52819.0,2025-01-21,182.41,Paid
1844,Customer_1844,VIP,2024-04-26,Active,50172.0,2025-01-16,84.6,Paid
1844,Customer_1844,VIP,2024-04-26,Active,51448.0,2025-03-27,89.05,Paid
1844,Customer_1844,VIP,2024-04-26,Active,51758.0,2025-02-14,181.28,Paid
1844,Customer_1844,VIP,2024-04-26,Active,52288.0,2025-02-23,29.67,Refunded
1844,Customer_1844,VIP,2024-04-26,Active,52905.0,2025-02-19,47.36,Refunded
1844,Customer_1844,VIP,2024-04-26,Active,54258.0,2025-03-15,139.08,Paid
1844,Customer_1844,VIP,2024-04-26,Active,54574.0,2025-01-21,55.95,Processing
1845,Customer_1845,Retail,2024-04-14,Active,50730.0,2025-03-13,182.63,Paid
1845,Customer_1845,Retail,2024-04-14,Active,50823.0,2025-02-21,351.04,Paid
1845,Customer_1845,Retail,2024-04-14,Active,51002.0,2025-02-17,555.87,Paid
1845,Customer_1845,Retail,2024-04-14,Active,52968.0,2025-01-17,167.67,Paid
1845,Customer_1845,Retail,2024-04-14,Active,53159.0,2025-02-26,58.11,Paid
1845,Customer_1845,Retail,2024-04-14,Active,53343.0,2025-01-08,543.33,Processing
1845,Customer_1845,Retail,2024-04-14,Active,54206.0,2025-02-23,100.73,Paid
1845,Customer_1845,Retail,2024-04-14,Active,54642.0,2025-02-02,176.45,Paid
1846,Customer_1846,Retail,2024-04-22,Active,51479.0,2025-03-25,496.58,Paid
1846,Customer_1846,Retail,2024-04-22,Active,51663.0,2025-03-26,86.55,Paid
1846,Customer_1846,Retail,2024-04-22,Active,52278.0,2025-03-12,61.57,Paid
1846,Customer_1846,Retail,2024-04-22,Active,53501.0,2025-03-15,117.07,Paid
1846,Customer_1846,Retail,2024-04-22,Active,54042.0,2025-01-08,186.75,Paid
1846,Customer_1846,Retail,2024-04-22,Active,54058.0,2025-02-01,274.98,Paid
1846,Customer_1846,Retail,2024-04-22,Active,54521.0,2025-03-15,126.7,Paid
1846,Customer_1846,Retail,2024-04-22,Active,54698.0,2025-01-23,500.36,Paid
1847,Customer_1847,Retail,2024-08-08,Active,50207.0,2025-02-19,99.99,Paid
1847,Customer_1847,Retail,2024-08-08,Active,52062.0,2025-02-02,243.07,Paid
1847,Customer_1847,Retail,2024-08-08,Active,53070.0,2025-02-18,118.64,Refunded
1847,Customer_1847,Retail,2024-08-08,Active,53871.0,2025-02-24,149.99,Paid
1848,Customer_1848,VIP,2024-05-15,Active,52058.0,2025-02-03,307.21,Paid
1848,Customer_1848,VIP,2024-05-15,Active,52353.0,2025-03-06,59.71,Paid
1848,Customer_1848,VIP,2024-05-15,Active,52798.0,2025-02-04,51.86,Paid
1848,Customer_1848,VIP,2024-05-15,Active,53881.0,2025-02-05,76.47,Paid
1848,Customer_1848,VIP,2024-05-15,Active,54592.0,2025-03-04,383.53,Paid
1848,Customer_1848,VIP,2024-05-15,Active,54688.0,2025-03-26,543.3,Paid
1848,Customer_1848,VIP,2024-05-15,Active,54969.0,2025-02-02,201.49,Paid
1849,Customer_1849,SMB,2024-06-20,Active,50843.0,2025-01-19,425.04,Paid
1849,Customer_1849,SMB,2024-06-20,Active,51118.0,2025-02-27,256.63,Paid
1849,Customer_1849,SMB,2024-06-20,Active,51295.0,2025-01-19,43.63,Paid
1849,Customer_1849,SMB,2024-06-20,Active,51464.0,2025-02-15,330.72,Paid
1849,Customer_1849,SMB,2024-06-20,Active,51666.0,2025-03-10,50.44,Paid
1849,Customer_1849,SMB,2024-06-20,Active,52153.0,2025-01-01,198.08,Paid
1849,Customer_1849,SMB,2024-06-20,Active,52546.0,2025-03-17,200.44,Refunded
1849,Customer_1849,SMB,2024-06-20,Active,52707.0,2025-03-24,200.09,Paid
1849,Customer_1849,SMB,2024-06-20,Active,52762.0,2025-01-24,122.25,Paid
1849,Customer_1849,SMB,2024-06-20,Active,53072.0,2025-03-16,42.44,Paid
1849,Customer_1849,SMB,2024-06-20,Active,53113.0,2025-01-21,26.92,Paid
1849,Customer_1849,SMB,2024-06-20,Active,53608.0,2025-01-25,689.85,Paid
1849,Customer_1849,SMB,2024-06-20,Active,54927.0,2025-03-24,53.48,Paid
1850,Customer_1850,SMB,2024-12-14,Active,50816.0,2025-03-23,85.76,Paid
1850,Customer_1850,SMB,2024-12-14,Active,51106.0,2025-03-09,311.06,Paid
1850,Customer_1850,SMB,2024-12-14,Active,51543.0,2025-03-08,338.02,Paid
1850,Customer_1850,SMB,2024-12-14,Active,51641.0,2025-02-06,55.04,Paid
1850,Customer_1850,SMB,2024-12-14,Active,51643.0,2025-01-21,70.2,Paid
1850,Customer_1850,SMB,2024-12-14,Active,52205.0,2025-01-05,176.51,Paid
1850,Customer_1850,SMB,2024-12-14,Active,54089.0,2025-01-09,107.01,Paid
1851,Customer_1851,Retail,2024-11-09,Active,,,,
1852,Customer_1852,SMB,2024-08-26,Active,,,,
1853,Customer_1853,Retail,2024-12-26,Pending,,,,
1854,Customer_1854,Enterprise,2024-01-02,Active,,,,
1855,Customer_1855,Retail,2024-09-24,Active,,,,
1856,Customer_1856,Retail,2024-03-08,Active,,,,
1857,Customer_1857,Retail,2024-12-01,Active,,,,
1858,Customer_1858,Retail,2024-10-20,Active,,,,
1859,Customer_1859,SMB,2024-03-06,Active,,,,
1860,Customer_1860,Retail,2024-07-20,Active,,,,
1861,Customer_1861,SMB,2024-07-25,Active,,,,
1862,Customer_1862,Retail,2024-11-18,Active,,,,
1863,Customer_1863,SMB,2024-11-19,Active,,,,
1864,Customer_1864,Retail,2024-05-19,Active,,,,
1865,Customer_1865,Retail,2024-11-24,Active,,,,
1866,Customer_1866,SMB,2024-12-10,Dormant,,,,
1867,Customer_1867,Retail,2024-08-24,Pending,,,,
1868,Customer_1868,Retail,2024-12-09,Pending,,,,
1869,Customer_1869,Enterprise,2024-04-05,Pending,,,,
1870,Customer_1870,Enterprise,2024-05-08,Dormant,,,,
1871,Customer_1871,Retail,2024-07-09,Active,,,,
1872,Customer_1872,Retail,2024-08-18,Active,,,,
1873,Customer_1873,SMB,2024-10-20,Active,,,,
1874,Customer_1874,Retail,2024-06-12,Active,,,,
1875,Customer_1875,Retail,2024-02-07,Active,,,,
1876,Customer_1876,Retail,2024-03-13,Active,,,,
1877,Customer_1877,SMB,2024-03-27,Active,,,,
1878,Customer_1878,SMB,2024-02-11,Active,,,,
1879,Customer_1879,Retail,2024-08-06,Dormant,,,,
1880,Customer_1880,Retail,2024-01-01,Active,,,,
1881,Customer_1881,Retail,2024-07-08,Active,,,,
1882,Customer_1882,SMB,2024-05-16,Active,,,,
1883,Customer_1883,Retail,2024-11-05,Active,,,,
1884,Customer_1884,Retail,2024-04-06,Pending,,,,
1885,Customer_1885,SMB,2024-06-19,Active,,,,
1886,Customer_1886,Retail,2024-09-12,Active,,,,
1887,Customer_1887,SMB,2024-11-14,Active,,,,
1888,Customer_1888,Retail,2024-07-16,Active,,,,
1889,Customer_1889,Retail,2024-01-13,Active,,,,
1890,Customer_1890,Retail,2024-07-21,Active,,,,
1891,Customer_1891,SMB,2024-05-13,Active,,,,
1892,Customer_1892,Enterprise,2024-02-04,Active,,,,
1893,Customer_1893,Enterprise,2024-12-06,Active,,,,
1894,Customer_1894,Retail,2024-10-27,Dormant,,,,
1895,Customer_1895,SMB,2024-07-27,Active,,,,
1896,Customer_1896,Retail,2024-05-25,Pending,,,,
1897,Customer_1897,Retail,2024-03-01,Active,,,,
1898,Customer_1898,Enterprise,2024-04-25,Active,,,,
1899,Customer_1899,Retail,2024-04-02,Active,,,,
1900,Customer_1900,Retail,2024-10-05,Active,,,,
1901,Customer_1901,Retail,2024-03-09,Active,,,,
1902,Customer_1902,Retail,2024-04-06,Active,,,,
1903,Customer_1903,Retail,2024-02-06,Active,,,,
1904,Customer_1904,SMB,2024-03-12,Dormant,,,,
1905,Customer_1905,Retail,2024-09-11,Active,,,,
1906,Customer_1906,Enterprise,2024-02-15,Active,,,,
1907,Customer_1907,Enterprise,2024-12-12,Active,,,,
1908,Customer_1908,Retail,2024-09-21,Active,,,,
1909,Customer_1909,Retail,2024-08-02,Active,,,,
1910,Customer_1910,Retail,2024-06-03,Active,,,,
1911,Customer_1911,SMB,2024-12-26,Active,,,,
1912,Customer_1912,Retail,2024-05-24,Active,,,,
1913,Customer_1913,SMB,2024-10-01,Active,,,,
1914,Customer_1914,Retail,2024-05-03,Active,,,,
1915,Customer_1915,SMB,2024-04-02,Pending,,,,
1916,Customer_1916,Retail,2024-09-19,Pending,,,,
1917,Customer_1917,Retail,2024-02-26,Active,,,,
1918,Customer_1918,Enterprise,2024-11-25,Active,,,,
1919,Customer_1919,SMB,2024-07-16,Active,,,,
1920,Customer_1920,Retail,2024-06-17,Active,,,,
1921,Customer_1921,Enterprise,2024-05-12,Active,,,,
1922,Customer_1922,Retail,2024-11-15,Active,,,,
1923,Customer_1923,Enterprise,2024-11-03,Active,,,,
1924,Customer_1924,SMB,2024-01-20,Active,,,,
1925,Customer_1925,Retail,2024-02-02,Active,,,,
1926,Customer_1926,Retail,2024-03-08,Pending,,,,
1927,Customer_1927,Retail,2024-08-15,Active,,,,
1928,Customer_1928,SMB,2024-07-06,Active,,,,
1929,Customer_1929,SMB,2024-09-20,Dormant,,,,
1930,Customer_1930,Retail,2024-12-01,Dormant,,,,
1931,Customer_1931,Retail,2024-08-23,Active,,,,
1932,Customer_1932,Enterprise,2024-07-03,Active,,,,
1933,Customer_1933,VIP,2024-04-26,Active,,,,
1934,Customer_1934,SMB,2024-09-15,Dormant,,,,
1935,Customer_1935,Retail,2024-06-15,Pending,,,,
1936,Customer_1936,Retail,2024-05-03,Active,,,,
1937,Customer_1937,Retail,2024-09-21,Active,,,,
1938,Customer_1938,Enterprise,2024-05-14,Active,,,,
1939,Customer_1939,Retail,2024-04-14,Active,,,,
1940,Customer_1940,SMB,2024-04-12,Active,,,,
1941,Customer_1941,Retail,2024-01-07,Pending,,,,
1942,Customer_1942,SMB,2024-09-03,Active,,,,
1943,Customer_1943,SMB,2024-12-13,Pending,,,,
1944,Customer_1944,Enterprise,2024-02-19,Pending,,,,
1945,Customer_1945,Retail,2024-01-06,Active,,,,
1946,Customer_1946,Retail,2024-11-27,Active,,,,
1947,Customer_1947,Retail,2024-07-27,Active,,,,
1948,Customer_1948,Enterprise,2024-11-02,Active,,,,
1949,Customer_1949,Enterprise,2024-08-14,Active,,,,
1950,Customer_1950,SMB,2024-06-14,Active,,,,
1951,Customer_1951,SMB,2024-04-21,Active,,,,
1952,Customer_1952,SMB,2024-08-03,Active,,,,
1953,Customer_1953,Retail,2024-03-14,Active,,,,
1954,Customer_1954,Enterprise,2024-11-20,Active,,,,
1955,Customer_1955,Retail,2024-01-25,Active,,,,
1956,Customer_1956,Retail,2024-08-24,Active,,,,
1957,Customer_1957,SMB,2024-10-06,Active,,,,
1958,Customer_1958,Retail,2024-07-22,Active,,,,
1959,Customer_1959,Retail,2024-09-19,Active,,,,
1960,Customer_1960,SMB,2024-03-03,Active,,,,
1961,Customer_1961,Retail,2024-10-19,Active,,,,
1962,Customer_1962,SMB,2024-09-20,Active,,,,
1963,Customer_1963,Retail,2024-07-14,Pending,,,,
1964,Customer_1964,Retail,2024-09-27,Active,,,,
1965,Customer_1965,Retail,2024-12-23,Active,,,,
1966,Customer_1966,Retail,2024-09-19,Active,,,,
1967,Customer_1967,SMB,2024-04-14,Active,,,,
1968,Customer_1968,Retail,2024-08-06,Active,,,,
1969,Customer_1969,SMB,2024-05-04,Active,,,,
1970,Customer_1970,Retail,2024-08-17,Active,,,,
1971,Customer_1971,SMB,2024-09-01,Active,,,,
1972,Customer_1972,Enterprise,2024-08-20,Active,,,,
1973,Customer_1973,SMB,2024-09-14,Active,,,,
1974,Customer_1974,Retail,2024-11-21,Active,,,,
1975,Customer_1975,Retail,2024-03-09,Dormant,,,,
1976,Customer_1976,Retail,2024-11-14,Active,,,,
1977,Customer_1977,SMB,2024-09-04,Active,,,,
1978,Customer_1978,Retail,2024-11-04,Active,,,,
1979,Customer_1979,Retail,2024-12-08,Active,,,,
1980,Customer_1980,SMB,2024-02-09,Active,,,,
1981,Customer_1981,Retail,2024-06-09,Active,,,,
1982,Customer_1982,SMB,2024-08-23,Active,,,,
1983,Customer_1983,Retail,2024-01-16,Active,,,,
1984,Customer_1984,Retail,2024-12-03,Active,,,,
1985,Customer_1985,SMB,2024-11-14,Active,,,,
1986,Customer_1986,Retail,2024-02-21,Pending,,,,
1987,Customer_1987,SMB,2024-05-05,Active,,,,
1988,Customer_1988,Retail,2024-04-05,Active,,,,
1989,Customer_1989,Retail,2024-03-12,Active,,,,
1990,Customer_1990,Enterprise,2024-01-21,Active,,,,
1991,Customer_1991,SMB,2024-09-09,Active,,,,
1992,Customer_1992,SMB,2024-04-03,Active,,,,
1993,Customer_1993,Retail,2024-01-02,Active,,,,
1994,Customer_1994,SMB,2024-08-01,Active,,,,
1995,Customer_1995,Retail,2024-08-13,Active,,,,
1996,Customer_1996,Retail,2024-07-15,Active,,,,
1997,Customer_1997,Enterprise,2024-08-12,Pending,,,,
1998,Customer_1998,Retail,2024-06-12,Active,,,,
1999,Customer_1999,VIP,2024-09-19,Active,,,,
2000,Customer_2000,Retail,2024-10-20,Active,,,,
