customer_id,revenue,customer_type,value_segment
11861,9887.23,Enterprise VIP,High-Value Enterprise (Top 25%)
10354,142.13,Retail/SMB,Low-Value Retail (Bottom 25%)
11334,190.94,Retail/SMB,Low-Value Retail (Bottom 25%)
10906,516.72,Retail/SMB,Mid-Market SMB (Middle 50%)
11290,289.25,Retail/SMB,Low-Value Retail (Bottom 25%)
11274,334.06,Retail/SMB,Mid-Market SMB (Middle 50%)
10939,1242.78,Retail/SMB,High-Value Enterprise (Top 25%)
11732,125.03,Retail/SMB,Low-Value Retail (Bottom 25%)
10066,401.5,Retail/SMB,Mid-Market SMB (Middle 50%)
11324,695.78,Retail/SMB,High-Value Enterprise (Top 25%)
10057,285.2,Retail/SMB,Low-Value Retail (Bottom 25%)
11293,302.76,Retail/SMB,Low-Value Retail (Bottom 25%)
11119,653.69,Retail/SMB,High-Value Enterprise (Top 25%)
10585,763.58,Retail/SMB,High-Value Enterprise (Top 25%)
10375,172.6,Retail/SMB,Low-Value Retail (Bottom 25%)
10276,371.96,Retail/SMB,Mid-Market SMB (Middle 50%)
10747,411.81,Retail/SMB,Mid-Market SMB (Middle 50%)
10129,536.16,Retail/SMB,Mid-Market SMB (Middle 50%)
11647,813.94,Retail/SMB,High-Value Enterprise (Top 25%)
11853,12428.65,Enterprise VIP,High-Value Enterprise (Top 25%)
10675,276.74,Retail/SMB,Low-Value Retail (Bottom 25%)
11665,230.73,Retail/SMB,Low-Value Retail (Bottom 25%)
11982,10486.89,Enterprise VIP,High-Value Enterprise (Top 25%)
11084,271.32,Retail/SMB,Low-Value Retail (Bottom 25%)
11923,7202.96,Enterprise VIP,High-Value Enterprise (Top 25%)
10100,607.31,Retail/SMB,Mid-Market SMB (Middle 50%)
11180,219.17,Retail/SMB,Low-Value Retail (Bottom 25%)
10965,456.36,Retail/SMB,Mid-Market SMB (Middle 50%)
10793,289.23,Retail/SMB,Low-Value Retail (Bottom 25%)
10030,683.91,Retail/SMB,High-Value Enterprise (Top 25%)
10629,676.02,Retail/SMB,High-Value Enterprise (Top 25%)
10945,392.55,Retail/SMB,Mid-Market SMB (Middle 50%)
10573,366.83,Retail/SMB,Mid-Market SMB (Middle 50%)
10908,562.69,Retail/SMB,Mid-Market SMB (Middle 50%)
11081,448.16,Retail/SMB,Mid-Market SMB (Middle 50%)
10451,560.48,Retail/SMB,Mid-Market SMB (Middle 50%)
11610,112.56,Retail/SMB,Low-Value Retail (Bottom 25%)
11291,326.14,Retail/SMB,Mid-Market SMB (Middle 50%)
11079,519.45,Retail/SMB,Mid-Market SMB (Middle 50%)
10255,362.52,Retail/SMB,Mid-Market SMB (Middle 50%)
10125,691.59,Retail/SMB,High-Value Enterprise (Top 25%)
11928,9879.04,Enterprise VIP,High-Value Enterprise (Top 25%)
10252,779.96,Retail/SMB,High-Value Enterprise (Top 25%)
10586,460.43,Retail/SMB,Mid-Market SMB (Middle 50%)
11569,556.47,Retail/SMB,Mid-Market SMB (Middle 50%)
10825,507.75,Retail/SMB,Mid-Market SMB (Middle 50%)
10508,1215.47,Retail/SMB,High-Value Enterprise (Top 25%)
10890,634.12,Retail/SMB,High-Value Enterprise (Top 25%)
10071,377.61,Retail/SMB,Mid-Market SMB (Middle 50%)
11609,735.86,Retail/SMB,High-Value Enterprise (Top 25%)
11533,278.6,Retail/SMB,Low-Value Retail (Bottom 25%)
10248,442.12,Retail/SMB,Mid-Market SMB (Middle 50%)
11451,912.38,Retail/SMB,High-Value Enterprise (Top 25%)
10213,489.36,Retail/SMB,Mid-Market SMB (Middle 50%)
10910,379.49,Retail/SMB,Mid-Market SMB (Middle 50%)
11742,198.54,Retail/SMB,Low-Value Retail (Bottom 25%)
11245,354.15,Retail/SMB,Mid-Market SMB (Middle 50%)
11697,326.37,Retail/SMB,Mid-Market SMB (Middle 50%)
11183,502.14,Retail/SMB,Mid-Market SMB (Middle 50%)
10362,854.52,Retail/SMB,High-Value Enterprise (Top 25%)
11474,521.81,Retail/SMB,Mid-Market SMB (Middle 50%)
10679,643.78,Retail/SMB,High-Value Enterprise (Top 25%)
11622,534.46,Retail/SMB,Mid-Market SMB (Middle 50%)
11090,696.92,Retail/SMB,High-Value Enterprise (Top 25%)
11988,14041.9,Enterprise VIP,High-Value Enterprise (Top 25%)
11848,246.97,Retail/SMB,Low-Value Retail (Bottom 25%)
10988,395.33,Retail/SMB,Mid-Market SMB (Middle 50%)
11513,367.44,Retail/SMB,Mid-Market SMB (Middle 50%)
10112,528.03,Retail/SMB,Mid-Market SMB (Middle 50%)
11488,343.34,Retail/SMB,Mid-Market SMB (Middle 50%)
11454,195.18,Retail/SMB,Low-Value Retail (Bottom 25%)
10384,410.19,Retail/SMB,Mid-Market SMB (Middle 50%)
11396,582.01,Retail/SMB,Mid-Market SMB (Middle 50%)
11055,613.8,Retail/SMB,Mid-Market SMB (Middle 50%)
10756,122.73,Retail/SMB,Low-Value Retail (Bottom 25%)
10325,384.94,Retail/SMB,Mid-Market SMB (Middle 50%)
11624,112.81,Retail/SMB,Low-Value Retail (Bottom 25%)
10788,1062.43,Retail/SMB,High-Value Enterprise (Top 25%)
10369,332.94,Retail/SMB,Mid-Market SMB (Middle 50%)
11820,558.58,Retail/SMB,Mid-Market SMB (Middle 50%)
10070,1188.12,Retail/SMB,High-Value Enterprise (Top 25%)
10858,416.38,Retail/SMB,Mid-Market SMB (Middle 50%)
11484,234.18,Retail/SMB,Low-Value Retail (Bottom 25%)
11556,376.8,Retail/SMB,Mid-Market SMB (Middle 50%)
11692,305.15,Retail/SMB,Low-Value Retail (Bottom 25%)
11475,808.37,Retail/SMB,High-Value Enterprise (Top 25%)
11799,830.81,Retail/SMB,High-Value Enterprise (Top 25%)
10479,274.51,Retail/SMB,Low-Value Retail (Bottom 25%)
10282,486.66,Retail/SMB,Mid-Market SMB (Middle 50%)
11648,301.65,Retail/SMB,Low-Value Retail (Bottom 25%)
11557,374.94,Retail/SMB,Mid-Market SMB (Middle 50%)
11730,378.91,Retail/SMB,Mid-Market SMB (Middle 50%)
10211,413.18,Retail/SMB,Mid-Market SMB (Middle 50%)
10298,293.75,Retail/SMB,Low-Value Retail (Bottom 25%)
11885,13611.31,Enterprise VIP,High-Value Enterprise (Top 25%)
11834,251.37,Retail/SMB,Low-Value Retail (Bottom 25%)
10652,490.79,Retail/SMB,Mid-Market SMB (Middle 50%)
11234,554.81,Retail/SMB,Mid-Market SMB (Middle 50%)
11503,123.94,Retail/SMB,Low-Value Retail (Bottom 25%)
11932,13959.8,Enterprise VIP,High-Value Enterprise (Top 25%)
10917,165.62,Retail/SMB,Low-Value Retail (Bottom 25%)
10994,660.03,Retail/SMB,High-Value Enterprise (Top 25%)
10430,536.82,Retail/SMB,Mid-Market SMB (Middle 50%)
11371,412.12,Retail/SMB,Mid-Market SMB (Middle 50%)
10240,427.14,Retail/SMB,Mid-Market SMB (Middle 50%)
10880,524.64,Retail/SMB,Mid-Market SMB (Middle 50%)
10621,433.61,Retail/SMB,Mid-Market SMB (Middle 50%)
10257,866.7,Retail/SMB,High-Value Enterprise (Top 25%)
10612,718.58,Retail/SMB,High-Value Enterprise (Top 25%)
10545,396.41,Retail/SMB,Mid-Market SMB (Middle 50%)
10772,306.37,Retail/SMB,Low-Value Retail (Bottom 25%)
11420,354.07,Retail/SMB,Mid-Market SMB (Middle 50%)
11042,218.49,Retail/SMB,Low-Value Retail (Bottom 25%)
11790,587.27,Retail/SMB,Mid-Market SMB (Middle 50%)
10760,449.43,Retail/SMB,Mid-Market SMB (Middle 50%)
10383,387.22,Retail/SMB,Mid-Market SMB (Middle 50%)
11104,303.08,Retail/SMB,Low-Value Retail (Bottom 25%)
10974,586.4,Retail/SMB,Mid-Market SMB (Middle 50%)
10353,955.27,Retail/SMB,High-Value Enterprise (Top 25%)
11606,509.91,Retail/SMB,Mid-Market SMB (Middle 50%)
11826,368.6,Retail/SMB,Mid-Market SMB (Middle 50%)
11037,518.04,Retail/SMB,Mid-Market SMB (Middle 50%)
11108,537.69,Retail/SMB,Mid-Market SMB (Middle 50%)
10495,566.27,Retail/SMB,Mid-Market SMB (Middle 50%)
10394,589.66,Retail/SMB,Mid-Market SMB (Middle 50%)
11547,401.61,Retail/SMB,Mid-Market SMB (Middle 50%)
10465,254.66,Retail/SMB,Low-Value Retail (Bottom 25%)
10887,820.59,Retail/SMB,High-Value Enterprise (Top 25%)
11194,606.64,Retail/SMB,Mid-Market SMB (Middle 50%)
10367,694.9,Retail/SMB,High-Value Enterprise (Top 25%)
11894,10815.84,Enterprise VIP,High-Value Enterprise (Top 25%)
11874,11054.25,Enterprise VIP,High-Value Enterprise (Top 25%)
10745,423.1,Retail/SMB,Mid-Market SMB (Middle 50%)
10530,329.39,Retail/SMB,Mid-Market SMB (Middle 50%)
10803,276.28,Retail/SMB,Low-Value Retail (Bottom 25%)
11224,1035.85,Retail/SMB,High-Value Enterprise (Top 25%)
11979,12171.54,Enterprise VIP,High-Value Enterprise (Top 25%)
11906,9978.51,Enterprise VIP,High-Value Enterprise (Top 25%)
11700,458.81,Retail/SMB,Mid-Market SMB (Middle 50%)
11545,911.26,Retail/SMB,High-Value Enterprise (Top 25%)
11314,575.63,Retail/SMB,Mid-Market SMB (Middle 50%)
10307,597.64,Retail/SMB,Mid-Market SMB (Middle 50%)
11667,307.44,Retail/SMB,Mid-Market SMB (Middle 50%)
10863,399.8,Retail/SMB,Mid-Market SMB (Middle 50%)
11567,274.16,Retail/SMB,Low-Value Retail (Bottom 25%)
10531,459.64,Retail/SMB,Mid-Market SMB (Middle 50%)
10655,723.69,Retail/SMB,High-Value Enterprise (Top 25%)
11260,636.52,Retail/SMB,High-Value Enterprise (Top 25%)
10234,325.28,Retail/SMB,Mid-Market SMB (Middle 50%)
10121,256.31,Retail/SMB,Low-Value Retail (Bottom 25%)
11698,132.92,Retail/SMB,Low-Value Retail (Bottom 25%)
10950,339.4,Retail/SMB,Mid-Market SMB (Middle 50%)
10618,714.95,Retail/SMB,High-Value Enterprise (Top 25%)
11179,563.49,Retail/SMB,Mid-Market SMB (Middle 50%)
10308,291.74,Retail/SMB,Low-Value Retail (Bottom 25%)
10136,133.17,Retail/SMB,Low-Value Retail (Bottom 25%)
10555,460.19,Retail/SMB,Mid-Market SMB (Middle 50%)
11674,592.56,Retail/SMB,Mid-Market SMB (Middle 50%)
10584,566.85,Retail/SMB,Mid-Market SMB (Middle 50%)
11641,464.32,Retail/SMB,Mid-Market SMB (Middle 50%)
10671,785.01,Retail/SMB,High-Value Enterprise (Top 25%)
10835,374.31,Retail/SMB,Mid-Market SMB (Middle 50%)
10110,260.42,Retail/SMB,Low-Value Retail (Bottom 25%)
11165,84.18,Retail/SMB,Low-Value Retail (Bottom 25%)
11960,7500.12,Enterprise VIP,High-Value Enterprise (Top 25%)
11465,562.84,Retail/SMB,Mid-Market SMB (Middle 50%)
11729,447.58,Retail/SMB,Mid-Market SMB (Middle 50%)
11243,245.34,Retail/SMB,Low-Value Retail (Bottom 25%)
10212,358.82,Retail/SMB,Mid-Market SMB (Middle 50%)
11768,205.83,Retail/SMB,Low-Value Retail (Bottom 25%)
11121,590.58,Retail/SMB,Mid-Market SMB (Middle 50%)
10680,164.79,Retail/SMB,Low-Value Retail (Bottom 25%)
11951,9088.61,Enterprise VIP,High-Value Enterprise (Top 25%)
11839,423.5,Retail/SMB,Mid-Market SMB (Middle 50%)
10412,311.86,Retail/SMB,Mid-Market SMB (Middle 50%)
11325,323.55,Retail/SMB,Mid-Market SMB (Middle 50%)
10783,159.92,Retail/SMB,Low-Value Retail (Bottom 25%)
11346,406.86,Retail/SMB,Mid-Market SMB (Middle 50%)
10875,535.8,Retail/SMB,Mid-Market SMB (Middle 50%)
11653,377.98,Retail/SMB,Mid-Market SMB (Middle 50%)
11279,142.15,Retail/SMB,Low-Value Retail (Bottom 25%)
10786,578.05,Retail/SMB,Mid-Market SMB (Middle 50%)
11819,280.11,Retail/SMB,Low-Value Retail (Bottom 25%)
11199,576.72,Retail/SMB,Mid-Market SMB (Middle 50%)
10808,646.48,Retail/SMB,High-Value Enterprise (Top 25%)
10713,468.68,Retail/SMB,Mid-Market SMB (Middle 50%)
11991,6965.43,Enterprise VIP,High-Value Enterprise (Top 25%)
11660,246.46,Retail/SMB,Low-Value Retail (Bottom 25%)
11191,370.46,Retail/SMB,Mid-Market SMB (Middle 50%)
11226,457.52,Retail/SMB,Mid-Market SMB (Middle 50%)
10603,690.29,Retail/SMB,High-Value Enterprise (Top 25%)
10271,988.05,Retail/SMB,High-Value Enterprise (Top 25%)
11385,532.32,Retail/SMB,Mid-Market SMB (Middle 50%)
10232,938.66,Retail/SMB,High-Value Enterprise (Top 25%)
10050,497.52,Retail/SMB,Mid-Market SMB (Middle 50%)
10463,354.89,Retail/SMB,Mid-Market SMB (Middle 50%)
11106,683.59,Retail/SMB,High-Value Enterprise (Top 25%)
10856,555.83,Retail/SMB,Mid-Market SMB (Middle 50%)
10694,286.71,Retail/SMB,Low-Value Retail (Bottom 25%)
11552,268.69,Retail/SMB,Low-Value Retail (Bottom 25%)
11873,7123.85,Enterprise VIP,High-Value Enterprise (Top 25%)
10527,849.14,Retail/SMB,High-Value Enterprise (Top 25%)
10174,298.47,Retail/SMB,Low-Value Retail (Bottom 25%)
10721,454.06,Retail/SMB,Mid-Market SMB (Middle 50%)
10415,449.8,Retail/SMB,Mid-Market SMB (Middle 50%)
10238,738.6,Retail/SMB,High-Value Enterprise (Top 25%)
11473,575.53,Retail/SMB,Mid-Market SMB (Middle 50%)
11336,834.33,Retail/SMB,High-Value Enterprise (Top 25%)
11064,152.22,Retail/SMB,Low-Value Retail (Bottom 25%)
10024,460.26,Retail/SMB,Mid-Market SMB (Middle 50%)
11767,342.54,Retail/SMB,Mid-Market SMB (Middle 50%)
10064,508.81,Retail/SMB,Mid-Market SMB (Middle 50%)
10290,633.45,Retail/SMB,High-Value Enterprise (Top 25%)
10189,489.7,Retail/SMB,Mid-Market SMB (Middle 50%)
10702,386.69,Retail/SMB,Mid-Market SMB (Middle 50%)
11815,649.35,Retail/SMB,High-Value Enterprise (Top 25%)
11138,377.32,Retail/SMB,Mid-Market SMB (Middle 50%)
10355,821.71,Retail/SMB,High-Value Enterprise (Top 25%)
10417,149.35,Retail/SMB,Low-Value Retail (Bottom 25%)
11246,416.95,Retail/SMB,Mid-Market SMB (Middle 50%)
10931,337.2,Retail/SMB,Mid-Market SMB (Middle 50%)
10197,660.01,Retail/SMB,High-Value Enterprise (Top 25%)
10580,645.57,Retail/SMB,High-Value Enterprise (Top 25%)
11135,160.59,Retail/SMB,Low-Value Retail (Bottom 25%)
11814,457.52,Retail/SMB,Mid-Market SMB (Middle 50%)
11935,7500.02,Enterprise VIP,High-Value Enterprise (Top 25%)
10434,242.46,Retail/SMB,Low-Value Retail (Bottom 25%)
10101,656.63,Retail/SMB,High-Value Enterprise (Top 25%)
11655,217.95,Retail/SMB,Low-Value Retail (Bottom 25%)
10395,220.52,Retail/SMB,Low-Value Retail (Bottom 25%)
11939,9546.9,Enterprise VIP,High-Value Enterprise (Top 25%)
10221,1060.8,Retail/SMB,High-Value Enterprise (Top 25%)
11676,391.61,Retail/SMB,Mid-Market SMB (Middle 50%)
11498,624.11,Retail/SMB,Mid-Market SMB (Middle 50%)
11785,636.83,Retail/SMB,High-Value Enterprise (Top 25%)
10345,323.76,Retail/SMB,Mid-Market SMB (Middle 50%)
11028,322.79,Retail/SMB,Mid-Market SMB (Middle 50%)
10889,85.25,Retail/SMB,Low-Value Retail (Bottom 25%)
11351,399.65,Retail/SMB,Mid-Market SMB (Middle 50%)
10553,568.82,Retail/SMB,Mid-Market SMB (Middle 50%)
10744,276.45,Retail/SMB,Low-Value Retail (Bottom 25%)
11542,547.04,Retail/SMB,Mid-Market SMB (Middle 50%)
10539,102.94,Retail/SMB,Low-Value Retail (Bottom 25%)
10907,639.71,Retail/SMB,High-Value Enterprise (Top 25%)
11395,192.72,Retail/SMB,Low-Value Retail (Bottom 25%)
10116,401.84,Retail/SMB,Mid-Market SMB (Middle 50%)
10830,1248.11,Retail/SMB,High-Value Enterprise (Top 25%)
11938,11022.73,Enterprise VIP,High-Value Enterprise (Top 25%)
10809,832.56,Retail/SMB,High-Value Enterprise (Top 25%)
11311,517.44,Retail/SMB,Mid-Market SMB (Middle 50%)
11005,380.89,Retail/SMB,Mid-Market SMB (Middle 50%)
10306,438.52,Retail/SMB,Mid-Market SMB (Middle 50%)
11101,410.92,Retail/SMB,Mid-Market SMB (Middle 50%)
10480,409.78,Retail/SMB,Mid-Market SMB (Middle 50%)
11424,249.84,Retail/SMB,Low-Value Retail (Bottom 25%)
11076,583.08,Retail/SMB,Mid-Market SMB (Middle 50%)
10571,371.96,Retail/SMB,Mid-Market SMB (Middle 50%)
10619,407.22,Retail/SMB,Mid-Market SMB (Middle 50%)
11898,8845.4,Enterprise VIP,High-Value Enterprise (Top 25%)
11266,165.5,Retail/SMB,Low-Value Retail (Bottom 25%)
10079,167.06,Retail/SMB,Low-Value Retail (Bottom 25%)
11912,14195.72,Enterprise VIP,High-Value Enterprise (Top 25%)
10033,289.36,Retail/SMB,Low-Value Retail (Bottom 25%)
11538,494.01,Retail/SMB,Mid-Market SMB (Middle 50%)
11034,389.87,Retail/SMB,Mid-Market SMB (Middle 50%)
11563,404.13,Retail/SMB,Mid-Market SMB (Middle 50%)
10352,511.08,Retail/SMB,Mid-Market SMB (Middle 50%)
10164,180.65,Retail/SMB,Low-Value Retail (Bottom 25%)
10204,468.28,Retail/SMB,Mid-Market SMB (Middle 50%)
11054,389.25,Retail/SMB,Mid-Market SMB (Middle 50%)
11365,681.02,Retail/SMB,High-Value Enterprise (Top 25%)
11967,13042.37,Enterprise VIP,High-Value Enterprise (Top 25%)
10496,838.98,Retail/SMB,High-Value Enterprise (Top 25%)
11625,900.31,Retail/SMB,High-Value Enterprise (Top 25%)
11966,11062.74,Enterprise VIP,High-Value Enterprise (Top 25%)
11963,6920.27,Enterprise VIP,High-Value Enterprise (Top 25%)
10611,411.7,Retail/SMB,Mid-Market SMB (Middle 50%)
10433,184.22,Retail/SMB,Low-Value Retail (Bottom 25%)
11492,292.54,Retail/SMB,Low-Value Retail (Bottom 25%)
10219,422.32,Retail/SMB,Mid-Market SMB (Middle 50%)
11931,12921.9,Enterprise VIP,High-Value Enterprise (Top 25%)
11466,298.19,Retail/SMB,Low-Value Retail (Bottom 25%)
10631,402.09,Retail/SMB,Mid-Market SMB (Middle 50%)
11382,282.95,Retail/SMB,Low-Value Retail (Bottom 25%)
11302,472.45,Retail/SMB,Mid-Market SMB (Middle 50%)
10060,474.96,Retail/SMB,Mid-Market SMB (Middle 50%)
10299,322.07,Retail/SMB,Mid-Market SMB (Middle 50%)
11711,349.76,Retail/SMB,Mid-Market SMB (Middle 50%)
10074,597.79,Retail/SMB,Mid-Market SMB (Middle 50%)
10163,803.59,Retail/SMB,High-Value Enterprise (Top 25%)
11275,72.68,Retail/SMB,Low-Value Retail (Bottom 25%)
11594,483.0,Retail/SMB,Mid-Market SMB (Middle 50%)
11434,308.4,Retail/SMB,Mid-Market SMB (Middle 50%)
11613,290.88,Retail/SMB,Low-Value Retail (Bottom 25%)
10592,306.86,Retail/SMB,Low-Value Retail (Bottom 25%)
10317,306.31,Retail/SMB,Low-Value Retail (Bottom 25%)
10046,844.79,Retail/SMB,High-Value Enterprise (Top 25%)
11720,171.27,Retail/SMB,Low-Value Retail (Bottom 25%)
11832,633.38,Retail/SMB,High-Value Enterprise (Top 25%)
10428,135.8,Retail/SMB,Low-Value Retail (Bottom 25%)
10582,294.37,Retail/SMB,Low-Value Retail (Bottom 25%)
10077,240.3,Retail/SMB,Low-Value Retail (Bottom 25%)
11917,7585.9,Enterprise VIP,High-Value Enterprise (Top 25%)
11415,391.05,Retail/SMB,Mid-Market SMB (Middle 50%)
10781,256.16,Retail/SMB,Low-Value Retail (Bottom 25%)
11920,9958.5,Enterprise VIP,High-Value Enterprise (Top 25%)
11174,558.06,Retail/SMB,Mid-Market SMB (Middle 50%)
11320,427.74,Retail/SMB,Mid-Market SMB (Middle 50%)
10938,723.05,Retail/SMB,High-Value Enterprise (Top 25%)
10031,489.69,Retail/SMB,Mid-Market SMB (Middle 50%)
11092,325.98,Retail/SMB,Mid-Market SMB (Middle 50%)
11616,63.6,Retail/SMB,Low-Value Retail (Bottom 25%)
11230,834.23,Retail/SMB,High-Value Enterprise (Top 25%)
10975,331.38,Retail/SMB,Mid-Market SMB (Middle 50%)
11085,298.78,Retail/SMB,Low-Value Retail (Bottom 25%)
10515,534.21,Retail/SMB,Mid-Market SMB (Middle 50%)
11551,565.39,Retail/SMB,Mid-Market SMB (Middle 50%)
11568,198.15,Retail/SMB,Low-Value Retail (Bottom 25%)
11811,968.09,Retail/SMB,High-Value Enterprise (Top 25%)
11574,484.28,Retail/SMB,Mid-Market SMB (Middle 50%)
10045,409.54,Retail/SMB,Mid-Market SMB (Middle 50%)
11687,959.29,Retail/SMB,High-Value Enterprise (Top 25%)
10169,852.07,Retail/SMB,High-Value Enterprise (Top 25%)
10304,306.33,Retail/SMB,Low-Value Retail (Bottom 25%)
10991,715.27,Retail/SMB,High-Value Enterprise (Top 25%)
10556,586.29,Retail/SMB,Mid-Market SMB (Middle 50%)
11925,9656.3,Enterprise VIP,High-Value Enterprise (Top 25%)
10608,783.66,Retail/SMB,High-Value Enterprise (Top 25%)
11619,786.33,Retail/SMB,High-Value Enterprise (Top 25%)
10758,557.73,Retail/SMB,Mid-Market SMB (Middle 50%)
10439,443.52,Retail/SMB,Mid-Market SMB (Middle 50%)
10583,637.25,Retail/SMB,High-Value Enterprise (Top 25%)
11519,693.94,Retail/SMB,High-Value Enterprise (Top 25%)
10528,559.78,Retail/SMB,Mid-Market SMB (Middle 50%)
10343,261.56,Retail/SMB,Low-Value Retail (Bottom 25%)
11737,553.52,Retail/SMB,Mid-Market SMB (Middle 50%)
10368,384.47,Retail/SMB,Mid-Market SMB (Middle 50%)
10186,614.54,Retail/SMB,Mid-Market SMB (Middle 50%)
11117,297.78,Retail/SMB,Low-Value Retail (Bottom 25%)
11755,409.18,Retail/SMB,Mid-Market SMB (Middle 50%)
11426,357.58,Retail/SMB,Mid-Market SMB (Middle 50%)
10301,264.5,Retail/SMB,Low-Value Retail (Bottom 25%)
11904,9501.67,Enterprise VIP,High-Value Enterprise (Top 25%)
10833,388.41,Retail/SMB,Mid-Market SMB (Middle 50%)
10544,570.77,Retail/SMB,Mid-Market SMB (Middle 50%)
11601,465.65,Retail/SMB,Mid-Market SMB (Middle 50%)
10351,250.48,Retail/SMB,Low-Value Retail (Bottom 25%)
11933,11571.46,Enterprise VIP,High-Value Enterprise (Top 25%)
11511,560.96,Retail/SMB,Mid-Market SMB (Middle 50%)
10979,692.46,Retail/SMB,High-Value Enterprise (Top 25%)
10176,624.51,Retail/SMB,Mid-Market SMB (Middle 50%)
10483,373.33,Retail/SMB,Mid-Market SMB (Middle 50%)
11413,527.88,Retail/SMB,Mid-Market SMB (Middle 50%)
11611,304.97,Retail/SMB,Low-Value Retail (Bottom 25%)
10124,218.6,Retail/SMB,Low-Value Retail (Bottom 25%)
10600,847.96,Retail/SMB,High-Value Enterprise (Top 25%)
11795,289.35,Retail/SMB,Low-Value Retail (Bottom 25%)
11746,505.16,Retail/SMB,Mid-Market SMB (Middle 50%)
11379,271.96,Retail/SMB,Low-Value Retail (Bottom 25%)
11186,871.56,Retail/SMB,High-Value Enterprise (Top 25%)
10486,453.41,Retail/SMB,Mid-Market SMB (Middle 50%)
10332,116.94,Retail/SMB,Low-Value Retail (Bottom 25%)
10789,301.36,Retail/SMB,Low-Value Retail (Bottom 25%)
10195,414.5,Retail/SMB,Mid-Market SMB (Middle 50%)
10638,388.18,Retail/SMB,Mid-Market SMB (Middle 50%)
10472,316.71,Retail/SMB,Mid-Market SMB (Middle 50%)
11714,903.94,Retail/SMB,High-Value Enterprise (Top 25%)
10323,301.65,Retail/SMB,Low-Value Retail (Bottom 25%)
11197,587.98,Retail/SMB,Mid-Market SMB (Middle 50%)
10267,314.43,Retail/SMB,Mid-Market SMB (Middle 50%)
11544,217.49,Retail/SMB,Low-Value Retail (Bottom 25%)
11804,480.23,Retail/SMB,Mid-Market SMB (Middle 50%)
10068,411.5,Retail/SMB,Mid-Market SMB (Middle 50%)
11738,284.41,Retail/SMB,Low-Value Retail (Bottom 25%)
11593,865.78,Retail/SMB,High-Value Enterprise (Top 25%)
11564,527.28,Retail/SMB,Mid-Market SMB (Middle 50%)
10481,468.78,Retail/SMB,Mid-Market SMB (Middle 50%)
11757,518.3,Retail/SMB,Mid-Market SMB (Middle 50%)
11913,9353.51,Enterprise VIP,High-Value Enterprise (Top 25%)
11441,435.54,Retail/SMB,Mid-Market SMB (Middle 50%)
11461,98.98,Retail/SMB,Low-Value Retail (Bottom 25%)
10888,362.19,Retail/SMB,Mid-Market SMB (Middle 50%)
10423,242.09,Retail/SMB,Low-Value Retail (Bottom 25%)
11675,481.39,Retail/SMB,Mid-Market SMB (Middle 50%)
11450,479.5,Retail/SMB,Mid-Market SMB (Middle 50%)
10765,417.74,Retail/SMB,Mid-Market SMB (Middle 50%)
10520,500.29,Retail/SMB,Mid-Market SMB (Middle 50%)
11432,515.84,Retail/SMB,Mid-Market SMB (Middle 50%)
10614,57.68,Retail/SMB,Low-Value Retail (Bottom 25%)
11531,987.24,Retail/SMB,High-Value Enterprise (Top 25%)
11783,350.79,Retail/SMB,Mid-Market SMB (Middle 50%)
11659,604.68,Retail/SMB,Mid-Market SMB (Middle 50%)
10454,515.02,Retail/SMB,Mid-Market SMB (Middle 50%)
10731,586.05,Retail/SMB,Mid-Market SMB (Middle 50%)
10535,502.33,Retail/SMB,Mid-Market SMB (Middle 50%)
10966,566.74,Retail/SMB,Mid-Market SMB (Middle 50%)
11285,226.37,Retail/SMB,Low-Value Retail (Bottom 25%)
11740,873.92,Retail/SMB,High-Value Enterprise (Top 25%)
10262,398.48,Retail/SMB,Mid-Market SMB (Middle 50%)
10536,845.09,Retail/SMB,High-Value Enterprise (Top 25%)
10969,963.81,Retail/SMB,High-Value Enterprise (Top 25%)
10241,328.73,Retail/SMB,Mid-Market SMB (Middle 50%)
10820,479.95,Retail/SMB,Mid-Market SMB (Middle 50%)
10693,204.98,Retail/SMB,Low-Value Retail (Bottom 25%)
10421,272.83,Retail/SMB,Low-Value Retail (Bottom 25%)
11086,122.37,Retail/SMB,Low-Value Retail (Bottom 25%)
11999,11167.83,Enterprise VIP,High-Value Enterprise (Top 25%)
10366,429.03,Retail/SMB,Mid-Market SMB (Middle 50%)
11023,421.63,Retail/SMB,Mid-Market SMB (Middle 50%)
11241,928.82,Retail/SMB,High-Value Enterprise (Top 25%)
10589,293.62,Retail/SMB,Low-Value Retail (Bottom 25%)
10737,505.07,Retail/SMB,Mid-Market SMB (Middle 50%)
11762,284.28,Retail/SMB,Low-Value Retail (Bottom 25%)
10942,453.86,Retail/SMB,Mid-Market SMB (Middle 50%)
10072,484.38,Retail/SMB,Mid-Market SMB (Middle 50%)
11408,493.46,Retail/SMB,Mid-Market SMB (Middle 50%)
10260,405.43,Retail/SMB,Mid-Market SMB (Middle 50%)
10052,319.46,Retail/SMB,Mid-Market SMB (Middle 50%)
10199,510.96,Retail/SMB,Mid-Market SMB (Middle 50%)
11789,299.32,Retail/SMB,Low-Value Retail (Bottom 25%)
10651,403.64,Retail/SMB,Mid-Market SMB (Middle 50%)
10333,237.73,Retail/SMB,Low-Value Retail (Bottom 25%)
11360,217.87,Retail/SMB,Low-Value Retail (Bottom 25%)
10594,516.66,Retail/SMB,Mid-Market SMB (Middle 50%)
11392,1146.27,Retail/SMB,High-Value Enterprise (Top 25%)
11801,315.45,Retail/SMB,Mid-Market SMB (Middle 50%)
11315,582.71,Retail/SMB,Mid-Market SMB (Middle 50%)
11112,556.09,Retail/SMB,Mid-Market SMB (Middle 50%)
11007,889.85,Retail/SMB,High-Value Enterprise (Top 25%)
11327,684.74,Retail/SMB,High-Value Enterprise (Top 25%)
10427,662.19,Retail/SMB,High-Value Enterprise (Top 25%)
11559,380.71,Retail/SMB,Mid-Market SMB (Middle 50%)
11294,797.39,Retail/SMB,High-Value Enterprise (Top 25%)
10591,538.12,Retail/SMB,Mid-Market SMB (Middle 50%)
11958,8686.2,Enterprise VIP,High-Value Enterprise (Top 25%)
11977,14208.96,Enterprise VIP,High-Value Enterprise (Top 25%)
11133,573.14,Retail/SMB,Mid-Market SMB (Middle 50%)
10986,652.89,Retail/SMB,High-Value Enterprise (Top 25%)
10399,342.54,Retail/SMB,Mid-Market SMB (Middle 50%)
11512,236.48,Retail/SMB,Low-Value Retail (Bottom 25%)
10437,457.54,Retail/SMB,Mid-Market SMB (Middle 50%)
10193,714.13,Retail/SMB,High-Value Enterprise (Top 25%)
11436,1035.42,Retail/SMB,High-Value Enterprise (Top 25%)
10615,344.84,Retail/SMB,Mid-Market SMB (Middle 50%)
11494,454.62,Retail/SMB,Mid-Market SMB (Middle 50%)
10577,307.29,Retail/SMB,Mid-Market SMB (Middle 50%)
10987,895.33,Retail/SMB,High-Value Enterprise (Top 25%)
11433,187.81,Retail/SMB,Low-Value Retail (Bottom 25%)
10707,549.8,Retail/SMB,Mid-Market SMB (Middle 50%)
11259,123.23,Retail/SMB,Low-Value Retail (Bottom 25%)
10142,293.59,Retail/SMB,Low-Value Retail (Bottom 25%)
11358,619.01,Retail/SMB,Mid-Market SMB (Middle 50%)
10003,369.38,Retail/SMB,Mid-Market SMB (Middle 50%)
11222,401.19,Retail/SMB,Mid-Market SMB (Middle 50%)
11870,10692.3,Enterprise VIP,High-Value Enterprise (Top 25%)
11623,1927.16,Retail/SMB,High-Value Enterprise (Top 25%)
10340,566.23,Retail/SMB,Mid-Market SMB (Middle 50%)
11770,301.22,Retail/SMB,Low-Value Retail (Bottom 25%)
11537,349.97,Retail/SMB,Mid-Market SMB (Middle 50%)
10484,221.4,Retail/SMB,Low-Value Retail (Bottom 25%)
10266,654.27,Retail/SMB,High-Value Enterprise (Top 25%)
10377,945.05,Retail/SMB,High-Value Enterprise (Top 25%)
10742,489.12,Retail/SMB,Mid-Market SMB (Middle 50%)
11014,434.83,Retail/SMB,Mid-Market SMB (Middle 50%)
10440,711.45,Retail/SMB,High-Value Enterprise (Top 25%)
10272,424.62,Retail/SMB,Mid-Market SMB (Middle 50%)
10185,617.82,Retail/SMB,Mid-Market SMB (Middle 50%)
10940,459.7,Retail/SMB,Mid-Market SMB (Middle 50%)
10245,168.98,Retail/SMB,Low-Value Retail (Bottom 25%)
10932,245.53,Retail/SMB,Low-Value Retail (Bottom 25%)
10446,563.38,Retail/SMB,Mid-Market SMB (Middle 50%)
10597,364.85,Retail/SMB,Mid-Market SMB (Middle 50%)
10818,305.24,Retail/SMB,Low-Value Retail (Bottom 25%)
11273,634.92,Retail/SMB,High-Value Enterprise (Top 25%)
11677,437.22,Retail/SMB,Mid-Market SMB (Middle 50%)
10487,530.52,Retail/SMB,Mid-Market SMB (Middle 50%)
10681,241.48,Retail/SMB,Low-Value Retail (Bottom 25%)
10416,485.85,Retail/SMB,Mid-Market SMB (Middle 50%)
10274,464.15,Retail/SMB,Mid-Market SMB (Middle 50%)
11472,557.44,Retail/SMB,Mid-Market SMB (Middle 50%)
11830,468.14,Retail/SMB,Mid-Market SMB (Middle 50%)
11455,375.51,Retail/SMB,Mid-Market SMB (Middle 50%)
10251,569.51,Retail/SMB,Mid-Market SMB (Middle 50%)
10414,441.8,Retail/SMB,Mid-Market SMB (Middle 50%)
11386,525.44,Retail/SMB,Mid-Market SMB (Middle 50%)
11308,513.06,Retail/SMB,Mid-Market SMB (Middle 50%)
10716,501.58,Retail/SMB,Mid-Market SMB (Middle 50%)
10311,427.38,Retail/SMB,Mid-Market SMB (Middle 50%)
10927,625.39,Retail/SMB,Mid-Market SMB (Middle 50%)
10382,460.54,Retail/SMB,Mid-Market SMB (Middle 50%)
11566,232.81,Retail/SMB,Low-Value Retail (Bottom 25%)
10426,473.8,Retail/SMB,Mid-Market SMB (Middle 50%)
11875,10716.62,Enterprise VIP,High-Value Enterprise (Top 25%)
10533,285.52,Retail/SMB,Low-Value Retail (Bottom 25%)
10753,429.23,Retail/SMB,Mid-Market SMB (Middle 50%)
10766,652.67,Retail/SMB,High-Value Enterprise (Top 25%)
11357,197.71,Retail/SMB,Low-Value Retail (Bottom 25%)
10409,559.3,Retail/SMB,Mid-Market SMB (Middle 50%)
11615,109.6,Retail/SMB,Low-Value Retail (Bottom 25%)
10695,357.61,Retail/SMB,Mid-Market SMB (Middle 50%)
11739,626.16,Retail/SMB,Mid-Market SMB (Middle 50%)
10549,203.97,Retail/SMB,Low-Value Retail (Bottom 25%)
10937,514.7,Retail/SMB,Mid-Market SMB (Middle 50%)
11390,425.2,Retail/SMB,Mid-Market SMB (Middle 50%)
11608,541.13,Retail/SMB,Mid-Market SMB (Middle 50%)
11940,9028.05,Enterprise VIP,High-Value Enterprise (Top 25%)
11482,891.57,Retail/SMB,High-Value Enterprise (Top 25%)
10183,544.24,Retail/SMB,Mid-Market SMB (Middle 50%)
11941,7298.56,Enterprise VIP,High-Value Enterprise (Top 25%)
11161,475.31,Retail/SMB,Mid-Market SMB (Middle 50%)
10171,385.72,Retail/SMB,Mid-Market SMB (Middle 50%)
10293,233.5,Retail/SMB,Low-Value Retail (Bottom 25%)
10562,130.97,Retail/SMB,Low-Value Retail (Bottom 25%)
11457,403.77,Retail/SMB,Mid-Market SMB (Middle 50%)
11877,11481.48,Enterprise VIP,High-Value Enterprise (Top 25%)
11652,568.24,Retail/SMB,Mid-Market SMB (Middle 50%)
10850,746.32,Retail/SMB,High-Value Enterprise (Top 25%)
10273,285.58,Retail/SMB,Low-Value Retail (Bottom 25%)
11550,563.62,Retail/SMB,Mid-Market SMB (Middle 50%)
11035,433.61,Retail/SMB,Mid-Market SMB (Middle 50%)
11744,216.01,Retail/SMB,Low-Value Retail (Bottom 25%)
10372,198.95,Retail/SMB,Low-Value Retail (Bottom 25%)
11670,641.81,Retail/SMB,High-Value Enterprise (Top 25%)
10722,183.35,Retail/SMB,Low-Value Retail (Bottom 25%)
10734,193.65,Retail/SMB,Low-Value Retail (Bottom 25%)
10778,725.87,Retail/SMB,High-Value Enterprise (Top 25%)
10519,449.0,Retail/SMB,Mid-Market SMB (Middle 50%)
10335,883.32,Retail/SMB,High-Value Enterprise (Top 25%)
10846,337.94,Retail/SMB,Mid-Market SMB (Middle 50%)
11252,366.86,Retail/SMB,Mid-Market SMB (Middle 50%)
11053,366.28,Retail/SMB,Mid-Market SMB (Middle 50%)
11924,13491.28,Enterprise VIP,High-Value Enterprise (Top 25%)
10016,441.07,Retail/SMB,Mid-Market SMB (Middle 50%)
10708,866.62,Retail/SMB,High-Value Enterprise (Top 25%)
10901,236.6,Retail/SMB,Low-Value Retail (Bottom 25%)
11980,6590.11,Enterprise VIP,High-Value Enterprise (Top 25%)
11573,345.37,Retail/SMB,Mid-Market SMB (Middle 50%)
10904,343.99,Retail/SMB,Mid-Market SMB (Middle 50%)
10466,805.46,Retail/SMB,High-Value Enterprise (Top 25%)
11978,7710.58,Enterprise VIP,High-Value Enterprise (Top 25%)
10200,308.59,Retail/SMB,Mid-Market SMB (Middle 50%)
11207,161.34,Retail/SMB,Low-Value Retail (Bottom 25%)
11056,759.45,Retail/SMB,High-Value Enterprise (Top 25%)
11132,464.0,Retail/SMB,Mid-Market SMB (Middle 50%)
11380,287.1,Retail/SMB,Low-Value Retail (Bottom 25%)
10999,781.58,Retail/SMB,High-Value Enterprise (Top 25%)
10728,447.89,Retail/SMB,Mid-Market SMB (Middle 50%)
11772,217.03,Retail/SMB,Low-Value Retail (Bottom 25%)
11910,7246.36,Enterprise VIP,High-Value Enterprise (Top 25%)
11822,500.03,Retail/SMB,Mid-Market SMB (Middle 50%)
10568,407.06,Retail/SMB,Mid-Market SMB (Middle 50%)
10044,294.68,Retail/SMB,Low-Value Retail (Bottom 25%)
10275,393.72,Retail/SMB,Mid-Market SMB (Middle 50%)
11097,339.42,Retail/SMB,Mid-Market SMB (Middle 50%)
10102,510.92,Retail/SMB,Mid-Market SMB (Middle 50%)
11232,363.05,Retail/SMB,Mid-Market SMB (Middle 50%)
11722,466.73,Retail/SMB,Mid-Market SMB (Middle 50%)
11833,589.52,Retail/SMB,Mid-Market SMB (Middle 50%)
10108,807.62,Retail/SMB,High-Value Enterprise (Top 25%)
11618,315.13,Retail/SMB,Mid-Market SMB (Middle 50%)
10498,300.15,Retail/SMB,Low-Value Retail (Bottom 25%)
11981,9579.32,Enterprise VIP,High-Value Enterprise (Top 25%)
10882,735.23,Retail/SMB,High-Value Enterprise (Top 25%)
10757,209.53,Retail/SMB,Low-Value Retail (Bottom 25%)
10620,526.69,Retail/SMB,Mid-Market SMB (Middle 50%)
11107,466.26,Retail/SMB,Mid-Market SMB (Middle 50%)
11936,10168.7,Enterprise VIP,High-Value Enterprise (Top 25%)
10810,534.36,Retail/SMB,Mid-Market SMB (Middle 50%)
11038,396.53,Retail/SMB,Mid-Market SMB (Middle 50%)
10073,709.5,Retail/SMB,High-Value Enterprise (Top 25%)
11284,424.38,Retail/SMB,Mid-Market SMB (Middle 50%)
11272,414.54,Retail/SMB,Mid-Market SMB (Middle 50%)
11335,297.35,Retail/SMB,Low-Value Retail (Bottom 25%)
11459,429.53,Retail/SMB,Mid-Market SMB (Middle 50%)
10482,662.66,Retail/SMB,High-Value Enterprise (Top 25%)
11069,513.67,Retail/SMB,Mid-Market SMB (Middle 50%)
10507,466.39,Retail/SMB,Mid-Market SMB (Middle 50%)
11238,291.85,Retail/SMB,Low-Value Retail (Bottom 25%)
11862,11312.28,Enterprise VIP,High-Value Enterprise (Top 25%)
11990,14303.77,Enterprise VIP,High-Value Enterprise (Top 25%)
11477,793.51,Retail/SMB,High-Value Enterprise (Top 25%)
11867,7144.82,Enterprise VIP,High-Value Enterprise (Top 25%)
11456,269.37,Retail/SMB,Low-Value Retail (Bottom 25%)
10312,567.74,Retail/SMB,Mid-Market SMB (Middle 50%)
10963,289.22,Retail/SMB,Low-Value Retail (Bottom 25%)
10406,315.75,Retail/SMB,Mid-Market SMB (Middle 50%)
11331,343.57,Retail/SMB,Mid-Market SMB (Middle 50%)
11650,666.2,Retail/SMB,High-Value Enterprise (Top 25%)
10310,158.36,Retail/SMB,Low-Value Retail (Bottom 25%)
10227,493.87,Retail/SMB,Mid-Market SMB (Middle 50%)
11858,7788.25,Enterprise VIP,High-Value Enterprise (Top 25%)
10711,424.37,Retail/SMB,Mid-Market SMB (Middle 50%)
11944,12272.23,Enterprise VIP,High-Value Enterprise (Top 25%)
11384,469.97,Retail/SMB,Mid-Market SMB (Middle 50%)
11786,636.62,Retail/SMB,High-Value Enterprise (Top 25%)
10149,324.25,Retail/SMB,Mid-Market SMB (Middle 50%)
11555,316.86,Retail/SMB,Mid-Market SMB (Middle 50%)
11957,9504.74,Enterprise VIP,High-Value Enterprise (Top 25%)
10926,431.66,Retail/SMB,Mid-Market SMB (Middle 50%)
10943,763.65,Retail/SMB,High-Value Enterprise (Top 25%)
10837,881.04,Retail/SMB,High-Value Enterprise (Top 25%)
10576,360.27,Retail/SMB,Mid-Market SMB (Middle 50%)
10558,927.59,Retail/SMB,High-Value Enterprise (Top 25%)
11236,523.01,Retail/SMB,Mid-Market SMB (Middle 50%)
11361,221.43,Retail/SMB,Low-Value Retail (Bottom 25%)
11348,250.16,Retail/SMB,Low-Value Retail (Bottom 25%)
11162,459.52,Retail/SMB,Mid-Market SMB (Middle 50%)
11443,336.38,Retail/SMB,Mid-Market SMB (Middle 50%)
10287,294.43,Retail/SMB,Low-Value Retail (Bottom 25%)
11605,528.38,Retail/SMB,Mid-Market SMB (Middle 50%)
11058,225.85,Retail/SMB,Low-Value Retail (Bottom 25%)
10599,322.77,Retail/SMB,Mid-Market SMB (Middle 50%)
10933,513.55,Retail/SMB,Mid-Market SMB (Middle 50%)
11462,301.19,Retail/SMB,Low-Value Retail (Bottom 25%)
11638,377.15,Retail/SMB,Mid-Market SMB (Middle 50%)
11588,653.21,Retail/SMB,High-Value Enterprise (Top 25%)
11041,481.01,Retail/SMB,Mid-Market SMB (Middle 50%)
11231,182.1,Retail/SMB,Low-Value Retail (Bottom 25%)
10807,294.95,Retail/SMB,Low-Value Retail (Bottom 25%)
10905,228.51,Retail/SMB,Low-Value Retail (Bottom 25%)
11680,246.01,Retail/SMB,Low-Value Retail (Bottom 25%)
11205,454.96,Retail/SMB,Mid-Market SMB (Middle 50%)
10768,189.15,Retail/SMB,Low-Value Retail (Bottom 25%)
10610,474.87,Retail/SMB,Mid-Market SMB (Middle 50%)
11993,8555.28,Enterprise VIP,High-Value Enterprise (Top 25%)
11565,210.4,Retail/SMB,Low-Value Retail (Bottom 25%)
11423,525.84,Retail/SMB,Mid-Market SMB (Middle 50%)
11011,286.79,Retail/SMB,Low-Value Retail (Bottom 25%)
10494,310.59,Retail/SMB,Mid-Market SMB (Middle 50%)
11321,583.58,Retail/SMB,Mid-Market SMB (Middle 50%)
10278,306.49,Retail/SMB,Low-Value Retail (Bottom 25%)
11847,883.3,Retail/SMB,High-Value Enterprise (Top 25%)
10359,590.76,Retail/SMB,Mid-Market SMB (Middle 50%)
11111,385.83,Retail/SMB,Mid-Market SMB (Middle 50%)
10237,393.27,Retail/SMB,Mid-Market SMB (Middle 50%)
10552,521.68,Retail/SMB,Mid-Market SMB (Middle 50%)
11868,10177.5,Enterprise VIP,High-Value Enterprise (Top 25%)
11813,203.52,Retail/SMB,Low-Value Retail (Bottom 25%)
10209,626.75,Retail/SMB,Mid-Market SMB (Middle 50%)
11387,527.98,Retail/SMB,Mid-Market SMB (Middle 50%)
11561,365.08,Retail/SMB,Mid-Market SMB (Middle 50%)
10059,483.11,Retail/SMB,Mid-Market SMB (Middle 50%)
10632,409.25,Retail/SMB,Mid-Market SMB (Middle 50%)
11962,11136.87,Enterprise VIP,High-Value Enterprise (Top 25%)
11860,8589.72,Enterprise VIP,High-Value Enterprise (Top 25%)
11817,684.38,Retail/SMB,High-Value Enterprise (Top 25%)
10364,240.43,Retail/SMB,Low-Value Retail (Bottom 25%)
10506,316.66,Retail/SMB,Mid-Market SMB (Middle 50%)
11166,389.26,Retail/SMB,Mid-Market SMB (Middle 50%)
11122,536.45,Retail/SMB,Mid-Market SMB (Middle 50%)
11630,334.9,Retail/SMB,Mid-Market SMB (Middle 50%)
11217,531.95,Retail/SMB,Mid-Market SMB (Middle 50%)
11152,336.17,Retail/SMB,Mid-Market SMB (Middle 50%)
11125,496.17,Retail/SMB,Mid-Market SMB (Middle 50%)
11595,171.02,Retail/SMB,Low-Value Retail (Bottom 25%)
10119,464.18,Retail/SMB,Mid-Market SMB (Middle 50%)
11250,476.07,Retail/SMB,Mid-Market SMB (Middle 50%)
11994,7342.4,Enterprise VIP,High-Value Enterprise (Top 25%)
10523,427.02,Retail/SMB,Mid-Market SMB (Middle 50%)
10514,616.46,Retail/SMB,Mid-Market SMB (Middle 50%)
10082,839.8,Retail/SMB,High-Value Enterprise (Top 25%)
10916,358.21,Retail/SMB,Mid-Market SMB (Middle 50%)
11019,441.97,Retail/SMB,Mid-Market SMB (Middle 50%)
10381,429.78,Retail/SMB,Mid-Market SMB (Middle 50%)
11030,861.05,Retail/SMB,High-Value Enterprise (Top 25%)
11689,167.45,Retail/SMB,Low-Value Retail (Bottom 25%)
10085,614.55,Retail/SMB,Mid-Market SMB (Middle 50%)
11678,828.51,Retail/SMB,High-Value Enterprise (Top 25%)
10330,630.5,Retail/SMB,Mid-Market SMB (Middle 50%)
10007,325.23,Retail/SMB,Mid-Market SMB (Middle 50%)
10746,415.17,Retail/SMB,Mid-Market SMB (Middle 50%)
11554,616.42,Retail/SMB,Mid-Market SMB (Middle 50%)
10915,865.34,Retail/SMB,High-Value Enterprise (Top 25%)
10874,162.04,Retail/SMB,Low-Value Retail (Bottom 25%)
10452,620.17,Retail/SMB,Mid-Market SMB (Middle 50%)
10491,723.55,Retail/SMB,High-Value Enterprise (Top 25%)
11481,523.26,Retail/SMB,Mid-Market SMB (Middle 50%)
10288,227.18,Retail/SMB,Low-Value Retail (Bottom 25%)
10949,544.15,Retail/SMB,Mid-Market SMB (Middle 50%)
11986,10200.32,Enterprise VIP,High-Value Enterprise (Top 25%)
11369,703.93,Retail/SMB,High-Value Enterprise (Top 25%)
11147,526.52,Retail/SMB,Mid-Market SMB (Middle 50%)
10706,870.33,Retail/SMB,High-Value Enterprise (Top 25%)
11727,545.75,Retail/SMB,Mid-Market SMB (Middle 50%)
11702,80.62,Retail/SMB,Low-Value Retail (Bottom 25%)
11629,490.97,Retail/SMB,Mid-Market SMB (Middle 50%)
11600,223.89,Retail/SMB,Low-Value Retail (Bottom 25%)
11539,841.23,Retail/SMB,High-Value Enterprise (Top 25%)
11406,360.53,Retail/SMB,Mid-Market SMB (Middle 50%)
11651,325.77,Retail/SMB,Mid-Market SMB (Middle 50%)
10328,506.48,Retail/SMB,Mid-Market SMB (Middle 50%)
10443,916.74,Retail/SMB,High-Value Enterprise (Top 25%)
10775,505.85,Retail/SMB,Mid-Market SMB (Middle 50%)
11088,1029.85,Retail/SMB,High-Value Enterprise (Top 25%)
11221,663.53,Retail/SMB,High-Value Enterprise (Top 25%)
11636,438.25,Retail/SMB,Mid-Market SMB (Middle 50%)
10178,485.73,Retail/SMB,Mid-Market SMB (Middle 50%)
11323,106.78,Retail/SMB,Low-Value Retail (Bottom 25%)
10705,268.8,Retail/SMB,Low-Value Retail (Bottom 25%)
10087,160.6,Retail/SMB,Low-Value Retail (Bottom 25%)
11884,11283.89,Enterprise VIP,High-Value Enterprise (Top 25%)
11948,11133.19,Enterprise VIP,High-Value Enterprise (Top 25%)
10458,408.76,Retail/SMB,Mid-Market SMB (Middle 50%)
11829,979.21,Retail/SMB,High-Value Enterprise (Top 25%)
10055,438.03,Retail/SMB,Mid-Market SMB (Middle 50%)
11502,237.66,Retail/SMB,Low-Value Retail (Bottom 25%)
10644,531.32,Retail/SMB,Mid-Market SMB (Middle 50%)
10678,224.07,Retail/SMB,Low-Value Retail (Bottom 25%)
10222,274.59,Retail/SMB,Low-Value Retail (Bottom 25%)
10114,587.62,Retail/SMB,Mid-Market SMB (Middle 50%)
10983,356.04,Retail/SMB,Mid-Market SMB (Middle 50%)
11229,101.86,Retail/SMB,Low-Value Retail (Bottom 25%)
11000,861.07,Retail/SMB,High-Value Enterprise (Top 25%)
10175,304.16,Retail/SMB,Low-Value Retail (Bottom 25%)
10782,188.53,Retail/SMB,Low-Value Retail (Bottom 25%)
10590,322.65,Retail/SMB,Mid-Market SMB (Middle 50%)
11560,167.3,Retail/SMB,Low-Value Retail (Bottom 25%)
10019,414.24,Retail/SMB,Mid-Market SMB (Middle 50%)
10424,675.69,Retail/SMB,High-Value Enterprise (Top 25%)
11344,474.78,Retail/SMB,Mid-Market SMB (Middle 50%)
10286,182.31,Retail/SMB,Low-Value Retail (Bottom 25%)
11584,360.69,Retail/SMB,Mid-Market SMB (Middle 50%)
10429,200.3,Retail/SMB,Low-Value Retail (Bottom 25%)
11510,599.1,Retail/SMB,Mid-Market SMB (Middle 50%)
11319,532.56,Retail/SMB,Mid-Market SMB (Middle 50%)
10670,156.38,Retail/SMB,Low-Value Retail (Bottom 25%)
10032,340.63,Retail/SMB,Mid-Market SMB (Middle 50%)
10941,346.58,Retail/SMB,Mid-Market SMB (Middle 50%)
10723,279.73,Retail/SMB,Low-Value Retail (Bottom 25%)
10995,532.67,Retail/SMB,Mid-Market SMB (Middle 50%)
10215,394.45,Retail/SMB,Mid-Market SMB (Middle 50%)
10814,123.59,Retail/SMB,Low-Value Retail (Bottom 25%)
10327,335.69,Retail/SMB,Mid-Market SMB (Middle 50%)
10561,329.43,Retail/SMB,Mid-Market SMB (Middle 50%)
11113,413.14,Retail/SMB,Mid-Market SMB (Middle 50%)
10701,426.46,Retail/SMB,Mid-Market SMB (Middle 50%)
11579,392.82,Retail/SMB,Mid-Market SMB (Middle 50%)
11190,238.59,Retail/SMB,Low-Value Retail (Bottom 25%)
10342,327.05,Retail/SMB,Mid-Market SMB (Middle 50%)
10630,469.83,Retail/SMB,Mid-Market SMB (Middle 50%)
10148,629.0,Retail/SMB,Mid-Market SMB (Middle 50%)
11310,224.55,Retail/SMB,Low-Value Retail (Bottom 25%)
10361,525.31,Retail/SMB,Mid-Market SMB (Middle 50%)
10084,352.45,Retail/SMB,Mid-Market SMB (Middle 50%)
10049,372.22,Retail/SMB,Mid-Market SMB (Middle 50%)
10469,635.69,Retail/SMB,High-Value Enterprise (Top 25%)
10156,284.28,Retail/SMB,Low-Value Retail (Bottom 25%)
10773,73.55,Retail/SMB,Low-Value Retail (Bottom 25%)
11240,421.17,Retail/SMB,Mid-Market SMB (Middle 50%)
11201,439.08,Retail/SMB,Mid-Market SMB (Middle 50%)
11403,321.0,Retail/SMB,Mid-Market SMB (Middle 50%)
11203,453.03,Retail/SMB,Mid-Market SMB (Middle 50%)
11631,220.38,Retail/SMB,Low-Value Retail (Bottom 25%)
10501,492.14,Retail/SMB,Mid-Market SMB (Middle 50%)
11765,254.35,Retail/SMB,Low-Value Retail (Bottom 25%)
10180,309.2,Retail/SMB,Mid-Market SMB (Middle 50%)
11048,658.38,Retail/SMB,High-Value Enterprise (Top 25%)
11756,425.92,Retail/SMB,Mid-Market SMB (Middle 50%)
10951,250.44,Retail/SMB,Low-Value Retail (Bottom 25%)
11317,170.87,Retail/SMB,Low-Value Retail (Bottom 25%)
11620,447.78,Retail/SMB,Mid-Market SMB (Middle 50%)
10529,457.94,Retail/SMB,Mid-Market SMB (Middle 50%)
10347,318.0,Retail/SMB,Mid-Market SMB (Middle 50%)
11388,205.8,Retail/SMB,Low-Value Retail (Bottom 25%)
11961,9803.22,Enterprise VIP,High-Value Enterprise (Top 25%)
11051,644.02,Retail/SMB,High-Value Enterprise (Top 25%)
11973,8528.55,Enterprise VIP,High-Value Enterprise (Top 25%)
11442,254.55,Retail/SMB,Low-Value Retail (Bottom 25%)
10602,680.96,Retail/SMB,High-Value Enterprise (Top 25%)
11282,322.05,Retail/SMB,Mid-Market SMB (Middle 50%)
10244,536.01,Retail/SMB,Mid-Market SMB (Middle 50%)
11337,313.46,Retail/SMB,Mid-Market SMB (Middle 50%)
11068,267.86,Retail/SMB,Low-Value Retail (Bottom 25%)
11476,435.13,Retail/SMB,Mid-Market SMB (Middle 50%)
10313,154.61,Retail/SMB,Low-Value Retail (Bottom 25%)
10436,530.73,Retail/SMB,Mid-Market SMB (Middle 50%)
11899,6725.97,Enterprise VIP,High-Value Enterprise (Top 25%)
11329,730.6,Retail/SMB,High-Value Enterprise (Top 25%)
10309,550.21,Retail/SMB,Mid-Market SMB (Middle 50%)
10431,281.32,Retail/SMB,Low-Value Retail (Bottom 25%)
10661,854.97,Retail/SMB,High-Value Enterprise (Top 25%)
10371,155.34,Retail/SMB,Low-Value Retail (Bottom 25%)
10567,243.77,Retail/SMB,Low-Value Retail (Bottom 25%)
10980,499.95,Retail/SMB,Mid-Market SMB (Middle 50%)
10182,442.48,Retail/SMB,Mid-Market SMB (Middle 50%)
11363,545.35,Retail/SMB,Mid-Market SMB (Middle 50%)
10622,199.85,Retail/SMB,Low-Value Retail (Bottom 25%)
10819,382.64,Retail/SMB,Mid-Market SMB (Middle 50%)
11193,1166.67,Retail/SMB,High-Value Enterprise (Top 25%)
10953,830.16,Retail/SMB,High-Value Enterprise (Top 25%)
11422,559.51,Retail/SMB,Mid-Market SMB (Middle 50%)
11841,824.17,Retail/SMB,High-Value Enterprise (Top 25%)
10923,180.36,Retail/SMB,Low-Value Retail (Bottom 25%)
11074,364.58,Retail/SMB,Mid-Market SMB (Middle 50%)
10297,548.27,Retail/SMB,Mid-Market SMB (Middle 50%)
10967,699.53,Retail/SMB,High-Value Enterprise (Top 25%)
10462,331.56,Retail/SMB,Mid-Market SMB (Middle 50%)
11303,559.48,Retail/SMB,Mid-Market SMB (Middle 50%)
11177,328.15,Retail/SMB,Mid-Market SMB (Middle 50%)
10378,704.6,Retail/SMB,High-Value Enterprise (Top 25%)
10799,541.6,Retail/SMB,Mid-Market SMB (Middle 50%)
11103,746.11,Retail/SMB,High-Value Enterprise (Top 25%)
10106,493.73,Retail/SMB,Mid-Market SMB (Middle 50%)
10127,536.16,Retail/SMB,Mid-Market SMB (Middle 50%)
11996,11532.09,Enterprise VIP,High-Value Enterprise (Top 25%)
10839,725.89,Retail/SMB,High-Value Enterprise (Top 25%)
10356,479.35,Retail/SMB,Mid-Market SMB (Middle 50%)
11617,319.82,Retail/SMB,Mid-Market SMB (Middle 50%)
10683,439.85,Retail/SMB,Mid-Market SMB (Middle 50%)
10813,232.41,Retail/SMB,Low-Value Retail (Bottom 25%)
11681,433.75,Retail/SMB,Mid-Market SMB (Middle 50%)
10210,384.08,Retail/SMB,Mid-Market SMB (Middle 50%)
11493,625.88,Retail/SMB,Mid-Market SMB (Middle 50%)
10141,426.84,Retail/SMB,Mid-Market SMB (Middle 50%)
11975,7278.27,Enterprise VIP,High-Value Enterprise (Top 25%)
11340,311.27,Retail/SMB,Mid-Market SMB (Middle 50%)
11798,880.1,Retail/SMB,High-Value Enterprise (Top 25%)
11575,495.78,Retail/SMB,Mid-Market SMB (Middle 50%)
11182,228.55,Retail/SMB,Low-Value Retail (Bottom 25%)
11394,589.63,Retail/SMB,Mid-Market SMB (Middle 50%)
11816,153.84,Retail/SMB,Low-Value Retail (Bottom 25%)
10712,274.16,Retail/SMB,Low-Value Retail (Bottom 25%)
11794,245.95,Retail/SMB,Low-Value Retail (Bottom 25%)
10893,165.7,Retail/SMB,Low-Value Retail (Bottom 25%)
10860,654.32,Retail/SMB,High-Value Enterprise (Top 25%)
10011,237.04,Retail/SMB,Low-Value Retail (Bottom 25%)
11695,58.61,Retail/SMB,Low-Value Retail (Bottom 25%)
11428,643.82,Retail/SMB,High-Value Enterprise (Top 25%)
10283,390.55,Retail/SMB,Mid-Market SMB (Middle 50%)
10811,344.38,Retail/SMB,Mid-Market SMB (Middle 50%)
11342,805.96,Retail/SMB,High-Value Enterprise (Top 25%)
10292,259.78,Retail/SMB,Low-Value Retail (Bottom 25%)
10755,430.92,Retail/SMB,Mid-Market SMB (Middle 50%)
10627,352.53,Retail/SMB,Mid-Market SMB (Middle 50%)
10944,763.49,Retail/SMB,High-Value Enterprise (Top 25%)
10862,377.35,Retail/SMB,Mid-Market SMB (Middle 50%)
10130,1884.23,Retail/SMB,High-Value Enterprise (Top 25%)
11176,208.05,Retail/SMB,Low-Value Retail (Bottom 25%)
10324,435.73,Retail/SMB,Mid-Market SMB (Middle 50%)
11091,985.65,Retail/SMB,High-Value Enterprise (Top 25%)
10844,331.02,Retail/SMB,Mid-Market SMB (Middle 50%)
10964,535.88,Retail/SMB,Mid-Market SMB (Middle 50%)
11865,7288.13,Enterprise VIP,High-Value Enterprise (Top 25%)
10866,946.93,Retail/SMB,High-Value Enterprise (Top 25%)
10922,441.59,Retail/SMB,Mid-Market SMB (Middle 50%)
10696,741.69,Retail/SMB,High-Value Enterprise (Top 25%)
10216,508.24,Retail/SMB,Mid-Market SMB (Middle 50%)
11781,536.31,Retail/SMB,Mid-Market SMB (Middle 50%)
11262,245.71,Retail/SMB,Low-Value Retail (Bottom 25%)
10159,38.15,Retail/SMB,Low-Value Retail (Bottom 25%)
11059,335.89,Retail/SMB,Mid-Market SMB (Middle 50%)
10989,382.3,Retail/SMB,Mid-Market SMB (Middle 50%)
10842,570.27,Retail/SMB,Mid-Market SMB (Middle 50%)
10635,643.22,Retail/SMB,High-Value Enterprise (Top 25%)
10517,570.38,Retail/SMB,Mid-Market SMB (Middle 50%)
11429,283.96,Retail/SMB,Low-Value Retail (Bottom 25%)
11748,681.43,Retail/SMB,High-Value Enterprise (Top 25%)
10598,153.84,Retail/SMB,Low-Value Retail (Bottom 25%)
10196,254.26,Retail/SMB,Low-Value Retail (Bottom 25%)
11784,211.26,Retail/SMB,Low-Value Retail (Bottom 25%)
10870,837.54,Retail/SMB,High-Value Enterprise (Top 25%)
10411,890.34,Retail/SMB,High-Value Enterprise (Top 25%)
10097,951.22,Retail/SMB,High-Value Enterprise (Top 25%)
11001,762.8,Retail/SMB,High-Value Enterprise (Top 25%)
11506,578.37,Retail/SMB,Mid-Market SMB (Middle 50%)
10157,518.5,Retail/SMB,Mid-Market SMB (Middle 50%)
10420,312.76,Retail/SMB,Mid-Market SMB (Middle 50%)
11803,599.29,Retail/SMB,Mid-Market SMB (Middle 50%)
10478,238.3,Retail/SMB,Low-Value Retail (Bottom 25%)
11856,12238.53,Enterprise VIP,High-Value Enterprise (Top 25%)
10669,186.33,Retail/SMB,Low-Value Retail (Bottom 25%)
11418,261.31,Retail/SMB,Low-Value Retail (Bottom 25%)
11872,6727.16,Enterprise VIP,High-Value Enterprise (Top 25%)
11300,172.61,Retail/SMB,Low-Value Retail (Bottom 25%)
10448,401.51,Retail/SMB,Mid-Market SMB (Middle 50%)
10554,767.32,Retail/SMB,High-Value Enterprise (Top 25%)
10179,264.81,Retail/SMB,Low-Value Retail (Bottom 25%)
10391,272.91,Retail/SMB,Low-Value Retail (Bottom 25%)
10579,789.9,Retail/SMB,High-Value Enterprise (Top 25%)
11478,791.2,Retail/SMB,High-Value Enterprise (Top 25%)
11707,374.79,Retail/SMB,Mid-Market SMB (Middle 50%)
11288,217.79,Retail/SMB,Low-Value Retail (Bottom 25%)
11645,654.31,Retail/SMB,High-Value Enterprise (Top 25%)
11024,284.16,Retail/SMB,Low-Value Retail (Bottom 25%)
10821,530.15,Retail/SMB,Mid-Market SMB (Middle 50%)
11825,283.53,Retail/SMB,Low-Value Retail (Bottom 25%)
10985,229.13,Retail/SMB,Low-Value Retail (Bottom 25%)
11339,384.9,Retail/SMB,Mid-Market SMB (Middle 50%)
10665,871.33,Retail/SMB,High-Value Enterprise (Top 25%)
10143,118.13,Retail/SMB,Low-Value Retail (Bottom 25%)
11517,767.25,Retail/SMB,High-Value Enterprise (Top 25%)
11430,203.05,Retail/SMB,Low-Value Retail (Bottom 25%)
10865,235.39,Retail/SMB,Low-Value Retail (Bottom 25%)
10422,460.03,Retail/SMB,Mid-Market SMB (Middle 50%)
10637,1035.39,Retail/SMB,High-Value Enterprise (Top 25%)
11407,608.21,Retail/SMB,Mid-Market SMB (Middle 50%)
10800,722.54,Retail/SMB,High-Value Enterprise (Top 25%)
11404,804.36,Retail/SMB,High-Value Enterprise (Top 25%)
10616,221.83,Retail/SMB,Low-Value Retail (Bottom 25%)
10295,646.01,Retail/SMB,High-Value Enterprise (Top 25%)
10924,953.99,Retail/SMB,High-Value Enterprise (Top 25%)
11269,378.25,Retail/SMB,Mid-Market SMB (Middle 50%)
11903,11791.66,Enterprise VIP,High-Value Enterprise (Top 25%)
10089,474.69,Retail/SMB,Mid-Market SMB (Middle 50%)
10042,775.98,Retail/SMB,High-Value Enterprise (Top 25%)
11802,231.65,Retail/SMB,Low-Value Retail (Bottom 25%)
11934,14074.92,Enterprise VIP,High-Value Enterprise (Top 25%)
10132,571.08,Retail/SMB,Mid-Market SMB (Middle 50%)
11002,433.3,Retail/SMB,Mid-Market SMB (Middle 50%)
11158,258.88,Retail/SMB,Low-Value Retail (Bottom 25%)
11095,524.37,Retail/SMB,Mid-Market SMB (Middle 50%)
11855,10353.25,Enterprise VIP,High-Value Enterprise (Top 25%)
11345,494.35,Retail/SMB,Mid-Market SMB (Middle 50%)
11499,206.48,Retail/SMB,Low-Value Retail (Bottom 25%)
10165,241.62,Retail/SMB,Low-Value Retail (Bottom 25%)
10725,225.66,Retail/SMB,Low-Value Retail (Bottom 25%)
10291,433.72,Retail/SMB,Mid-Market SMB (Middle 50%)
11209,395.58,Retail/SMB,Mid-Market SMB (Middle 50%)
11589,344.09,Retail/SMB,Mid-Market SMB (Middle 50%)
11897,6431.69,Enterprise VIP,High-Value Enterprise (Top 25%)
11642,629.95,Retail/SMB,Mid-Market SMB (Middle 50%)
11362,251.18,Retail/SMB,Low-Value Retail (Bottom 25%)
10779,384.37,Retail/SMB,Mid-Market SMB (Middle 50%)
10840,300.66,Retail/SMB,Low-Value Retail (Bottom 25%)
10349,242.03,Retail/SMB,Low-Value Retail (Bottom 25%)
11945,7969.91,Enterprise VIP,High-Value Enterprise (Top 25%)
10572,422.83,Retail/SMB,Mid-Market SMB (Middle 50%)
10918,633.86,Retail/SMB,High-Value Enterprise (Top 25%)
10977,561.71,Retail/SMB,Mid-Market SMB (Middle 50%)
11914,6768.18,Enterprise VIP,High-Value Enterprise (Top 25%)
11469,750.17,Retail/SMB,High-Value Enterprise (Top 25%)
11592,965.39,Retail/SMB,High-Value Enterprise (Top 25%)
11318,345.86,Retail/SMB,Mid-Market SMB (Middle 50%)
11845,750.82,Retail/SMB,High-Value Enterprise (Top 25%)
10137,324.79,Retail/SMB,Mid-Market SMB (Middle 50%)
10459,579.0,Retail/SMB,Mid-Market SMB (Middle 50%)
10376,405.69,Retail/SMB,Mid-Market SMB (Middle 50%)
11343,335.4,Retail/SMB,Mid-Market SMB (Middle 50%)
10334,421.02,Retail/SMB,Mid-Market SMB (Middle 50%)
11160,266.34,Retail/SMB,Low-Value Retail (Bottom 25%)
11761,301.85,Retail/SMB,Low-Value Retail (Bottom 25%)
11458,408.08,Retail/SMB,Mid-Market SMB (Middle 50%)
10817,627.53,Retail/SMB,Mid-Market SMB (Middle 50%)
11115,273.7,Retail/SMB,Low-Value Retail (Bottom 25%)
11006,426.41,Retail/SMB,Mid-Market SMB (Middle 50%)
11857,11329.2,Enterprise VIP,High-Value Enterprise (Top 25%)
11955,10892.68,Enterprise VIP,High-Value Enterprise (Top 25%)
11851,11937.05,Enterprise VIP,High-Value Enterprise (Top 25%)
10911,781.98,Retail/SMB,High-Value Enterprise (Top 25%)
11930,6763.34,Enterprise VIP,High-Value Enterprise (Top 25%)
11126,687.76,Retail/SMB,High-Value Enterprise (Top 25%)
10329,334.02,Retail/SMB,Mid-Market SMB (Middle 50%)
11248,558.91,Retail/SMB,Mid-Market SMB (Middle 50%)
10319,803.68,Retail/SMB,High-Value Enterprise (Top 25%)
11690,397.55,Retail/SMB,Mid-Market SMB (Middle 50%)
11359,613.96,Retail/SMB,Mid-Market SMB (Middle 50%)
11733,448.3,Retail/SMB,Mid-Market SMB (Middle 50%)
10168,340.59,Retail/SMB,Mid-Market SMB (Middle 50%)
10013,811.62,Retail/SMB,High-Value Enterprise (Top 25%)
11927,11660.9,Enterprise VIP,High-Value Enterprise (Top 25%)
10172,554.75,Retail/SMB,Mid-Market SMB (Middle 50%)
10650,218.13,Retail/SMB,Low-Value Retail (Bottom 25%)
11062,761.34,Retail/SMB,High-Value Enterprise (Top 25%)
10261,114.3,Retail/SMB,Low-Value Retail (Bottom 25%)
11367,169.33,Retail/SMB,Low-Value Retail (Bottom 25%)
11549,220.3,Retail/SMB,Low-Value Retail (Bottom 25%)
10902,430.32,Retail/SMB,Mid-Market SMB (Middle 50%)
10673,599.67,Retail/SMB,Mid-Market SMB (Middle 50%)
10259,150.07,Retail/SMB,Low-Value Retail (Bottom 25%)
10845,901.11,Retail/SMB,High-Value Enterprise (Top 25%)
10868,244.89,Retail/SMB,Low-Value Retail (Bottom 25%)
11800,155.15,Retail/SMB,Low-Value Retail (Bottom 25%)
10139,283.03,Retail/SMB,Low-Value Retail (Bottom 25%)
10894,314.64,Retail/SMB,Mid-Market SMB (Middle 50%)
11838,259.72,Retail/SMB,Low-Value Retail (Bottom 25%)
10550,804.4,Retail/SMB,High-Value Enterprise (Top 25%)
10320,551.87,Retail/SMB,Mid-Market SMB (Middle 50%)
11527,564.34,Retail/SMB,Mid-Market SMB (Middle 50%)
11806,262.02,Retail/SMB,Low-Value Retail (Bottom 25%)
11178,807.27,Retail/SMB,High-Value Enterprise (Top 25%)
10559,444.86,Retail/SMB,Mid-Market SMB (Middle 50%)
10140,578.49,Retail/SMB,Mid-Market SMB (Middle 50%)
11735,512.58,Retail/SMB,Mid-Market SMB (Middle 50%)
10532,445.94,Retail/SMB,Mid-Market SMB (Middle 50%)
10225,109.32,Retail/SMB,Low-Value Retail (Bottom 25%)
10724,738.07,Retail/SMB,High-Value Enterprise (Top 25%)
10787,321.93,Retail/SMB,Mid-Market SMB (Middle 50%)
11718,397.6,Retail/SMB,Mid-Market SMB (Middle 50%)
11008,278.6,Retail/SMB,Low-Value Retail (Bottom 25%)
10410,113.01,Retail/SMB,Low-Value Retail (Bottom 25%)
10326,492.88,Retail/SMB,Mid-Market SMB (Middle 50%)
11766,54.43,Retail/SMB,Low-Value Retail (Bottom 25%)
10300,427.47,Retail/SMB,Mid-Market SMB (Middle 50%)
11263,336.58,Retail/SMB,Mid-Market SMB (Middle 50%)
11946,6739.76,Enterprise VIP,High-Value Enterprise (Top 25%)
10026,454.51,Retail/SMB,Mid-Market SMB (Middle 50%)
11859,6470.62,Enterprise VIP,High-Value Enterprise (Top 25%)
10715,121.02,Retail/SMB,Low-Value Retail (Bottom 25%)
11010,332.5,Retail/SMB,Mid-Market SMB (Middle 50%)
10194,608.56,Retail/SMB,Mid-Market SMB (Middle 50%)
10441,285.02,Retail/SMB,Low-Value Retail (Bottom 25%)
10574,288.52,Retail/SMB,Low-Value Retail (Bottom 25%)
10947,412.27,Retail/SMB,Mid-Market SMB (Middle 50%)
10998,535.2,Retail/SMB,Mid-Market SMB (Middle 50%)
10504,410.11,Retail/SMB,Mid-Market SMB (Middle 50%)
10606,164.12,Retail/SMB,Low-Value Retail (Bottom 25%)
11717,338.67,Retail/SMB,Mid-Market SMB (Middle 50%)
11164,395.58,Retail/SMB,Mid-Market SMB (Middle 50%)
11787,937.99,Retail/SMB,High-Value Enterprise (Top 25%)
10847,182.78,Retail/SMB,Low-Value Retail (Bottom 25%)
10004,369.38,Retail/SMB,Mid-Market SMB (Middle 50%)
11287,578.43,Retail/SMB,Mid-Market SMB (Middle 50%)
11223,263.85,Retail/SMB,Low-Value Retail (Bottom 25%)
10468,476.35,Retail/SMB,Mid-Market SMB (Middle 50%)
10322,500.88,Retail/SMB,Mid-Market SMB (Middle 50%)
10006,601.98,Retail/SMB,Mid-Market SMB (Middle 50%)
10223,1075.34,Retail/SMB,High-Value Enterprise (Top 25%)
11375,909.15,Retail/SMB,High-Value Enterprise (Top 25%)
10548,496.32,Retail/SMB,Mid-Market SMB (Middle 50%)
10229,254.08,Retail/SMB,Low-Value Retail (Bottom 25%)
10040,378.94,Retail/SMB,Mid-Market SMB (Middle 50%)
10543,630.88,Retail/SMB,Mid-Market SMB (Middle 50%)
10243,443.14,Retail/SMB,Mid-Market SMB (Middle 50%)
10899,279.88,Retail/SMB,Low-Value Retail (Bottom 25%)
11134,649.25,Retail/SMB,High-Value Enterprise (Top 25%)
11449,222.9,Retail/SMB,Low-Value Retail (Bottom 25%)
11869,11054.06,Enterprise VIP,High-Value Enterprise (Top 25%)
10843,255.75,Retail/SMB,Low-Value Retail (Bottom 25%)
11419,500.0,Retail/SMB,Mid-Market SMB (Middle 50%)
11654,489.68,Retail/SMB,Mid-Market SMB (Middle 50%)
11970,11418.6,Enterprise VIP,High-Value Enterprise (Top 25%)
10662,262.0,Retail/SMB,Low-Value Retail (Bottom 25%)
11211,421.54,Retail/SMB,Mid-Market SMB (Middle 50%)
10315,427.23,Retail/SMB,Mid-Market SMB (Middle 50%)
10692,291.7,Retail/SMB,Low-Value Retail (Bottom 25%)
11504,495.75,Retail/SMB,Mid-Market SMB (Middle 50%)
10425,525.59,Retail/SMB,Mid-Market SMB (Middle 50%)
10595,425.21,Retail/SMB,Mid-Market SMB (Middle 50%)
11964,13952.14,Enterprise VIP,High-Value Enterprise (Top 25%)
10623,166.38,Retail/SMB,Low-Value Retail (Bottom 25%)
11171,561.82,Retail/SMB,Mid-Market SMB (Middle 50%)
11044,390.42,Retail/SMB,Mid-Market SMB (Middle 50%)
10228,955.04,Retail/SMB,High-Value Enterprise (Top 25%)
11118,628.07,Retail/SMB,Mid-Market SMB (Middle 50%)
11332,448.26,Retail/SMB,Mid-Market SMB (Middle 50%)
11316,624.37,Retail/SMB,Mid-Market SMB (Middle 50%)
10067,128.13,Retail/SMB,Low-Value Retail (Bottom 25%)
10025,594.16,Retail/SMB,Mid-Market SMB (Middle 50%)
10145,270.57,Retail/SMB,Low-Value Retail (Bottom 25%)
10537,403.31,Retail/SMB,Mid-Market SMB (Middle 50%)
10812,263.21,Retail/SMB,Low-Value Retail (Bottom 25%)
11467,379.17,Retail/SMB,Mid-Market SMB (Middle 50%)
10086,206.7,Retail/SMB,Low-Value Retail (Bottom 25%)
11661,908.36,Retail/SMB,High-Value Enterprise (Top 25%)
11646,631.88,Retail/SMB,Mid-Market SMB (Middle 50%)
11805,240.69,Retail/SMB,Low-Value Retail (Bottom 25%)
11818,517.88,Retail/SMB,Mid-Market SMB (Middle 50%)
11577,400.23,Retail/SMB,Mid-Market SMB (Middle 50%)
11145,463.17,Retail/SMB,Mid-Market SMB (Middle 50%)
10363,317.79,Retail/SMB,Mid-Market SMB (Middle 50%)
11612,248.32,Retail/SMB,Low-Value Retail (Bottom 25%)
11866,14147.89,Enterprise VIP,High-Value Enterprise (Top 25%)
11027,534.58,Retail/SMB,Mid-Market SMB (Middle 50%)
11031,637.72,Retail/SMB,High-Value Enterprise (Top 25%)
11304,379.43,Retail/SMB,Mid-Market SMB (Middle 50%)
11356,362.09,Retail/SMB,Mid-Market SMB (Middle 50%)
11731,486.37,Retail/SMB,Mid-Market SMB (Middle 50%)
10666,670.05,Retail/SMB,High-Value Enterprise (Top 25%)
10365,390.98,Retail/SMB,Mid-Market SMB (Middle 50%)
10078,308.14,Retail/SMB,Mid-Market SMB (Middle 50%)
10028,356.43,Retail/SMB,Mid-Market SMB (Middle 50%)
11437,953.13,Retail/SMB,High-Value Enterprise (Top 25%)
10526,472.26,Retail/SMB,Mid-Market SMB (Middle 50%)
11835,775.72,Retail/SMB,High-Value Enterprise (Top 25%)
10056,658.14,Retail/SMB,High-Value Enterprise (Top 25%)
10639,699.08,Retail/SMB,High-Value Enterprise (Top 25%)
10303,252.69,Retail/SMB,Low-Value Retail (Bottom 25%)
10719,547.09,Retail/SMB,Mid-Market SMB (Middle 50%)
10625,347.43,Retail/SMB,Mid-Market SMB (Middle 50%)
10008,543.09,Retail/SMB,Mid-Market SMB (Middle 50%)
10804,352.33,Retail/SMB,Mid-Market SMB (Middle 50%)
11050,211.68,Retail/SMB,Low-Value Retail (Bottom 25%)
10337,101.92,Retail/SMB,Low-Value Retail (Bottom 25%)
10048,356.83,Retail/SMB,Mid-Market SMB (Middle 50%)
11764,394.06,Retail/SMB,Mid-Market SMB (Middle 50%)
10107,419.86,Retail/SMB,Mid-Market SMB (Middle 50%)
10350,599.15,Retail/SMB,Mid-Market SMB (Middle 50%)
11080,211.65,Retail/SMB,Low-Value Retail (Bottom 25%)
10239,418.21,Retail/SMB,Mid-Market SMB (Middle 50%)
10214,265.09,Retail/SMB,Low-Value Retail (Bottom 25%)
11776,195.45,Retail/SMB,Low-Value Retail (Bottom 25%)
11139,566.92,Retail/SMB,Mid-Market SMB (Middle 50%)
10794,344.31,Retail/SMB,Mid-Market SMB (Middle 50%)
11587,893.03,Retail/SMB,High-Value Enterprise (Top 25%)
11583,506.33,Retail/SMB,Mid-Market SMB (Middle 50%)
11672,543.32,Retail/SMB,Mid-Market SMB (Middle 50%)
10524,569.54,Retail/SMB,Mid-Market SMB (Middle 50%)
10233,720.62,Retail/SMB,High-Value Enterprise (Top 25%)
10645,1162.8,Retail/SMB,High-Value Enterprise (Top 25%)
11508,492.28,Retail/SMB,Mid-Market SMB (Middle 50%)
10534,309.42,Retail/SMB,Mid-Market SMB (Middle 50%)
11942,9467.33,Enterprise VIP,High-Value Enterprise (Top 25%)
10604,408.98,Retail/SMB,Mid-Market SMB (Middle 50%)
11330,475.0,Retail/SMB,Mid-Market SMB (Middle 50%)
11075,856.39,Retail/SMB,High-Value Enterprise (Top 25%)
11305,352.71,Retail/SMB,Mid-Market SMB (Middle 50%)
10061,183.15,Retail/SMB,Low-Value Retail (Bottom 25%)
11264,580.27,Retail/SMB,Mid-Market SMB (Middle 50%)
10093,288.84,Retail/SMB,Low-Value Retail (Bottom 25%)
10667,661.92,Retail/SMB,High-Value Enterprise (Top 25%)
10281,551.73,Retail/SMB,Mid-Market SMB (Middle 50%)
11114,340.0,Retail/SMB,Mid-Market SMB (Middle 50%)
10360,270.89,Retail/SMB,Low-Value Retail (Bottom 25%)
11129,270.58,Retail/SMB,Low-Value Retail (Bottom 25%)
11170,460.37,Retail/SMB,Mid-Market SMB (Middle 50%)
10848,144.0,Retail/SMB,Low-Value Retail (Bottom 25%)
11522,346.91,Retail/SMB,Mid-Market SMB (Middle 50%)
10111,228.69,Retail/SMB,Low-Value Retail (Bottom 25%)
10043,498.6,Retail/SMB,Mid-Market SMB (Middle 50%)
10126,682.93,Retail/SMB,High-Value Enterprise (Top 25%)
10205,179.17,Retail/SMB,Low-Value Retail (Bottom 25%)
10053,642.96,Retail/SMB,High-Value Enterprise (Top 25%)
10546,286.87,Retail/SMB,Low-Value Retail (Bottom 25%)
10069,430.0,Retail/SMB,Mid-Market SMB (Middle 50%)
11741,687.9,Retail/SMB,High-Value Enterprise (Top 25%)
11548,328.44,Retail/SMB,Mid-Market SMB (Middle 50%)
10184,375.66,Retail/SMB,Mid-Market SMB (Middle 50%)
10138,693.34,Retail/SMB,High-Value Enterprise (Top 25%)
10900,267.76,Retail/SMB,Low-Value Retail (Bottom 25%)
10797,243.09,Retail/SMB,Low-Value Retail (Bottom 25%)
10133,273.71,Retail/SMB,Low-Value Retail (Bottom 25%)
10081,250.89,Retail/SMB,Low-Value Retail (Bottom 25%)
11987,12888.76,Enterprise VIP,High-Value Enterprise (Top 25%)
11541,426.4,Retail/SMB,Mid-Market SMB (Middle 50%)
10542,200.2,Retail/SMB,Low-Value Retail (Bottom 25%)
11669,402.71,Retail/SMB,Mid-Market SMB (Middle 50%)
10984,231.14,Retail/SMB,Low-Value Retail (Bottom 25%)
10166,522.99,Retail/SMB,Mid-Market SMB (Middle 50%)
10249,1024.69,Retail/SMB,High-Value Enterprise (Top 25%)
10447,164.82,Retail/SMB,Low-Value Retail (Bottom 25%)
11515,800.34,Retail/SMB,High-Value Enterprise (Top 25%)
10859,582.93,Retail/SMB,Mid-Market SMB (Middle 50%)
11212,467.97,Retail/SMB,Mid-Market SMB (Middle 50%)
10098,525.89,Retail/SMB,Mid-Market SMB (Middle 50%)
11974,13962.88,Enterprise VIP,High-Value Enterprise (Top 25%)
10738,1200.85,Retail/SMB,High-Value Enterprise (Top 25%)
11256,764.83,Retail/SMB,High-Value Enterprise (Top 25%)
10103,367.18,Retail/SMB,Mid-Market SMB (Middle 50%)
10435,682.88,Retail/SMB,High-Value Enterprise (Top 25%)
10075,791.01,Retail/SMB,High-Value Enterprise (Top 25%)
11792,457.62,Retail/SMB,Mid-Market SMB (Middle 50%)
11235,161.65,Retail/SMB,Low-Value Retail (Bottom 25%)
10919,400.8,Retail/SMB,Mid-Market SMB (Middle 50%)
11712,188.55,Retail/SMB,Low-Value Retail (Bottom 25%)
11671,439.93,Retail/SMB,Mid-Market SMB (Middle 50%)
11621,108.74,Retail/SMB,Low-Value Retail (Bottom 25%)
10763,356.17,Retail/SMB,Mid-Market SMB (Middle 50%)
10990,432.13,Retail/SMB,Mid-Market SMB (Middle 50%)
10389,113.77,Retail/SMB,Low-Value Retail (Bottom 25%)
10236,775.22,Retail/SMB,High-Value Enterprise (Top 25%)
11507,356.25,Retail/SMB,Mid-Market SMB (Middle 50%)
10268,270.51,Retail/SMB,Low-Value Retail (Bottom 25%)
11188,558.57,Retail/SMB,Mid-Market SMB (Middle 50%)
10118,171.23,Retail/SMB,Low-Value Retail (Bottom 25%)
11607,355.15,Retail/SMB,Mid-Market SMB (Middle 50%)
10674,479.63,Retail/SMB,Mid-Market SMB (Middle 50%)
10250,911.21,Retail/SMB,High-Value Enterprise (Top 25%)
11453,734.19,Retail/SMB,High-Value Enterprise (Top 25%)
11995,9861.21,Enterprise VIP,High-Value Enterprise (Top 25%)
10095,482.4,Retail/SMB,Mid-Market SMB (Middle 50%)
10034,560.76,Retail/SMB,Mid-Market SMB (Middle 50%)
11464,132.25,Retail/SMB,Low-Value Retail (Bottom 25%)
11668,128.76,Retail/SMB,Low-Value Retail (Bottom 25%)
10449,563.09,Retail/SMB,Mid-Market SMB (Middle 50%)
10717,881.97,Retail/SMB,High-Value Enterprise (Top 25%)
11810,228.69,Retail/SMB,Low-Value Retail (Bottom 25%)
11518,504.64,Retail/SMB,Mid-Market SMB (Middle 50%)
10001,531.58,Retail/SMB,Mid-Market SMB (Middle 50%)
11376,784.1,Retail/SMB,High-Value Enterprise (Top 25%)
11102,142.72,Retail/SMB,Low-Value Retail (Bottom 25%)
11109,569.47,Retail/SMB,Mid-Market SMB (Middle 50%)
11227,378.07,Retail/SMB,Mid-Market SMB (Middle 50%)
10083,272.04,Retail/SMB,Low-Value Retail (Bottom 25%)
11289,147.68,Retail/SMB,Low-Value Retail (Bottom 25%)
10677,240.58,Retail/SMB,Low-Value Retail (Bottom 25%)
11921,9164.31,Enterprise VIP,High-Value Enterprise (Top 25%)
11047,234.88,Retail/SMB,Low-Value Retail (Bottom 25%)
10771,599.74,Retail/SMB,Mid-Market SMB (Middle 50%)
11947,10782.28,Enterprise VIP,High-Value Enterprise (Top 25%)
11281,495.28,Retail/SMB,Mid-Market SMB (Middle 50%)
11581,939.06,Retail/SMB,High-Value Enterprise (Top 25%)
11489,184.35,Retail/SMB,Low-Value Retail (Bottom 25%)
10405,204.02,Retail/SMB,Low-Value Retail (Bottom 25%)
11728,727.09,Retail/SMB,High-Value Enterprise (Top 25%)
11299,570.84,Retail/SMB,Mid-Market SMB (Middle 50%)
11341,701.84,Retail/SMB,High-Value Enterprise (Top 25%)
10105,400.96,Retail/SMB,Mid-Market SMB (Middle 50%)
10689,443.58,Retail/SMB,Mid-Market SMB (Middle 50%)
11306,925.52,Retail/SMB,High-Value Enterprise (Top 25%)
10827,738.75,Retail/SMB,High-Value Enterprise (Top 25%)
10063,383.81,Retail/SMB,Mid-Market SMB (Middle 50%)
10853,837.16,Retail/SMB,High-Value Enterprise (Top 25%)
11354,431.98,Retail/SMB,Mid-Market SMB (Middle 50%)
10224,268.07,Retail/SMB,Low-Value Retail (Bottom 25%)
10146,393.23,Retail/SMB,Mid-Market SMB (Middle 50%)
11089,250.9,Retail/SMB,Low-Value Retail (Bottom 25%)
10374,364.42,Retail/SMB,Mid-Market SMB (Middle 50%)
11421,512.7,Retail/SMB,Mid-Market SMB (Middle 50%)
11143,48.52,Retail/SMB,Low-Value Retail (Bottom 25%)
11827,426.93,Retail/SMB,Mid-Market SMB (Middle 50%)
11495,545.8,Retail/SMB,Mid-Market SMB (Middle 50%)
11602,282.6,Retail/SMB,Low-Value Retail (Bottom 25%)
11271,178.8,Retail/SMB,Low-Value Retail (Bottom 25%)
10010,128.66,Retail/SMB,Low-Value Retail (Bottom 25%)
10450,503.05,Retail/SMB,Mid-Market SMB (Middle 50%)
10709,305.48,Retail/SMB,Low-Value Retail (Bottom 25%)
10256,588.56,Retail/SMB,Mid-Market SMB (Middle 50%)
10883,396.21,Retail/SMB,Mid-Market SMB (Middle 50%)
10390,184.11,Retail/SMB,Low-Value Retail (Bottom 25%)
10909,1023.43,Retail/SMB,High-Value Enterprise (Top 25%)
10925,690.69,Retail/SMB,High-Value Enterprise (Top 25%)
11704,429.73,Retail/SMB,Mid-Market SMB (Middle 50%)
11233,332.51,Retail/SMB,Mid-Market SMB (Middle 50%)
10461,316.93,Retail/SMB,Mid-Market SMB (Middle 50%)
11270,644.73,Retail/SMB,High-Value Enterprise (Top 25%)
11760,396.43,Retail/SMB,Mid-Market SMB (Middle 50%)
11169,436.19,Retail/SMB,Mid-Market SMB (Middle 50%)
10959,364.55,Retail/SMB,Mid-Market SMB (Middle 50%)
10502,380.68,Retail/SMB,Mid-Market SMB (Middle 50%)
10740,396.47,Retail/SMB,Mid-Market SMB (Middle 50%)
11850,248.1,Retail/SMB,Low-Value Retail (Bottom 25%)
10869,958.15,Retail/SMB,High-Value Enterprise (Top 25%)
10732,654.72,Retail/SMB,High-Value Enterprise (Top 25%)
10540,235.82,Retail/SMB,Low-Value Retail (Bottom 25%)
11202,839.49,Retail/SMB,High-Value Enterprise (Top 25%)
10698,1057.63,Retail/SMB,High-Value Enterprise (Top 25%)
11393,484.92,Retail/SMB,Mid-Market SMB (Middle 50%)
11377,319.25,Retail/SMB,Mid-Market SMB (Middle 50%)
11146,321.26,Retail/SMB,Mid-Market SMB (Middle 50%)
11032,106.91,Retail/SMB,Low-Value Retail (Bottom 25%)
10373,198.29,Retail/SMB,Low-Value Retail (Bottom 25%)
10668,351.92,Retail/SMB,Mid-Market SMB (Middle 50%)
11526,500.04,Retail/SMB,Mid-Market SMB (Middle 50%)
10358,440.73,Retail/SMB,Mid-Market SMB (Middle 50%)
10968,576.64,Retail/SMB,Mid-Market SMB (Middle 50%)
10784,290.67,Retail/SMB,Low-Value Retail (Bottom 25%)
10736,534.39,Retail/SMB,Mid-Market SMB (Middle 50%)
11036,453.9,Retail/SMB,Mid-Market SMB (Middle 50%)
10971,392.08,Retail/SMB,Mid-Market SMB (Middle 50%)
11525,185.12,Retail/SMB,Low-Value Retail (Bottom 25%)
11487,293.51,Retail/SMB,Low-Value Retail (Bottom 25%)
11524,532.36,Retail/SMB,Mid-Market SMB (Middle 50%)
11491,829.48,Retail/SMB,High-Value Enterprise (Top 25%)
11643,327.74,Retail/SMB,Mid-Market SMB (Middle 50%)
11253,595.7,Retail/SMB,Mid-Market SMB (Middle 50%)
11694,170.7,Retail/SMB,Low-Value Retail (Bottom 25%)
11750,530.21,Retail/SMB,Mid-Market SMB (Middle 50%)
11237,458.64,Retail/SMB,Mid-Market SMB (Middle 50%)
10886,499.97,Retail/SMB,Mid-Market SMB (Middle 50%)
10080,431.81,Retail/SMB,Mid-Market SMB (Middle 50%)
11173,417.21,Retail/SMB,Mid-Market SMB (Middle 50%)
10815,371.9,Retail/SMB,Mid-Market SMB (Middle 50%)
11286,226.57,Retail/SMB,Low-Value Retail (Bottom 25%)
10672,548.51,Retail/SMB,Mid-Market SMB (Middle 50%)
11532,417.88,Retail/SMB,Mid-Market SMB (Middle 50%)
10058,351.38,Retail/SMB,Mid-Market SMB (Middle 50%)
10134,368.85,Retail/SMB,Mid-Market SMB (Middle 50%)
11141,777.4,Retail/SMB,High-Value Enterprise (Top 25%)
10934,422.26,Retail/SMB,Mid-Market SMB (Middle 50%)
11685,259.92,Retail/SMB,Low-Value Retail (Bottom 25%)
10824,198.06,Retail/SMB,Low-Value Retail (Bottom 25%)
11215,752.29,Retail/SMB,High-Value Enterprise (Top 25%)
10505,925.29,Retail/SMB,High-Value Enterprise (Top 25%)
11775,334.94,Retail/SMB,Mid-Market SMB (Middle 50%)
10348,362.43,Retail/SMB,Mid-Market SMB (Middle 50%)
10387,824.36,Retail/SMB,High-Value Enterprise (Top 25%)
11025,171.36,Retail/SMB,Low-Value Retail (Bottom 25%)
10895,609.27,Retail/SMB,Mid-Market SMB (Middle 50%)
10829,470.28,Retail/SMB,Mid-Market SMB (Middle 50%)
11893,12005.13,Enterprise VIP,High-Value Enterprise (Top 25%)
10476,334.17,Retail/SMB,Mid-Market SMB (Middle 50%)
11471,219.33,Retail/SMB,Low-Value Retail (Bottom 25%)
11448,1256.55,Retail/SMB,High-Value Enterprise (Top 25%)
11582,614.72,Retail/SMB,Mid-Market SMB (Middle 50%)
10653,861.56,Retail/SMB,High-Value Enterprise (Top 25%)
10173,479.58,Retail/SMB,Mid-Market SMB (Middle 50%)
11150,318.19,Retail/SMB,Mid-Market SMB (Middle 50%)
10039,323.49,Retail/SMB,Mid-Market SMB (Middle 50%)
10714,166.46,Retail/SMB,Low-Value Retail (Bottom 25%)
10091,537.89,Retail/SMB,Mid-Market SMB (Middle 50%)
11937,11187.03,Enterprise VIP,High-Value Enterprise (Top 25%)
11206,471.01,Retail/SMB,Mid-Market SMB (Middle 50%)
10876,314.0,Retail/SMB,Mid-Market SMB (Middle 50%)
11352,178.98,Retail/SMB,Low-Value Retail (Bottom 25%)
11890,11507.61,Enterprise VIP,High-Value Enterprise (Top 25%)
11094,473.27,Retail/SMB,Mid-Market SMB (Middle 50%)
11156,450.89,Retail/SMB,Mid-Market SMB (Middle 50%)
11782,224.06,Retail/SMB,Low-Value Retail (Bottom 25%)
11959,7434.83,Enterprise VIP,High-Value Enterprise (Top 25%)
10500,480.72,Retail/SMB,Mid-Market SMB (Middle 50%)
10339,709.78,Retail/SMB,High-Value Enterprise (Top 25%)
11189,425.84,Retail/SMB,Mid-Market SMB (Middle 50%)
10029,326.82,Retail/SMB,Mid-Market SMB (Middle 50%)
11218,708.69,Retail/SMB,High-Value Enterprise (Top 25%)
11400,627.29,Retail/SMB,Mid-Market SMB (Middle 50%)
11821,483.59,Retail/SMB,Mid-Market SMB (Middle 50%)
10946,757.13,Retail/SMB,High-Value Enterprise (Top 25%)
10170,205.78,Retail/SMB,Low-Value Retail (Bottom 25%)
11405,360.68,Retail/SMB,Mid-Market SMB (Middle 50%)
11198,588.73,Retail/SMB,Mid-Market SMB (Middle 50%)
11254,379.83,Retail/SMB,Mid-Market SMB (Middle 50%)
11614,99.69,Retail/SMB,Low-Value Retail (Bottom 25%)
10913,269.51,Retail/SMB,Low-Value Retail (Bottom 25%)
10492,796.78,Retail/SMB,High-Value Enterprise (Top 25%)
10954,508.73,Retail/SMB,Mid-Market SMB (Middle 50%)
11098,563.32,Retail/SMB,Mid-Market SMB (Middle 50%)
11033,282.4,Retail/SMB,Low-Value Retail (Bottom 25%)
10588,460.5,Retail/SMB,Mid-Market SMB (Middle 50%)
10751,300.71,Retail/SMB,Low-Value Retail (Bottom 25%)
10658,782.24,Retail/SMB,High-Value Enterprise (Top 25%)
10235,149.03,Retail/SMB,Low-Value Retail (Bottom 25%)
10733,271.6,Retail/SMB,Low-Value Retail (Bottom 25%)
11989,6440.95,Enterprise VIP,High-Value Enterprise (Top 25%)
11633,497.84,Retail/SMB,Mid-Market SMB (Middle 50%)
11157,617.73,Retail/SMB,Mid-Market SMB (Middle 50%)
11470,571.12,Retail/SMB,Mid-Market SMB (Middle 50%)
11425,334.68,Retail/SMB,Mid-Market SMB (Middle 50%)
11628,307.53,Retail/SMB,Mid-Market SMB (Middle 50%)
10935,794.08,Retail/SMB,High-Value Enterprise (Top 25%)
11210,156.63,Retail/SMB,Low-Value Retail (Bottom 25%)
11066,206.24,Retail/SMB,Low-Value Retail (Bottom 25%)
10109,564.38,Retail/SMB,Mid-Market SMB (Middle 50%)
11543,470.41,Retail/SMB,Mid-Market SMB (Middle 50%)
10569,416.33,Retail/SMB,Mid-Market SMB (Middle 50%)
11168,738.08,Retail/SMB,High-Value Enterprise (Top 25%)
11175,310.88,Retail/SMB,Mid-Market SMB (Middle 50%)
10891,431.47,Retail/SMB,Mid-Market SMB (Middle 50%)
10948,622.02,Retail/SMB,Mid-Market SMB (Middle 50%)
11049,514.43,Retail/SMB,Mid-Market SMB (Middle 50%)
11353,462.62,Retail/SMB,Mid-Market SMB (Middle 50%)
11778,238.58,Retail/SMB,Low-Value Retail (Bottom 25%)
11447,406.54,Retail/SMB,Mid-Market SMB (Middle 50%)
10885,370.88,Retail/SMB,Mid-Market SMB (Middle 50%)
11673,460.93,Retail/SMB,Mid-Market SMB (Middle 50%)
10851,310.65,Retail/SMB,Mid-Market SMB (Middle 50%)
10735,136.27,Retail/SMB,Low-Value Retail (Bottom 25%)
10718,512.44,Retail/SMB,Mid-Market SMB (Middle 50%)
10455,462.72,Retail/SMB,Mid-Market SMB (Middle 50%)
10265,403.94,Retail/SMB,Mid-Market SMB (Middle 50%)
10076,184.81,Retail/SMB,Low-Value Retail (Bottom 25%)
11658,728.76,Retail/SMB,High-Value Enterprise (Top 25%)
10445,308.8,Retail/SMB,Mid-Market SMB (Middle 50%)
10396,315.44,Retail/SMB,Mid-Market SMB (Middle 50%)
10177,638.49,Retail/SMB,High-Value Enterprise (Top 25%)
11043,440.55,Retail/SMB,Mid-Market SMB (Middle 50%)
11736,679.38,Retail/SMB,High-Value Enterprise (Top 25%)
11402,128.04,Retail/SMB,Low-Value Retail (Bottom 25%)
11381,403.01,Retail/SMB,Mid-Market SMB (Middle 50%)
10596,443.08,Retail/SMB,Mid-Market SMB (Middle 50%)
10062,334.08,Retail/SMB,Mid-Market SMB (Middle 50%)
11297,512.29,Retail/SMB,Mid-Market SMB (Middle 50%)
10873,325.85,Retail/SMB,Mid-Market SMB (Middle 50%)
11490,252.66,Retail/SMB,Low-Value Retail (Bottom 25%)
11879,6600.7,Enterprise VIP,High-Value Enterprise (Top 25%)
10279,171.19,Retail/SMB,Low-Value Retail (Bottom 25%)
10037,263.21,Retail/SMB,Low-Value Retail (Bottom 25%)
11976,13424.64,Enterprise VIP,High-Value Enterprise (Top 25%)
10663,295.71,Retail/SMB,Low-Value Retail (Bottom 25%)
11954,6909.34,Enterprise VIP,High-Value Enterprise (Top 25%)
11445,369.28,Retail/SMB,Mid-Market SMB (Middle 50%)
10978,248.48,Retail/SMB,Low-Value Retail (Bottom 25%)
11572,261.78,Retail/SMB,Low-Value Retail (Bottom 25%)
10739,434.7,Retail/SMB,Mid-Market SMB (Middle 50%)
10192,1036.95,Retail/SMB,High-Value Enterprise (Top 25%)
10920,483.73,Retail/SMB,Mid-Market SMB (Middle 50%)
10457,682.74,Retail/SMB,High-Value Enterprise (Top 25%)
10676,360.35,Retail/SMB,Mid-Market SMB (Middle 50%)
10761,349.6,Retail/SMB,Mid-Market SMB (Middle 50%)
11808,334.58,Retail/SMB,Mid-Market SMB (Middle 50%)
11603,370.09,Retail/SMB,Mid-Market SMB (Middle 50%)
10729,459.17,Retail/SMB,Mid-Market SMB (Middle 50%)
10413,507.62,Retail/SMB,Mid-Market SMB (Middle 50%)
11099,343.51,Retail/SMB,Mid-Market SMB (Middle 50%)
10826,293.63,Retail/SMB,Low-Value Retail (Bottom 25%)
11640,392.93,Retail/SMB,Mid-Market SMB (Middle 50%)
10617,198.34,Retail/SMB,Low-Value Retail (Bottom 25%)
10115,525.75,Retail/SMB,Mid-Market SMB (Middle 50%)
10418,454.4,Retail/SMB,Mid-Market SMB (Middle 50%)
11911,11045.7,Enterprise VIP,High-Value Enterprise (Top 25%)
10970,698.75,Retail/SMB,High-Value Enterprise (Top 25%)
10605,571.33,Retail/SMB,Mid-Market SMB (Middle 50%)
11919,14428.44,Enterprise VIP,High-Value Enterprise (Top 25%)
10090,605.88,Retail/SMB,Mid-Market SMB (Middle 50%)
10849,169.96,Retail/SMB,Low-Value Retail (Bottom 25%)
11520,472.25,Retail/SMB,Mid-Market SMB (Middle 50%)
11918,11647.9,Enterprise VIP,High-Value Enterprise (Top 25%)
10754,539.84,Retail/SMB,Mid-Market SMB (Middle 50%)
10499,340.15,Retail/SMB,Mid-Market SMB (Middle 50%)
11277,737.97,Retail/SMB,High-Value Enterprise (Top 25%)
11326,259.55,Retail/SMB,Low-Value Retail (Bottom 25%)
10012,487.37,Retail/SMB,Mid-Market SMB (Middle 50%)
10397,529.75,Retail/SMB,Mid-Market SMB (Middle 50%)
10285,276.36,Retail/SMB,Low-Value Retail (Bottom 25%)
11067,303.63,Retail/SMB,Low-Value Retail (Bottom 25%)
11192,239.74,Retail/SMB,Low-Value Retail (Bottom 25%)
11745,359.88,Retail/SMB,Mid-Market SMB (Middle 50%)
10691,285.21,Retail/SMB,Low-Value Retail (Bottom 25%)
11753,763.87,Retail/SMB,High-Value Enterprise (Top 25%)
11876,8173.84,Enterprise VIP,High-Value Enterprise (Top 25%)
10690,543.28,Retail/SMB,Mid-Market SMB (Middle 50%)
10852,1229.06,Retail/SMB,High-Value Enterprise (Top 25%)
10160,235.36,Retail/SMB,Low-Value Retail (Bottom 25%)
10896,203.6,Retail/SMB,Low-Value Retail (Bottom 25%)
11576,238.32,Retail/SMB,Low-Value Retail (Bottom 25%)
10258,187.5,Retail/SMB,Low-Value Retail (Bottom 25%)
10336,618.92,Retail/SMB,Mid-Market SMB (Middle 50%)
11880,10338.28,Enterprise VIP,High-Value Enterprise (Top 25%)
11040,653.7,Retail/SMB,High-Value Enterprise (Top 25%)
10516,784.33,Retail/SMB,High-Value Enterprise (Top 25%)
11349,135.27,Retail/SMB,Low-Value Retail (Bottom 25%)
11016,354.89,Retail/SMB,Mid-Market SMB (Middle 50%)
10769,371.21,Retail/SMB,Mid-Market SMB (Middle 50%)
11747,472.74,Retail/SMB,Mid-Market SMB (Middle 50%)
10762,300.05,Retail/SMB,Low-Value Retail (Bottom 25%)
11247,204.12,Retail/SMB,Low-Value Retail (Bottom 25%)
11204,427.98,Retail/SMB,Mid-Market SMB (Middle 50%)
11468,637.78,Retail/SMB,High-Value Enterprise (Top 25%)
11984,13922.41,Enterprise VIP,High-Value Enterprise (Top 25%)
10522,458.96,Retail/SMB,Mid-Market SMB (Middle 50%)
10023,194.04,Retail/SMB,Low-Value Retail (Bottom 25%)
10357,221.02,Retail/SMB,Low-Value Retail (Bottom 25%)
11278,228.66,Retail/SMB,Low-Value Retail (Bottom 25%)
11313,415.91,Retail/SMB,Mid-Market SMB (Middle 50%)
11683,385.02,Retail/SMB,Mid-Market SMB (Middle 50%)
10341,1107.92,Retail/SMB,High-Value Enterprise (Top 25%)
10432,300.37,Retail/SMB,Low-Value Retail (Bottom 25%)
10474,329.56,Retail/SMB,Mid-Market SMB (Middle 50%)
10218,419.77,Retail/SMB,Mid-Market SMB (Middle 50%)
10912,294.54,Retail/SMB,Low-Value Retail (Bottom 25%)
11228,345.78,Retail/SMB,Mid-Market SMB (Middle 50%)
11597,224.95,Retail/SMB,Low-Value Retail (Bottom 25%)
11012,184.26,Retail/SMB,Low-Value Retail (Bottom 25%)
11950,10983.8,Enterprise VIP,High-Value Enterprise (Top 25%)
10094,468.33,Retail/SMB,Mid-Market SMB (Middle 50%)
11009,195.08,Retail/SMB,Low-Value Retail (Bottom 25%)
11071,418.46,Retail/SMB,Mid-Market SMB (Middle 50%)
11093,395.03,Retail/SMB,Mid-Market SMB (Middle 50%)
11915,9038.05,Enterprise VIP,High-Value Enterprise (Top 25%)
11309,309.53,Retail/SMB,Mid-Market SMB (Middle 50%)
10697,263.81,Retail/SMB,Low-Value Retail (Bottom 25%)
11828,574.76,Retail/SMB,Mid-Market SMB (Middle 50%)
10997,578.04,Retail/SMB,Mid-Market SMB (Middle 50%)
10154,676.66,Retail/SMB,High-Value Enterprise (Top 25%)
11100,502.31,Retail/SMB,Mid-Market SMB (Middle 50%)
11719,314.59,Retail/SMB,Mid-Market SMB (Middle 50%)
11998,6707.01,Enterprise VIP,High-Value Enterprise (Top 25%)
10790,758.63,Retail/SMB,High-Value Enterprise (Top 25%)
10581,429.87,Retail/SMB,Mid-Market SMB (Middle 50%)
10704,188.79,Retail/SMB,Low-Value Retail (Bottom 25%)
11213,202.83,Retail/SMB,Low-Value Retail (Bottom 25%)
11296,268.07,Retail/SMB,Low-Value Retail (Bottom 25%)
11666,496.43,Retail/SMB,Mid-Market SMB (Middle 50%)
11261,420.13,Retail/SMB,Mid-Market SMB (Middle 50%)
10488,295.92,Retail/SMB,Low-Value Retail (Bottom 25%)
10560,288.67,Retail/SMB,Low-Value Retail (Bottom 25%)
11142,196.52,Retail/SMB,Low-Value Retail (Bottom 25%)
11120,535.67,Retail/SMB,Mid-Market SMB (Middle 50%)
10802,666.05,Retail/SMB,High-Value Enterprise (Top 25%)
10513,699.24,Retail/SMB,High-Value Enterprise (Top 25%)
10634,400.21,Retail/SMB,Mid-Market SMB (Middle 50%)
11922,9540.69,Enterprise VIP,High-Value Enterprise (Top 25%)
11788,1112.39,Retail/SMB,High-Value Enterprise (Top 25%)
11546,847.63,Retail/SMB,High-Value Enterprise (Top 25%)
11151,286.41,Retail/SMB,Low-Value Retail (Bottom 25%)
10791,843.72,Retail/SMB,High-Value Enterprise (Top 25%)
10117,262.03,Retail/SMB,Low-Value Retail (Bottom 25%)
10741,476.42,Retail/SMB,Mid-Market SMB (Middle 50%)
11691,766.25,Retail/SMB,High-Value Enterprise (Top 25%)
11082,567.6,Retail/SMB,Mid-Market SMB (Middle 50%)
10831,598.17,Retail/SMB,Mid-Market SMB (Middle 50%)
10120,204.73,Retail/SMB,Low-Value Retail (Bottom 25%)
10657,357.11,Retail/SMB,Mid-Market SMB (Middle 50%)
11908,13912.53,Enterprise VIP,High-Value Enterprise (Top 25%)
10636,494.99,Retail/SMB,Mid-Market SMB (Middle 50%)
10370,237.14,Retail/SMB,Low-Value Retail (Bottom 25%)
10269,394.8,Retail/SMB,Mid-Market SMB (Middle 50%)
10656,207.13,Retail/SMB,Low-Value Retail (Bottom 25%)
10936,229.9,Retail/SMB,Low-Value Retail (Bottom 25%)
10823,456.68,Retail/SMB,Mid-Market SMB (Middle 50%)
10867,370.88,Retail/SMB,Mid-Market SMB (Middle 50%)
10047,435.83,Retail/SMB,Mid-Market SMB (Middle 50%)
11374,617.99,Retail/SMB,Mid-Market SMB (Middle 50%)
11709,466.49,Retail/SMB,Mid-Market SMB (Middle 50%)
10992,249.69,Retail/SMB,Low-Value Retail (Bottom 25%)
10877,411.29,Retail/SMB,Mid-Market SMB (Middle 50%)
10774,311.63,Retail/SMB,Mid-Market SMB (Middle 50%)
11220,203.17,Retail/SMB,Low-Value Retail (Bottom 25%)
12000,13647.88,Enterprise VIP,High-Value Enterprise (Top 25%)
10005,849.74,Retail/SMB,High-Value Enterprise (Top 25%)
11004,1067.84,Retail/SMB,High-Value Enterprise (Top 25%)
11724,461.5,Retail/SMB,Mid-Market SMB (Middle 50%)
10264,247.81,Retail/SMB,Low-Value Retail (Bottom 25%)
11570,309.68,Retail/SMB,Mid-Market SMB (Middle 50%)
11831,569.8,Retail/SMB,Mid-Market SMB (Middle 50%)
10444,585.95,Retail/SMB,Mid-Market SMB (Middle 50%)
11003,161.22,Retail/SMB,Low-Value Retail (Bottom 25%)
11078,394.75,Retail/SMB,Mid-Market SMB (Middle 50%)
10838,506.54,Retail/SMB,Mid-Market SMB (Middle 50%)
11791,131.6,Retail/SMB,Low-Value Retail (Bottom 25%)
10305,598.72,Retail/SMB,Mid-Market SMB (Middle 50%)
11366,717.62,Retail/SMB,High-Value Enterprise (Top 25%)
11558,277.93,Retail/SMB,Low-Value Retail (Bottom 25%)
10314,293.55,Retail/SMB,Low-Value Retail (Bottom 25%)
10150,293.3,Retail/SMB,Low-Value Retail (Bottom 25%)
11149,505.99,Retail/SMB,Mid-Market SMB (Middle 50%)
11214,299.54,Retail/SMB,Low-Value Retail (Bottom 25%)
10575,238.67,Retail/SMB,Low-Value Retail (Bottom 25%)
10051,268.03,Retail/SMB,Low-Value Retail (Bottom 25%)
11553,473.13,Retail/SMB,Mid-Market SMB (Middle 50%)
10727,730.95,Retail/SMB,High-Value Enterprise (Top 25%)
10834,207.57,Retail/SMB,Low-Value Retail (Bottom 25%)
11378,475.52,Retail/SMB,Mid-Market SMB (Middle 50%)
11116,509.53,Retail/SMB,Mid-Market SMB (Middle 50%)
11167,657.21,Retail/SMB,High-Value Enterprise (Top 25%)
10471,686.38,Retail/SMB,High-Value Enterprise (Top 25%)
10972,313.54,Retail/SMB,Mid-Market SMB (Middle 50%)
10654,520.88,Retail/SMB,Mid-Market SMB (Middle 50%)
10400,345.12,Retail/SMB,Mid-Market SMB (Middle 50%)
10512,555.35,Retail/SMB,Mid-Market SMB (Middle 50%)
10321,375.49,Retail/SMB,Mid-Market SMB (Middle 50%)
10020,230.56,Retail/SMB,Low-Value Retail (Bottom 25%)
10685,162.23,Retail/SMB,Low-Value Retail (Bottom 25%)
10036,647.46,Retail/SMB,High-Value Enterprise (Top 25%)
10903,455.65,Retail/SMB,Mid-Market SMB (Middle 50%)
11779,276.99,Retail/SMB,Low-Value Retail (Bottom 25%)
10828,421.63,Retail/SMB,Mid-Market SMB (Middle 50%)
11854,13406.02,Enterprise VIP,High-Value Enterprise (Top 25%)
10408,166.38,Retail/SMB,Low-Value Retail (Bottom 25%)
10921,277.09,Retail/SMB,Low-Value Retail (Bottom 25%)
10538,179.18,Retail/SMB,Low-Value Retail (Bottom 25%)
10759,373.44,Retail/SMB,Mid-Market SMB (Middle 50%)
11905,12451.42,Enterprise VIP,High-Value Enterprise (Top 25%)
11063,788.71,Retail/SMB,High-Value Enterprise (Top 25%)
11200,555.64,Retail/SMB,Mid-Market SMB (Middle 50%)
10246,751.05,Retail/SMB,High-Value Enterprise (Top 25%)
11417,370.23,Retail/SMB,Mid-Market SMB (Middle 50%)
11128,278.2,Retail/SMB,Low-Value Retail (Bottom 25%)
10785,678.84,Retail/SMB,High-Value Enterprise (Top 25%)
11743,550.67,Retail/SMB,Mid-Market SMB (Middle 50%)
10490,295.98,Retail/SMB,Low-Value Retail (Bottom 25%)
10155,747.67,Retail/SMB,High-Value Enterprise (Top 25%)
10962,238.86,Retail/SMB,Low-Value Retail (Bottom 25%)
10854,1003.72,Retail/SMB,High-Value Enterprise (Top 25%)
11312,605.1,Retail/SMB,Mid-Market SMB (Middle 50%)
10626,347.31,Retail/SMB,Mid-Market SMB (Middle 50%)
10686,517.68,Retail/SMB,Mid-Market SMB (Middle 50%)
11562,367.94,Retail/SMB,Mid-Market SMB (Middle 50%)
10570,216.48,Retail/SMB,Low-Value Retail (Bottom 25%)
11909,8314.14,Enterprise VIP,High-Value Enterprise (Top 25%)
10018,358.23,Retail/SMB,Mid-Market SMB (Middle 50%)
10128,535.85,Retail/SMB,Mid-Market SMB (Middle 50%)
11347,370.11,Retail/SMB,Mid-Market SMB (Middle 50%)
11280,488.64,Retail/SMB,Mid-Market SMB (Middle 50%)
11969,10163.98,Enterprise VIP,High-Value Enterprise (Top 25%)
10928,294.94,Retail/SMB,Low-Value Retail (Bottom 25%)
10981,941.11,Retail/SMB,High-Value Enterprise (Top 25%)
11965,12442.25,Enterprise VIP,High-Value Enterprise (Top 25%)
10191,266.5,Retail/SMB,Low-Value Retail (Bottom 25%)
11140,205.59,Retail/SMB,Low-Value Retail (Bottom 25%)
10993,469.73,Retail/SMB,Mid-Market SMB (Middle 50%)
11956,13693.85,Enterprise VIP,High-Value Enterprise (Top 25%)
11657,49.96,Retail/SMB,Low-Value Retail (Bottom 25%)
10607,815.22,Retail/SMB,High-Value Enterprise (Top 25%)
10181,412.68,Retail/SMB,Mid-Market SMB (Middle 50%)
10302,368.44,Retail/SMB,Mid-Market SMB (Middle 50%)
10497,925.76,Retail/SMB,High-Value Enterprise (Top 25%)
11721,489.1,Retail/SMB,Mid-Market SMB (Middle 50%)
11710,714.42,Retail/SMB,High-Value Enterprise (Top 25%)
11888,12238.31,Enterprise VIP,High-Value Enterprise (Top 25%)
11992,12927.33,Enterprise VIP,High-Value Enterprise (Top 25%)
10518,382.64,Retail/SMB,Mid-Market SMB (Middle 50%)
11985,11763.73,Enterprise VIP,High-Value Enterprise (Top 25%)
11070,544.03,Retail/SMB,Mid-Market SMB (Middle 50%)
10477,360.14,Retail/SMB,Mid-Market SMB (Middle 50%)
10158,603.93,Retail/SMB,Mid-Market SMB (Middle 50%)
11244,525.54,Retail/SMB,Mid-Market SMB (Middle 50%)
11196,544.24,Retail/SMB,Mid-Market SMB (Middle 50%)
10017,302.23,Retail/SMB,Low-Value Retail (Bottom 25%)
11536,256.93,Retail/SMB,Low-Value Retail (Bottom 25%)
11073,343.43,Retail/SMB,Mid-Market SMB (Middle 50%)
11972,12674.23,Enterprise VIP,High-Value Enterprise (Top 25%)
10547,367.99,Retail/SMB,Mid-Market SMB (Middle 50%)
11540,625.72,Retail/SMB,Mid-Market SMB (Middle 50%)
10659,381.45,Retail/SMB,Mid-Market SMB (Middle 50%)
11626,407.52,Retail/SMB,Mid-Market SMB (Middle 50%)
11020,463.97,Retail/SMB,Mid-Market SMB (Middle 50%)
11663,223.69,Retail/SMB,Low-Value Retail (Bottom 25%)
11505,165.44,Retail/SMB,Low-Value Retail (Bottom 25%)
10960,630.55,Retail/SMB,Mid-Market SMB (Middle 50%)
11882,8325.87,Enterprise VIP,High-Value Enterprise (Top 25%)
10284,245.47,Retail/SMB,Low-Value Retail (Bottom 25%)
10798,232.11,Retail/SMB,Low-Value Retail (Bottom 25%)
11627,333.43,Retail/SMB,Mid-Market SMB (Middle 50%)
10226,315.22,Retail/SMB,Mid-Market SMB (Middle 50%)
10027,393.04,Retail/SMB,Mid-Market SMB (Middle 50%)
11771,521.47,Retail/SMB,Mid-Market SMB (Middle 50%)
10438,306.52,Retail/SMB,Low-Value Retail (Bottom 25%)
11949,13398.27,Enterprise VIP,High-Value Enterprise (Top 25%)
11389,275.24,Retail/SMB,Low-Value Retail (Bottom 25%)
10230,530.38,Retail/SMB,Mid-Market SMB (Middle 50%)
10038,354.89,Retail/SMB,Mid-Market SMB (Middle 50%)
10750,196.13,Retail/SMB,Low-Value Retail (Bottom 25%)
11046,451.93,Retail/SMB,Mid-Market SMB (Middle 50%)
11399,311.05,Retail/SMB,Mid-Market SMB (Middle 50%)
10470,434.8,Retail/SMB,Mid-Market SMB (Middle 50%)
11693,678.4,Retail/SMB,High-Value Enterprise (Top 25%)
11968,6916.76,Enterprise VIP,High-Value Enterprise (Top 25%)
10688,778.52,Retail/SMB,High-Value Enterprise (Top 25%)
11844,796.14,Retail/SMB,High-Value Enterprise (Top 25%)
10640,233.12,Retail/SMB,Low-Value Retail (Bottom 25%)
11713,283.99,Retail/SMB,Low-Value Retail (Bottom 25%)
11219,267.66,Retail/SMB,Low-Value Retail (Bottom 25%)
11159,191.8,Retail/SMB,Low-Value Retail (Bottom 25%)
11416,490.58,Retail/SMB,Mid-Market SMB (Middle 50%)
11528,634.45,Retail/SMB,High-Value Enterprise (Top 25%)
11656,435.43,Retail/SMB,Mid-Market SMB (Middle 50%)
11301,340.84,Retail/SMB,Mid-Market SMB (Middle 50%)
11823,449.3,Retail/SMB,Mid-Market SMB (Middle 50%)
10801,588.94,Retail/SMB,Mid-Market SMB (Middle 50%)
11604,314.26,Retail/SMB,Mid-Market SMB (Middle 50%)
10161,868.01,Retail/SMB,High-Value Enterprise (Top 25%)
10957,723.14,Retail/SMB,High-Value Enterprise (Top 25%)
11187,351.2,Retail/SMB,Mid-Market SMB (Middle 50%)
10822,593.2,Retail/SMB,Mid-Market SMB (Middle 50%)
11682,492.07,Retail/SMB,Mid-Market SMB (Middle 50%)
10878,917.26,Retail/SMB,High-Value Enterprise (Top 25%)
10914,443.66,Retail/SMB,Mid-Market SMB (Middle 50%)
10153,1048.59,Retail/SMB,High-Value Enterprise (Top 25%)
11871,6964.61,Enterprise VIP,High-Value Enterprise (Top 25%)
11777,604.31,Retail/SMB,Mid-Market SMB (Middle 50%)
10510,579.1,Retail/SMB,Mid-Market SMB (Middle 50%)
11136,275.33,Retail/SMB,Low-Value Retail (Bottom 25%)
11251,1039.81,Retail/SMB,High-Value Enterprise (Top 25%)
11684,129.19,Retail/SMB,Low-Value Retail (Bottom 25%)
10104,276.78,Retail/SMB,Low-Value Retail (Bottom 25%)
11446,356.71,Retail/SMB,Mid-Market SMB (Middle 50%)
11444,626.97,Retail/SMB,Mid-Market SMB (Middle 50%)
10587,904.31,Retail/SMB,High-Value Enterprise (Top 25%)
11769,440.74,Retail/SMB,Mid-Market SMB (Middle 50%)
11144,457.32,Retail/SMB,Mid-Market SMB (Middle 50%)
10054,490.79,Retail/SMB,Mid-Market SMB (Middle 50%)
10152,643.65,Retail/SMB,High-Value Enterprise (Top 25%)
10404,490.17,Retail/SMB,Mid-Market SMB (Middle 50%)
11943,7591.94,Enterprise VIP,High-Value Enterprise (Top 25%)
10208,373.44,Retail/SMB,Mid-Market SMB (Middle 50%)
11895,9196.18,Enterprise VIP,High-Value Enterprise (Top 25%)
11123,610.95,Retail/SMB,Mid-Market SMB (Middle 50%)
11891,10076.73,Enterprise VIP,High-Value Enterprise (Top 25%)
10009,470.55,Retail/SMB,Mid-Market SMB (Middle 50%)
11015,178.03,Retail/SMB,Low-Value Retail (Bottom 25%)
11907,9635.46,Enterprise VIP,High-Value Enterprise (Top 25%)
11061,605.29,Retail/SMB,Mid-Market SMB (Middle 50%)
10453,522.27,Retail/SMB,Mid-Market SMB (Middle 50%)
10254,144.21,Retail/SMB,Low-Value Retail (Bottom 25%)
11328,562.14,Retail/SMB,Mid-Market SMB (Middle 50%)
10897,524.06,Retail/SMB,Mid-Market SMB (Middle 50%)
11734,397.38,Retail/SMB,Mid-Market SMB (Middle 50%)
10881,601.61,Retail/SMB,Mid-Market SMB (Middle 50%)
11596,464.79,Retail/SMB,Mid-Market SMB (Middle 50%)
11889,9246.95,Enterprise VIP,High-Value Enterprise (Top 25%)
10624,332.72,Retail/SMB,Mid-Market SMB (Middle 50%)
10346,678.15,Retail/SMB,High-Value Enterprise (Top 25%)
11703,292.47,Retail/SMB,Low-Value Retail (Bottom 25%)
10263,499.79,Retail/SMB,Mid-Market SMB (Middle 50%)
11635,944.92,Retail/SMB,High-Value Enterprise (Top 25%)
11322,512.91,Retail/SMB,Mid-Market SMB (Middle 50%)
11439,417.81,Retail/SMB,Mid-Market SMB (Middle 50%)
10151,202.74,Retail/SMB,Low-Value Retail (Bottom 25%)
10473,793.15,Retail/SMB,High-Value Enterprise (Top 25%)
10641,298.28,Retail/SMB,Low-Value Retail (Bottom 25%)
11983,11013.79,Enterprise VIP,High-Value Enterprise (Top 25%)
11883,8779.89,Enterprise VIP,High-Value Enterprise (Top 25%)
10551,494.1,Retail/SMB,Mid-Market SMB (Middle 50%)
11780,660.06,Retail/SMB,High-Value Enterprise (Top 25%)
10929,675.93,Retail/SMB,High-Value Enterprise (Top 25%)
10489,314.3,Retail/SMB,Mid-Market SMB (Middle 50%)
11812,669.36,Retail/SMB,High-Value Enterprise (Top 25%)
11172,728.12,Retail/SMB,High-Value Enterprise (Top 25%)
10147,533.64,Retail/SMB,Mid-Market SMB (Middle 50%)
11705,519.25,Retail/SMB,Mid-Market SMB (Middle 50%)
11929,11567.11,Enterprise VIP,High-Value Enterprise (Top 25%)
10403,354.82,Retail/SMB,Mid-Market SMB (Middle 50%)
10955,411.99,Retail/SMB,Mid-Market SMB (Middle 50%)
11878,12973.84,Enterprise VIP,High-Value Enterprise (Top 25%)
10660,420.41,Retail/SMB,Mid-Market SMB (Middle 50%)
11373,389.83,Retail/SMB,Mid-Market SMB (Middle 50%)
10464,744.18,Retail/SMB,High-Value Enterprise (Top 25%)
11350,249.37,Retail/SMB,Low-Value Retail (Bottom 25%)
10187,759.81,Retail/SMB,High-Value Enterprise (Top 25%)
11148,533.76,Retail/SMB,Mid-Market SMB (Middle 50%)
11225,160.58,Retail/SMB,Low-Value Retail (Bottom 25%)
10609,530.91,Retail/SMB,Mid-Market SMB (Middle 50%)
10144,457.91,Retail/SMB,Mid-Market SMB (Middle 50%)
10752,378.68,Retail/SMB,Mid-Market SMB (Middle 50%)
11535,548.25,Retail/SMB,Mid-Market SMB (Middle 50%)
10982,412.99,Retail/SMB,Mid-Market SMB (Middle 50%)
10198,386.68,Retail/SMB,Mid-Market SMB (Middle 50%)
11634,580.05,Retail/SMB,Mid-Market SMB (Middle 50%)
10884,375.37,Retail/SMB,Mid-Market SMB (Middle 50%)
10280,779.4,Retail/SMB,High-Value Enterprise (Top 25%)
10294,378.01,Retail/SMB,Mid-Market SMB (Middle 50%)
11824,256.73,Retail/SMB,Low-Value Retail (Bottom 25%)
10401,714.5,Retail/SMB,High-Value Enterprise (Top 25%)
10123,429.57,Retail/SMB,Mid-Market SMB (Middle 50%)
11208,264.89,Retail/SMB,Low-Value Retail (Bottom 25%)
10203,324.95,Retail/SMB,Mid-Market SMB (Middle 50%)
11463,463.54,Retail/SMB,Mid-Market SMB (Middle 50%)
10836,261.45,Retail/SMB,Low-Value Retail (Bottom 25%)
10247,840.21,Retail/SMB,High-Value Enterprise (Top 25%)
11440,236.88,Retail/SMB,Low-Value Retail (Bottom 25%)
11754,398.45,Retail/SMB,Mid-Market SMB (Middle 50%)
11902,8972.94,Enterprise VIP,High-Value Enterprise (Top 25%)
11708,304.65,Retail/SMB,Low-Value Retail (Bottom 25%)
11881,11903.39,Enterprise VIP,High-Value Enterprise (Top 25%)
11154,702.93,Retail/SMB,High-Value Enterprise (Top 25%)
11662,707.32,Retail/SMB,High-Value Enterprise (Top 25%)
11427,660.21,Retail/SMB,High-Value Enterprise (Top 25%)
10385,312.12,Retail/SMB,Mid-Market SMB (Middle 50%)
11759,362.86,Retail/SMB,Mid-Market SMB (Middle 50%)
10855,674.2,Retail/SMB,High-Value Enterprise (Top 25%)
11590,844.19,Retail/SMB,High-Value Enterprise (Top 25%)
10220,531.9,Retail/SMB,Mid-Market SMB (Middle 50%)
10642,969.06,Retail/SMB,High-Value Enterprise (Top 25%)
10002,388.45,Retail/SMB,Mid-Market SMB (Middle 50%)
10113,371.47,Retail/SMB,Mid-Market SMB (Middle 50%)
10699,566.49,Retail/SMB,Mid-Market SMB (Middle 50%)
11916,10402.15,Enterprise VIP,High-Value Enterprise (Top 25%)
10952,732.21,Retail/SMB,High-Value Enterprise (Top 25%)
11649,370.28,Retail/SMB,Mid-Market SMB (Middle 50%)
11637,756.77,Retail/SMB,High-Value Enterprise (Top 25%)
11886,12890.8,Enterprise VIP,High-Value Enterprise (Top 25%)
11411,1407.47,Retail/SMB,High-Value Enterprise (Top 25%)
11410,300.24,Retail/SMB,Low-Value Retail (Bottom 25%)
11534,322.39,Retail/SMB,Mid-Market SMB (Middle 50%)
11292,522.98,Retail/SMB,Mid-Market SMB (Middle 50%)
11809,118.07,Retail/SMB,Low-Value Retail (Bottom 25%)
10442,409.72,Retail/SMB,Mid-Market SMB (Middle 50%)
11521,680.37,Retail/SMB,High-Value Enterprise (Top 25%)
11137,618.94,Retail/SMB,Mid-Market SMB (Middle 50%)
11716,210.54,Retail/SMB,Low-Value Retail (Bottom 25%)
11257,133.24,Retail/SMB,Low-Value Retail (Bottom 25%)
11864,7866.88,Enterprise VIP,High-Value Enterprise (Top 25%)
11632,313.54,Retail/SMB,Mid-Market SMB (Middle 50%)
11696,727.0,Retail/SMB,High-Value Enterprise (Top 25%)
11398,274.7,Retail/SMB,Low-Value Retail (Bottom 25%)
10664,194.69,Retail/SMB,Low-Value Retail (Bottom 25%)
11836,717.81,Retail/SMB,High-Value Enterprise (Top 25%)
11258,669.38,Retail/SMB,High-Value Enterprise (Top 25%)
11774,396.94,Retail/SMB,Mid-Market SMB (Middle 50%)
11701,519.82,Retail/SMB,Mid-Market SMB (Middle 50%)
10318,539.87,Retail/SMB,Mid-Market SMB (Middle 50%)
10649,868.36,Retail/SMB,High-Value Enterprise (Top 25%)
11435,673.42,Retail/SMB,High-Value Enterprise (Top 25%)
11480,483.22,Retail/SMB,Mid-Market SMB (Middle 50%)
10710,236.76,Retail/SMB,Low-Value Retail (Bottom 25%)
11383,305.76,Retail/SMB,Low-Value Retail (Bottom 25%)
11283,289.56,Retail/SMB,Low-Value Retail (Bottom 25%)
10973,398.19,Retail/SMB,Mid-Market SMB (Middle 50%)
10628,1030.88,Retail/SMB,High-Value Enterprise (Top 25%)
10633,592.6,Retail/SMB,Mid-Market SMB (Middle 50%)
11307,574.89,Retail/SMB,Mid-Market SMB (Middle 50%)
11401,422.51,Retail/SMB,Mid-Market SMB (Middle 50%)
11409,350.69,Retail/SMB,Mid-Market SMB (Middle 50%)
11249,325.13,Retail/SMB,Mid-Market SMB (Middle 50%)
11953,10683.33,Enterprise VIP,High-Value Enterprise (Top 25%)
11255,293.96,Retail/SMB,Low-Value Retail (Bottom 25%)
11497,246.54,Retail/SMB,Low-Value Retail (Bottom 25%)
11372,381.2,Retail/SMB,Mid-Market SMB (Middle 50%)
11530,318.76,Retail/SMB,Mid-Market SMB (Middle 50%)
11664,314.65,Retail/SMB,Mid-Market SMB (Middle 50%)
11355,311.55,Retail/SMB,Mid-Market SMB (Middle 50%)
11926,9430.75,Enterprise VIP,High-Value Enterprise (Top 25%)
11901,12008.15,Enterprise VIP,High-Value Enterprise (Top 25%)
11644,255.48,Retail/SMB,Low-Value Retail (Bottom 25%)
11849,493.11,Retail/SMB,Mid-Market SMB (Middle 50%)
10796,191.64,Retail/SMB,Low-Value Retail (Bottom 25%)
10646,404.99,Retail/SMB,Mid-Market SMB (Middle 50%)
11013,399.72,Retail/SMB,Mid-Market SMB (Middle 50%)
11840,165.82,Retail/SMB,Low-Value Retail (Bottom 25%)
10557,289.45,Retail/SMB,Low-Value Retail (Bottom 25%)
10682,371.24,Retail/SMB,Mid-Market SMB (Middle 50%)
10578,550.72,Retail/SMB,Mid-Market SMB (Middle 50%)
11110,376.62,Retail/SMB,Mid-Market SMB (Middle 50%)
11267,254.02,Retail/SMB,Low-Value Retail (Bottom 25%)
11723,581.96,Retail/SMB,Mid-Market SMB (Middle 50%)
11184,253.53,Retail/SMB,Low-Value Retail (Bottom 25%)
10525,1064.79,Retail/SMB,High-Value Enterprise (Top 25%)
11060,355.11,Retail/SMB,Mid-Market SMB (Middle 50%)
10541,586.11,Retail/SMB,Mid-Market SMB (Middle 50%)
11195,421.88,Retail/SMB,Mid-Market SMB (Middle 50%)
11679,558.29,Retail/SMB,Mid-Market SMB (Middle 50%)
10749,419.3,Retail/SMB,Mid-Market SMB (Middle 50%)
11852,11995.9,Enterprise VIP,High-Value Enterprise (Top 25%)
11431,1172.62,Retail/SMB,High-Value Enterprise (Top 25%)
10485,503.58,Retail/SMB,Mid-Market SMB (Middle 50%)
11758,525.8,Retail/SMB,Mid-Market SMB (Middle 50%)
10096,283.18,Retail/SMB,Low-Value Retail (Bottom 25%)
11021,277.06,Retail/SMB,Low-Value Retail (Bottom 25%)
10564,85.28,Retail/SMB,Low-Value Retail (Bottom 25%)
11265,992.47,Retail/SMB,High-Value Enterprise (Top 25%)
10743,381.08,Retail/SMB,Mid-Market SMB (Middle 50%)
10864,391.8,Retail/SMB,Mid-Market SMB (Middle 50%)
11599,312.87,Retail/SMB,Mid-Market SMB (Middle 50%)
11715,260.48,Retail/SMB,Low-Value Retail (Bottom 25%)
11485,507.32,Retail/SMB,Mid-Market SMB (Middle 50%)
10892,536.39,Retail/SMB,Mid-Market SMB (Middle 50%)
11578,264.17,Retail/SMB,Low-Value Retail (Bottom 25%)
11039,421.11,Retail/SMB,Mid-Market SMB (Middle 50%)
10207,282.51,Retail/SMB,Low-Value Retail (Bottom 25%)
10393,749.12,Retail/SMB,High-Value Enterprise (Top 25%)
10795,457.51,Retail/SMB,Mid-Market SMB (Middle 50%)
10871,447.7,Retail/SMB,Mid-Market SMB (Middle 50%)
10398,368.17,Retail/SMB,Mid-Market SMB (Middle 50%)
10767,174.76,Retail/SMB,Low-Value Retail (Bottom 25%)
11842,297.61,Retail/SMB,Low-Value Retail (Bottom 25%)
11242,377.9,Retail/SMB,Mid-Market SMB (Middle 50%)
11029,449.02,Retail/SMB,Mid-Market SMB (Middle 50%)
11793,514.0,Retail/SMB,Mid-Market SMB (Middle 50%)
10643,630.21,Retail/SMB,Mid-Market SMB (Middle 50%)
11892,7815.23,Enterprise VIP,High-Value Enterprise (Top 25%)
10613,603.13,Retail/SMB,Mid-Market SMB (Middle 50%)
11763,283.54,Retail/SMB,Low-Value Retail (Bottom 25%)
10961,191.78,Retail/SMB,Low-Value Retail (Bottom 25%)
11571,410.46,Retail/SMB,Mid-Market SMB (Middle 50%)
10726,353.52,Retail/SMB,Mid-Market SMB (Middle 50%)
10684,193.3,Retail/SMB,Low-Value Retail (Bottom 25%)
10099,242.63,Retail/SMB,Low-Value Retail (Bottom 25%)
10805,366.12,Retail/SMB,Mid-Market SMB (Middle 50%)
11752,129.04,Retail/SMB,Low-Value Retail (Bottom 25%)
11598,300.99,Retail/SMB,Low-Value Retail (Bottom 25%)
10407,681.52,Retail/SMB,High-Value Enterprise (Top 25%)
10503,269.65,Retail/SMB,Low-Value Retail (Bottom 25%)
11072,398.63,Retail/SMB,Mid-Market SMB (Middle 50%)
11057,154.5,Retail/SMB,Low-Value Retail (Bottom 25%)
10930,350.04,Retail/SMB,Mid-Market SMB (Middle 50%)
10780,329.96,Retail/SMB,Mid-Market SMB (Middle 50%)
10201,471.25,Retail/SMB,Mid-Market SMB (Middle 50%)
10135,1125.91,Retail/SMB,High-Value Enterprise (Top 25%)
11052,787.66,Retail/SMB,High-Value Enterprise (Top 25%)
10041,614.27,Retail/SMB,Mid-Market SMB (Middle 50%)
11018,132.38,Retail/SMB,Low-Value Retail (Bottom 25%)
10231,195.06,Retail/SMB,Low-Value Retail (Bottom 25%)
11514,492.0,Retail/SMB,Mid-Market SMB (Middle 50%)
11797,520.32,Retail/SMB,Mid-Market SMB (Middle 50%)
10379,362.62,Retail/SMB,Mid-Market SMB (Middle 50%)
10289,887.07,Retail/SMB,High-Value Enterprise (Top 25%)
10419,379.28,Retail/SMB,Mid-Market SMB (Middle 50%)
11699,339.99,Retail/SMB,Mid-Market SMB (Middle 50%)
10392,648.71,Retail/SMB,High-Value Enterprise (Top 25%)
10593,901.32,Retail/SMB,High-Value Enterprise (Top 25%)
11523,844.37,Retail/SMB,High-Value Enterprise (Top 25%)
11163,505.52,Retail/SMB,Mid-Market SMB (Middle 50%)
11087,596.7,Retail/SMB,Mid-Market SMB (Middle 50%)
11496,557.04,Retail/SMB,Mid-Market SMB (Middle 50%)
10648,722.95,Retail/SMB,High-Value Enterprise (Top 25%)
11153,265.84,Retail/SMB,Low-Value Retail (Bottom 25%)
11368,535.96,Retail/SMB,Mid-Market SMB (Middle 50%)
10521,339.1,Retail/SMB,Mid-Market SMB (Middle 50%)
11863,13218.55,Enterprise VIP,High-Value Enterprise (Top 25%)
10065,474.15,Retail/SMB,Mid-Market SMB (Middle 50%)
11837,446.24,Retail/SMB,Mid-Market SMB (Middle 50%)
10015,311.95,Retail/SMB,Mid-Market SMB (Middle 50%)
11181,576.09,Retail/SMB,Mid-Market SMB (Middle 50%)
11065,268.45,Retail/SMB,Low-Value Retail (Bottom 25%)
10493,307.37,Retail/SMB,Mid-Market SMB (Middle 50%)
10380,1235.68,Retail/SMB,High-Value Enterprise (Top 25%)
10188,421.57,Retail/SMB,Mid-Market SMB (Middle 50%)
10764,452.09,Retail/SMB,Mid-Market SMB (Middle 50%)
10217,466.46,Retail/SMB,Mid-Market SMB (Middle 50%)
10792,522.47,Retail/SMB,Mid-Market SMB (Middle 50%)
11077,350.22,Retail/SMB,Mid-Market SMB (Middle 50%)
10879,301.96,Retail/SMB,Low-Value Retail (Bottom 25%)
10338,175.51,Retail/SMB,Low-Value Retail (Bottom 25%)
11773,144.93,Retail/SMB,Low-Value Retail (Bottom 25%)
10720,433.43,Retail/SMB,Mid-Market SMB (Middle 50%)
11749,875.98,Retail/SMB,High-Value Enterprise (Top 25%)
10296,185.21,Retail/SMB,Low-Value Retail (Bottom 25%)
11726,604.07,Retail/SMB,Mid-Market SMB (Middle 50%)
11017,277.03,Retail/SMB,Low-Value Retail (Bottom 25%)
11276,460.74,Retail/SMB,Mid-Market SMB (Middle 50%)
11751,345.67,Retail/SMB,Mid-Market SMB (Middle 50%)
11486,261.9,Retail/SMB,Low-Value Retail (Bottom 25%)
10456,227.25,Retail/SMB,Low-Value Retail (Bottom 25%)
11997,9378.99,Enterprise VIP,High-Value Enterprise (Top 25%)
10816,361.09,Retail/SMB,Mid-Market SMB (Middle 50%)
11887,11034.14,Enterprise VIP,High-Value Enterprise (Top 25%)
10270,233.79,Retail/SMB,Low-Value Retail (Bottom 25%)
10996,66.32,Retail/SMB,Low-Value Retail (Bottom 25%)
10202,318.54,Retail/SMB,Mid-Market SMB (Middle 50%)
10162,181.34,Retail/SMB,Low-Value Retail (Bottom 25%)
11580,296.29,Retail/SMB,Low-Value Retail (Bottom 25%)
10730,354.9,Retail/SMB,Mid-Market SMB (Middle 50%)
10402,555.97,Retail/SMB,Mid-Market SMB (Middle 50%)
10703,309.67,Retail/SMB,Mid-Market SMB (Middle 50%)
11501,553.13,Retail/SMB,Mid-Market SMB (Middle 50%)
11846,492.98,Retail/SMB,Mid-Market SMB (Middle 50%)
11796,638.72,Retail/SMB,High-Value Enterprise (Top 25%)
11130,355.12,Retail/SMB,Mid-Market SMB (Middle 50%)
10566,514.01,Retail/SMB,Mid-Market SMB (Middle 50%)
11414,544.28,Retail/SMB,Mid-Market SMB (Middle 50%)
11022,689.49,Retail/SMB,High-Value Enterprise (Top 25%)
11026,476.36,Retail/SMB,Mid-Market SMB (Middle 50%)
11412,740.73,Retail/SMB,High-Value Enterprise (Top 25%)
11896,13721.04,Enterprise VIP,High-Value Enterprise (Top 25%)
11586,406.08,Retail/SMB,Mid-Market SMB (Middle 50%)
11105,781.83,Retail/SMB,High-Value Enterprise (Top 25%)
10206,184.12,Retail/SMB,Low-Value Retail (Bottom 25%)
10035,676.23,Retail/SMB,High-Value Enterprise (Top 25%)
10776,413.86,Retail/SMB,Mid-Market SMB (Middle 50%)
10509,314.32,Retail/SMB,Mid-Market SMB (Middle 50%)
11452,405.93,Retail/SMB,Mid-Market SMB (Middle 50%)
11479,583.34,Retail/SMB,Mid-Market SMB (Middle 50%)
11971,13044.12,Enterprise VIP,High-Value Enterprise (Top 25%)
11391,688.6,Retail/SMB,High-Value Enterprise (Top 25%)
10092,483.32,Retail/SMB,Mid-Market SMB (Middle 50%)
11364,493.59,Retail/SMB,Mid-Market SMB (Middle 50%)
10898,409.58,Retail/SMB,Mid-Market SMB (Middle 50%)
10565,606.96,Retail/SMB,Mid-Market SMB (Middle 50%)
11370,350.17,Retail/SMB,Mid-Market SMB (Middle 50%)
10777,552.43,Retail/SMB,Mid-Market SMB (Middle 50%)
10242,563.65,Retail/SMB,Mid-Market SMB (Middle 50%)
10014,371.02,Retail/SMB,Mid-Market SMB (Middle 50%)
10316,669.03,Retail/SMB,High-Value Enterprise (Top 25%)
10601,466.54,Retail/SMB,Mid-Market SMB (Middle 50%)
10388,741.17,Retail/SMB,High-Value Enterprise (Top 25%)
11298,790.63,Retail/SMB,High-Value Enterprise (Top 25%)
10167,432.08,Retail/SMB,Mid-Market SMB (Middle 50%)
10841,271.78,Retail/SMB,Low-Value Retail (Bottom 25%)
10021,617.03,Retail/SMB,Mid-Market SMB (Middle 50%)
10647,698.29,Retail/SMB,High-Value Enterprise (Top 25%)
11843,358.93,Retail/SMB,Mid-Market SMB (Middle 50%)
11509,487.82,Retail/SMB,Mid-Market SMB (Middle 50%)
11155,351.34,Retail/SMB,Mid-Market SMB (Middle 50%)
11529,984.07,Retail/SMB,High-Value Enterprise (Top 25%)
10832,503.28,Retail/SMB,Mid-Market SMB (Middle 50%)
11268,193.77,Retail/SMB,Low-Value Retail (Bottom 25%)
11591,361.64,Retail/SMB,Mid-Market SMB (Middle 50%)
11900,12535.53,Enterprise VIP,High-Value Enterprise (Top 25%)
10563,328.32,Retail/SMB,Mid-Market SMB (Middle 50%)
11952,12834.21,Enterprise VIP,High-Value Enterprise (Top 25%)
10687,466.42,Retail/SMB,Mid-Market SMB (Middle 50%)
10958,480.12,Retail/SMB,Mid-Market SMB (Middle 50%)
10190,390.1,Retail/SMB,Mid-Market SMB (Middle 50%)
11807,742.27,Retail/SMB,High-Value Enterprise (Top 25%)
10976,594.25,Retail/SMB,Mid-Market SMB (Middle 50%)
10700,511.17,Retail/SMB,Mid-Market SMB (Middle 50%)
11500,286.07,Retail/SMB,Low-Value Retail (Bottom 25%)
11706,244.4,Retail/SMB,Low-Value Retail (Bottom 25%)
10511,944.23,Retail/SMB,High-Value Enterprise (Top 25%)
11083,532.61,Retail/SMB,Mid-Market SMB (Middle 50%)
10475,807.57,Retail/SMB,High-Value Enterprise (Top 25%)
11585,623.28,Retail/SMB,Mid-Market SMB (Middle 50%)
10857,266.5,Retail/SMB,Low-Value Retail (Bottom 25%)
10748,615.71,Retail/SMB,Mid-Market SMB (Middle 50%)
10253,684.29,Retail/SMB,High-Value Enterprise (Top 25%)
10022,208.03,Retail/SMB,Low-Value Retail (Bottom 25%)
11338,149.65,Retail/SMB,Low-Value Retail (Bottom 25%)
10460,649.45,Retail/SMB,High-Value Enterprise (Top 25%)
11185,212.26,Retail/SMB,Low-Value Retail (Bottom 25%)
10277,314.39,Retail/SMB,Mid-Market SMB (Middle 50%)
10956,213.66,Retail/SMB,Low-Value Retail (Bottom 25%)
11216,546.93,Retail/SMB,Mid-Market SMB (Middle 50%)
10386,365.32,Retail/SMB,Mid-Market SMB (Middle 50%)
10806,521.46,Retail/SMB,Mid-Market SMB (Middle 50%)
11438,505.32,Retail/SMB,Mid-Market SMB (Middle 50%)
11516,563.45,Retail/SMB,Mid-Market SMB (Middle 50%)
10344,432.46,Retail/SMB,Mid-Market SMB (Middle 50%)
10770,542.81,Retail/SMB,Mid-Market SMB (Middle 50%)
11333,234.64,Retail/SMB,Low-Value Retail (Bottom 25%)
11686,335.37,Retail/SMB,Mid-Market SMB (Middle 50%)
10131,653.94,Retail/SMB,High-Value Enterprise (Top 25%)
11688,528.92,Retail/SMB,Mid-Market SMB (Middle 50%)
10872,143.2,Retail/SMB,Low-Value Retail (Bottom 25%)
11124,598.42,Retail/SMB,Mid-Market SMB (Middle 50%)
11397,998.56,Retail/SMB,High-Value Enterprise (Top 25%)
10088,457.5,Retail/SMB,Mid-Market SMB (Middle 50%)
11483,688.17,Retail/SMB,High-Value Enterprise (Top 25%)
10331,351.69,Retail/SMB,Mid-Market SMB (Middle 50%)
11239,514.11,Retail/SMB,Mid-Market SMB (Middle 50%)
10467,460.19,Retail/SMB,Mid-Market SMB (Middle 50%)
10122,450.56,Retail/SMB,Mid-Market SMB (Middle 50%)
11639,403.63,Retail/SMB,Mid-Market SMB (Middle 50%)
11045,131.73,Retail/SMB,Low-Value Retail (Bottom 25%)
11725,867.82,Retail/SMB,High-Value Enterprise (Top 25%)
11096,485.91,Retail/SMB,Mid-Market SMB (Middle 50%)
11131,130.57,Retail/SMB,Low-Value Retail (Bottom 25%)
11295,435.46,Retail/SMB,Mid-Market SMB (Middle 50%)
10861,218.77,Retail/SMB,Low-Value Retail (Bottom 25%)
11460,624.18,Retail/SMB,Mid-Market SMB (Middle 50%)
11127,383.46,Retail/SMB,Mid-Market SMB (Middle 50%)
