order_id,customer_id,order_date,order_amount,payment_status
50001,1185,2025-01-06,117.01,Paid
50002,1520,2025-03-26,680.62,Paid
50003,1494,2025-01-22,106.87,Processing
50004,1316,2025-02-20,177.29,Paid
50005,1634,2025-03-17,27.75,Processing
50006,1250,2025-02-08,178.91,Paid
50007,1345,2025-03-25,306.0,Paid
50008,1675,2025-02-02,448.29,Paid
50009,1678,2025-02-22,908.33,Refunded
50010,1022,2025-01-27,69.73,Paid
50011,1671,2025-03-18,148.48,Paid
50012,1223,2025-01-21,109.87,Paid
50013,1161,2025-01-08,144.45,Paid
50014,1673,2025-01-25,45.7,Paid
50015,1750,2025-02-27,310.85,Paid
50016,1409,2025-03-16,380.48,Paid
50017,1231,2025-02-15,109.58,Paid
50018,1267,2025-01-09,69.37,Paid
50019,1805,2025-03-04,42.77,Paid
50020,1086,2025-01-01,192.69,Paid
50021,1581,2025-03-18,76.15,Paid
50022,1025,2025-03-23,380.42,Paid
50023,1810,2025-03-26,186.76,Paid
50024,1439,2025-02-25,175.64,Processing
50025,1209,2025-01-16,142.94,Paid
50026,1412,2025-03-16,27.03,Paid
50027,1360,2025-01-14,423.07,Paid
50028,1542,2025-01-12,168.3,Paid
50029,1724,2025-01-24,788.96,Paid
50030,1171,2025-01-24,135.62,Paid
50031,1171,2025-03-24,205.74,Processing
50032,1599,2025-01-04,28.68,Paid
50033,1119,2025-02-02,169.84,Paid
50034,1187,2025-02-02,237.0,Paid
50035,1070,2025-01-15,246.11,Paid
50036,1347,2025-02-26,240.52,Paid
50037,1625,2025-03-15,58.48,Processing
50038,1742,2025-02-20,575.74,Paid
50039,1393,2025-02-24,820.31,Paid
50040,1187,2025-03-26,31.79,Paid
50041,1021,2025-02-23,433.38,Paid
50042,1523,2025-01-09,71.26,Paid
50043,1559,2025-03-13,195.33,Paid
50044,1288,2025-02-17,81.9,Paid
50045,1287,2025-03-06,535.16,Paid
50046,1726,2025-02-02,36.05,Paid
50047,1555,2025-02-21,123.3,Paid
50048,1293,2025-01-18,103.8,Paid
50049,1611,2025-03-02,79.18,Paid
50050,1622,2025-01-14,175.57,Paid
50051,1084,2025-01-18,41.07,Paid
50052,1369,2025-03-10,209.17,Refunded
50053,1448,2025-03-27,611.31,Processing
50054,1262,2025-02-15,264.87,Processing
50055,1444,2025-03-09,314.93,Paid
50056,1554,2025-01-07,86.86,Paid
50057,1015,2025-02-03,78.93,Processing
50058,1820,2025-02-21,129.18,Paid
50059,1785,2025-02-23,27.02,Paid
50060,1514,2025-03-04,456.04,Refunded
50061,1426,2025-03-22,43.29,Paid
50062,1447,2025-03-17,369.98,Paid
50063,1575,2025-03-22,33.09,Paid
50064,1736,2025-03-15,279.42,Paid
50065,1362,2025-02-15,44.72,Paid
50066,1520,2025-02-07,25.83,Paid
50067,1610,2025-01-03,210.67,Paid
50068,1457,2025-02-17,69.33,Paid
50069,1720,2025-02-15,208.02,Paid
50070,1553,2025-01-06,141.48,Paid
50071,1109,2025-01-17,37.28,Paid
50072,1730,2025-02-24,423.52,Paid
50073,1222,2025-01-18,110.31,Paid
50074,1200,2025-01-05,218.89,Paid
50075,1818,2025-01-08,124.28,Paid
50076,1822,2025-03-23,159.09,Paid
50077,1610,2025-02-05,74.1,Paid
50078,1577,2025-02-27,53.54,Paid
50079,1554,2025-03-19,137.32,Paid
50080,1323,2025-03-14,107.03,Processing
50081,1189,2025-01-06,94.17,Processing
50082,1634,2025-01-19,187.47,Paid
50083,1368,2025-01-11,195.92,Paid
50084,1383,2025-02-04,27.05,Paid
50085,1278,2025-01-08,82.04,Paid
50086,1688,2025-02-27,99.59,Paid
50087,1010,2025-02-11,35.29,Paid
50088,1804,2025-03-11,60.36,Paid
50089,1433,2025-02-24,27.95,Paid
50090,1115,2025-02-21,857.58,Paid
50091,1691,2025-01-14,220.09,Paid
50092,1494,2025-02-10,33.73,Paid
50093,1327,2025-02-27,23.07,Paid
50094,1186,2025-03-08,210.56,Refunded
50095,1538,2025-03-02,106.76,Paid
50096,1210,2025-03-16,251.83,Paid
50097,1058,2025-01-13,405.52,Processing
50098,1669,2025-03-12,157.18,Processing
50099,1421,2025-03-22,51.07,Paid
50100,1748,2025-01-17,248.62,Paid
50101,1730,2025-03-02,487.89,Paid
50102,1246,2025-01-01,150.21,Paid
50103,1155,2025-02-19,191.85,Refunded
50104,1208,2025-03-05,81.75,Paid
50105,1684,2025-01-20,92.08,Paid
50106,1129,2025-02-13,219.01,Paid
50107,1480,2025-02-17,414.19,Paid
50108,1785,2025-01-03,168.73,Paid
50109,1607,2025-02-26,253.99,Paid
50110,1768,2025-03-08,48.25,Paid
50111,1171,2025-03-27,55.73,Paid
50112,1381,2025-02-08,133.9,Paid
50113,1432,2025-01-03,49.14,Paid
50114,1363,2025-03-19,171.18,Paid
50115,1750,2025-01-16,71.72,Paid
50116,1039,2025-01-20,255.2,Paid
50117,1371,2025-03-05,267.63,Paid
50118,1699,2025-03-05,113.48,Paid
50119,1307,2025-02-26,49.92,Paid
50120,1622,2025-01-16,176.1,Processing
50121,1166,2025-02-02,759.78,Paid
50122,1644,2025-03-17,166.16,Paid
50123,1038,2025-01-25,25.46,Paid
50124,1058,2025-02-23,22.62,Paid
50125,1833,2025-01-18,77.93,Refunded
50126,1074,2025-03-15,52.68,Paid
50127,1642,2025-01-13,271.54,Paid
50128,1150,2025-02-20,299.46,Paid
50129,1002,2025-01-20,64.89,Paid
50130,1079,2025-02-03,79.1,Paid
50131,1273,2025-03-23,60.43,Paid
50132,1291,2025-03-13,378.52,Paid
50133,1646,2025-01-26,124.77,Paid
50134,1688,2025-02-06,180.13,Paid
50135,1441,2025-02-04,100.55,Paid
50136,1641,2025-02-19,169.55,Paid
50137,1660,2025-03-07,93.13,Paid
50138,1328,2025-02-27,82.25,Paid
50139,1439,2025-03-03,170.97,Paid
50140,1761,2025-03-01,154.13,Paid
50141,1459,2025-02-10,72.12,Paid
50142,1404,2025-01-15,44.26,Paid
50143,1369,2025-03-14,88.97,Processing
50144,1753,2025-02-14,100.47,Paid
50145,1278,2025-02-14,168.61,Paid
50146,1734,2025-01-18,388.94,Processing
50147,1761,2025-03-17,25.53,Refunded
50148,1156,2025-03-20,61.89,Paid
50149,1365,2025-01-27,52.3,Paid
50150,1520,2025-02-20,124.66,Paid
50151,1559,2025-01-10,104.24,Paid
50152,1123,2025-03-17,215.87,Paid
50153,1199,2025-01-17,61.64,Paid
50154,1295,2025-01-18,155.39,Paid
50155,1473,2025-03-02,342.94,Paid
50156,1575,2025-01-23,382.33,Paid
50157,1050,2025-01-22,498.34,Paid
50158,1781,2025-02-15,242.59,Refunded
50159,1151,2025-03-09,374.65,Paid
50160,1530,2025-03-03,60.09,Paid
50161,1696,2025-02-01,53.02,Refunded
50162,1229,2025-02-17,20.98,Processing
50163,1523,2025-01-19,204.06,Paid
50164,1821,2025-02-23,435.81,Processing
50165,1567,2025-03-27,51.04,Paid
50166,1329,2025-01-14,171.98,Paid
50167,1721,2025-02-07,225.83,Paid
50168,1136,2025-01-18,413.86,Paid
50169,1200,2025-02-27,176.13,Paid
50170,1709,2025-01-08,547.46,Paid
50171,1111,2025-03-02,83.39,Paid
50172,1844,2025-01-16,84.6,Paid
50173,1268,2025-03-22,137.46,Paid
50174,1219,2025-03-15,92.56,Paid
50175,1645,2025-01-24,20.21,Paid
50176,1763,2025-02-14,217.39,Paid
50177,1837,2025-02-09,228.98,Paid
50178,1439,2025-03-18,226.14,Paid
50179,1194,2025-01-23,83.47,Paid
50180,1435,2025-01-04,130.81,Paid
50181,1048,2025-01-24,86.94,Paid
50182,1221,2025-02-24,22.42,Refunded
50183,1825,2025-03-24,143.98,Paid
50184,1398,2025-03-26,39.82,Paid
50185,1477,2025-01-22,32.51,Paid
50186,1378,2025-03-05,231.28,Paid
50187,1524,2025-01-20,21.43,Processing
50188,1166,2025-02-18,499.16,Paid
50189,1575,2025-03-24,128.62,Paid
50190,2037,2025-01-20,631.33,Paid
50191,1830,2025-01-18,28.96,Paid
50192,1266,2025-03-15,151.39,Paid
50193,1756,2025-01-06,84.46,Paid
50194,1283,2025-01-16,298.19,Processing
50195,1058,2025-02-16,87.23,Paid
50196,1158,2025-03-17,65.26,Paid
50197,1718,2025-01-25,312.32,Paid
50198,1272,2025-03-20,90.42,Paid
50199,1380,2025-01-07,22.55,Paid
50200,1027,2025-02-12,94.22,Paid
50201,1207,2025-03-16,179.42,Paid
50202,1087,2025-02-27,64.03,Paid
50203,1156,2025-03-17,104.84,Paid
50204,1140,2025-03-01,28.76,Paid
50205,1140,2025-02-08,153.04,Paid
50206,1502,2025-02-25,231.77,Paid
50207,1847,2025-02-19,99.99,Paid
50208,1264,2025-01-09,101.77,Paid
50209,1471,2025-01-06,33.86,Paid
50210,1732,2025-02-15,53.84,Paid
50211,1123,2025-03-21,45.21,Paid
50212,1232,2025-03-18,118.58,Paid
50213,1191,2025-03-26,133.02,Paid
50214,1521,2025-03-08,466.21,Processing
50215,1162,2025-02-08,31.41,Paid
50216,1406,2025-02-19,157.39,Paid
50217,1192,2025-03-10,132.14,Paid
50218,1366,2025-01-07,128.92,Paid
50219,1490,2025-02-08,329.72,Paid
50220,1156,2025-03-04,54.51,Paid
50221,1788,2025-03-19,26.24,Paid
50222,1440,2025-03-04,187.34,Paid
50223,1032,2025-03-25,83.5,Paid
50224,1197,2025-01-13,22.66,Paid
50225,1611,2025-02-21,63.43,Paid
50226,1478,2025-01-04,75.51,Paid
50227,1683,2025-02-08,163.89,Paid
50228,1195,2025-01-11,48.42,Paid
50229,1094,2025-01-21,99.92,Paid
50230,1416,2025-01-27,118.8,Paid
50231,1144,2025-03-23,112.22,Paid
50232,1482,2025-03-18,567.11,Paid
50233,1202,2025-03-11,26.99,Paid
50234,1116,2025-03-08,472.29,Paid
50235,1412,2025-03-10,150.82,Paid
50236,1567,2025-01-20,258.25,Paid
50237,1579,2025-01-08,104.42,Paid
50238,1534,2025-03-16,110.73,Paid
50239,1449,2025-03-15,337.2,Paid
50240,1273,2025-01-21,359.41,Refunded
50241,1404,2025-03-17,60.91,Processing
50242,1058,2025-02-15,53.33,Paid
50243,1391,2025-03-02,122.85,Processing
50244,1602,2025-02-13,365.8,Paid
50245,1019,2025-02-23,78.37,Processing
50246,1806,2025-01-06,178.34,Paid
50247,1052,2025-01-05,204.73,Paid
50248,1022,2025-01-18,246.22,Paid
50249,1304,2025-03-23,144.49,Paid
50250,1719,2025-02-03,97.24,Paid
50251,1750,2025-01-24,531.76,Paid
50252,1481,2025-01-13,161.75,Refunded
50253,1566,2025-02-21,215.61,Paid
50254,1194,2025-01-02,83.46,Paid
50255,1113,2025-01-17,186.28,Paid
50256,1250,2025-03-18,64.72,Paid
50257,1239,2025-01-01,62.17,Paid
50258,1700,2025-01-05,208.14,Paid
50259,1090,2025-03-15,130.53,Paid
50260,1466,2025-03-03,192.46,Paid
50261,1275,2025-02-13,67.09,Paid
50262,1386,2025-03-18,156.97,Paid
50263,1161,2025-01-25,108.03,Paid
50264,1217,2025-03-07,156.31,Paid
50265,1039,2025-02-12,71.56,Processing
50266,1585,2025-03-04,208.53,Processing
50267,1197,2025-03-06,265.93,Paid
50268,1720,2025-01-09,65.15,Paid
50269,1543,2025-02-05,73.63,Paid
50270,1427,2025-03-13,182.33,Paid
50271,1720,2025-01-02,198.4,Paid
50272,1057,2025-02-21,202.66,Paid
50273,1121,2025-01-24,192.19,Paid
50274,1195,2025-01-12,94.84,Paid
50275,1278,2025-02-02,95.34,Paid
50276,1722,2025-01-02,64.12,Paid
50277,1091,2025-03-24,45.59,Paid
50278,1672,2025-02-22,196.93,Paid
50279,1054,2025-02-11,34.67,Paid
50280,1352,2025-03-11,436.59,Paid
50281,2033,2025-01-04,282.9,Processing
50282,1330,2025-01-07,312.27,Paid
50283,1570,2025-01-13,375.74,Processing
50284,1687,2025-01-11,98.79,Paid
50285,1332,2025-02-20,301.3,Processing
50286,1329,2025-03-12,45.81,Paid
50287,1209,2025-03-05,23.28,Paid
50288,1476,2025-01-26,250.49,Paid
50289,1056,2025-02-12,31.66,Paid
50290,1376,2025-02-27,690.13,Paid
50291,1558,2025-02-19,188.5,Paid
50292,1434,2025-01-26,230.03,Paid
50293,1458,2025-01-09,62.32,Paid
50294,1335,2025-03-26,188.07,Paid
50295,1791,2025-03-20,26.63,Paid
50296,1783,2025-01-10,292.86,Paid
50297,1049,2025-01-01,47.88,Paid
50298,1333,2025-02-16,199.28,Paid
50299,1640,2025-02-26,58.13,Paid
50300,1321,2025-03-23,30.64,Processing
50301,1658,2025-01-26,118.52,Paid
50302,1570,2025-01-13,47.82,Paid
50303,1358,2025-01-25,216.09,Paid
50304,1283,2025-01-06,60.69,Paid
50305,1683,2025-03-20,82.89,Paid
50306,1386,2025-02-14,145.7,Paid
50307,1111,2025-02-23,70.31,Paid
50308,1789,2025-03-06,91.22,Refunded
50309,1703,2025-03-13,273.61,Paid
50310,1059,2025-03-12,49.62,Paid
50311,1628,2025-02-02,32.87,Paid
50312,1572,2025-01-03,79.7,Paid
50313,1185,2025-03-04,102.85,Paid
50314,1190,2025-01-22,137.35,Paid
50315,1712,2025-02-07,89.88,Paid
50316,1027,2025-03-11,254.03,Paid
50317,1579,2025-03-03,26.02,Paid
50318,1717,2025-02-06,104.78,Paid
50319,1330,2025-02-02,92.25,Processing
50320,1323,2025-01-14,176.44,Processing
50321,1693,2025-01-18,528.43,Paid
50322,1706,2025-03-12,127.12,Paid
50323,1090,2025-03-13,670.01,Paid
50324,1366,2025-02-12,73.98,Paid
50325,1331,2025-02-09,24.7,Paid
50326,1654,2025-01-21,47.17,Paid
50327,1732,2025-01-21,95.41,Paid
50328,1209,2025-03-24,77.04,Refunded
50329,1706,2025-02-08,35.31,Paid
50330,1718,2025-01-01,105.02,Paid
50331,1563,2025-03-13,81.9,Paid
50332,1502,2025-02-21,39.62,Processing
50333,1097,2025-01-14,72.67,Paid
50334,1173,2025-02-16,346.31,Processing
50335,1682,2025-01-06,73.94,Paid
50336,1220,2025-02-07,207.74,Paid
50337,1171,2025-02-26,162.03,Paid
50338,1440,2025-01-25,103.58,Paid
50339,1674,2025-03-20,60.97,Paid
50340,1502,2025-01-18,89.07,Paid
50341,1340,2025-02-26,154.51,Processing
50342,1276,2025-01-24,84.79,Paid
50343,1019,2025-02-02,56.29,Paid
50344,1283,2025-03-15,38.57,Paid
50345,1399,2025-03-25,337.75,Paid
50346,1509,2025-02-14,107.06,Paid
50347,1658,2025-02-12,167.21,Paid
50348,1094,2025-03-06,121.12,Paid
50349,1222,2025-02-09,329.02,Paid
50350,1368,2025-02-25,138.76,Paid
50351,1232,2025-02-04,118.31,Paid
50352,1342,2025-01-02,407.74,Paid
50353,1397,2025-02-26,210.78,Paid
50354,1368,2025-02-02,37.74,Processing
50355,1367,2025-01-23,49.35,Paid
50356,1680,2025-03-14,252.06,Refunded
50357,1081,2025-01-25,291.05,Paid
50358,1615,2025-03-05,138.18,Paid
50359,1834,2025-02-22,141.27,Paid
50360,1322,2025-02-08,169.92,Paid
50361,1312,2025-02-06,106.74,Paid
50362,1343,2025-03-24,191.01,Processing
50363,1704,2025-03-07,37.22,Paid
50364,1233,2025-03-08,507.71,Paid
50365,1327,2025-01-01,228.04,Paid
50366,2034,2025-02-06,169.61,Paid
50367,1394,2025-02-25,77.04,Paid
50368,1688,2025-02-04,46.32,Processing
50369,1229,2025-02-16,98.98,Paid
50370,1382,2025-01-01,182.52,Processing
50371,1521,2025-02-09,170.65,Paid
50372,1829,2025-03-15,92.35,Paid
50373,1139,2025-03-11,162.51,Paid
50374,1541,2025-03-03,272.1,Paid
50375,1248,2025-02-02,24.0,Paid
50376,1014,2025-01-04,109.85,Paid
50377,1193,2025-02-19,233.17,Processing
50378,1050,2025-02-17,138.5,Paid
50379,1145,2025-03-10,178.11,Processing
50380,1112,2025-02-09,129.06,Paid
50381,1230,2025-03-21,741.91,Paid
50382,1288,2025-03-03,28.43,Paid
50383,1073,2025-02-21,121.31,Paid
50384,1561,2025-01-21,34.38,Paid
50385,1334,2025-03-05,46.11,Paid
50386,1139,2025-03-09,92.44,Paid
50387,1237,2025-01-18,45.36,Paid
50388,1800,2025-01-08,517.34,Paid
50389,1794,2025-02-10,460.03,Paid
50390,1774,2025-03-09,81.45,Paid
50391,1283,2025-01-24,173.14,Paid
50392,1674,2025-01-06,134.46,Paid
50393,1211,2025-01-24,273.59,Processing
50394,1373,2025-03-27,168.11,Paid
50395,1329,2025-01-02,20.04,Paid
50396,1040,2025-03-18,236.06,Paid
50397,1770,2025-03-22,226.06,Paid
50398,1798,2025-03-18,126.92,Paid
50399,1284,2025-03-09,369.83,Paid
50400,1656,2025-03-07,378.62,Paid
50401,1114,2025-01-13,131.32,Paid
50402,1680,2025-01-20,160.47,Paid
50403,1200,2025-01-02,869.2,Paid
50404,1419,2025-02-23,73.25,Processing
50405,1103,2025-03-04,78.87,Paid
50406,1207,2025-03-06,50.28,Paid
50407,1127,2025-03-07,359.31,Paid
50408,1479,2025-02-03,224.67,Paid
50409,1457,2025-02-21,36.75,Refunded
50410,1446,2025-01-06,620.68,Paid
50411,1012,2025-01-20,216.94,Paid
50412,1549,2025-03-11,305.09,Paid
50413,1518,2025-03-18,27.4,Paid
50414,1678,2025-01-04,125.47,Paid
50415,2011,2025-03-13,199.9,Processing
50416,1587,2025-01-14,137.44,Paid
50417,1621,2025-03-02,184.78,Paid
50418,1529,2025-02-14,275.46,Paid
50419,1387,2025-03-07,90.34,Paid
50420,1611,2025-02-11,303.24,Paid
50421,1003,2025-03-16,46.67,Paid
50422,1772,2025-02-06,67.39,Paid
50423,1114,2025-03-06,26.65,Paid
50424,1657,2025-02-24,87.98,Paid
50425,1096,2025-02-27,91.68,Paid
50426,1198,2025-03-27,265.42,Paid
50427,1109,2025-01-24,178.82,Paid
50428,1795,2025-02-09,106.1,Paid
50429,1799,2025-03-25,178.38,Paid
50430,1754,2025-02-18,28.13,Processing
50431,1792,2025-03-19,49.82,Processing
50432,1367,2025-01-07,167.91,Refunded
50433,1201,2025-01-10,173.82,Refunded
50434,1722,2025-02-10,243.17,Paid
50435,1384,2025-02-14,97.38,Refunded
50436,1560,2025-01-22,212.32,Processing
50437,1407,2025-01-06,192.79,Paid
50438,1591,2025-01-13,516.13,Paid
50439,1270,2025-01-13,56.34,Paid
50440,1214,2025-01-14,140.34,Paid
50441,1013,2025-01-09,158.11,Paid
50442,1214,2025-03-08,1010.91,Paid
50443,1106,2025-02-03,53.69,Paid
50444,1297,2025-03-24,131.1,Paid
50445,1264,2025-03-08,83.74,Paid
50446,1407,2025-01-07,131.95,Processing
50447,1608,2025-03-02,59.62,Paid
50448,1619,2025-02-18,27.32,Processing
50449,1678,2025-02-15,147.49,Paid
50450,1381,2025-02-24,81.39,Paid
50451,1243,2025-01-19,50.12,Paid
50452,1306,2025-02-19,78.72,Paid
50453,1657,2025-02-27,27.58,Paid
50454,1350,2025-02-17,470.69,Paid
50455,1420,2025-02-19,150.54,Paid
50456,1598,2025-03-16,272.92,Paid
50457,1612,2025-01-19,102.52,Paid
50458,1526,2025-01-19,370.44,Paid
50459,1440,2025-03-23,119.05,Paid
50460,1164,2025-03-05,147.98,Paid
50461,1029,2025-02-17,121.53,Paid
50462,1388,2025-03-24,218.23,Processing
50463,1154,2025-02-08,145.43,Paid
50464,1478,2025-02-12,67.54,Processing
50465,1720,2025-02-13,43.59,Paid
50466,1734,2025-02-18,159.76,Paid
50467,1556,2025-02-19,120.76,Paid
50468,1405,2025-01-20,35.13,Paid
50469,1057,2025-01-03,95.53,Paid
50470,1681,2025-02-27,128.47,Paid
50471,1298,2025-03-26,283.08,Paid
50472,1435,2025-02-13,31.87,Paid
50473,1776,2025-02-08,84.27,Processing
50474,1388,2025-03-27,279.45,Paid
50475,1480,2025-02-17,176.8,Refunded
50476,1226,2025-03-22,71.36,Paid
50477,1059,2025-01-09,299.97,Paid
50478,1546,2025-03-15,121.97,Paid
50479,1329,2025-01-24,123.48,Paid
50480,1771,2025-01-09,583.17,Refunded
50481,1188,2025-02-23,460.95,Paid
50482,1429,2025-01-16,86.6,Paid
50483,1565,2025-03-24,42.72,Processing
50484,1836,2025-03-23,79.1,Paid
50485,1144,2025-01-26,24.64,Paid
50486,1403,2025-01-13,23.15,Paid
50487,1189,2025-01-15,95.51,Paid
50488,1060,2025-03-01,444.58,Paid
50489,1269,2025-01-05,327.61,Paid
50490,1464,2025-01-12,127.44,Paid
50491,1210,2025-02-13,144.94,Paid
50492,1695,2025-02-08,20.89,Paid
50493,1538,2025-03-06,56.41,Refunded
50494,1796,2025-03-06,23.76,Paid
50495,1036,2025-03-21,230.69,Paid
50496,1082,2025-02-18,43.61,Paid
50497,1697,2025-03-03,324.94,Paid
50498,1713,2025-02-12,174.64,Paid
50499,1630,2025-03-21,59.09,Paid
50500,1391,2025-02-21,45.75,Paid
50501,1496,2025-02-21,168.18,Processing
50502,1622,2025-02-08,366.65,Paid
50503,1123,2025-03-18,210.07,Paid
50504,1439,2025-01-16,84.28,Paid
50505,1048,2025-02-21,152.79,Paid
50506,1702,2025-01-09,75.83,Paid
50507,1480,2025-03-18,1080.46,Paid
50508,1012,2025-01-23,227.25,Paid
50509,1173,2025-01-06,162.94,Paid
50510,1551,2025-03-16,102.55,Processing
50511,1587,2025-01-20,164.41,Paid
50512,1226,2025-01-01,82.7,Paid
50513,1340,2025-02-03,24.39,Paid
50514,1520,2025-03-21,95.4,Paid
50515,1236,2025-03-09,419.92,Paid
50516,1396,2025-02-19,167.65,Paid
50517,1375,2025-01-23,33.15,Paid
50518,1220,2025-03-14,344.42,Paid
50519,1576,2025-03-23,66.98,Paid
50520,1453,2025-03-27,61.91,Paid
50521,1328,2025-03-04,72.88,Paid
50522,1694,2025-03-27,149.13,Refunded
50523,1813,2025-02-02,138.02,Paid
50524,1271,2025-01-18,121.42,Paid
50525,1694,2025-03-26,209.63,Processing
50526,1237,2025-03-06,77.09,Paid
50527,1707,2025-02-13,248.53,Paid
50528,1777,2025-01-09,48.91,Paid
50529,1574,2025-01-15,248.92,Paid
50530,1384,2025-01-22,183.51,Refunded
50531,1246,2025-02-26,192.43,Paid
50532,1716,2025-02-27,118.54,Processing
50533,1508,2025-02-02,184.94,Paid
50534,1211,2025-01-24,32.47,Processing
50535,1692,2025-02-11,306.13,Paid
50536,1047,2025-02-12,28.57,Refunded
50537,1196,2025-02-20,44.16,Processing
50538,1435,2025-03-01,148.98,Paid
50539,1281,2025-03-08,221.72,Paid
50540,1271,2025-01-02,31.9,Paid
50541,1502,2025-01-20,400.3,Processing
50542,1420,2025-01-05,565.2,Paid
50543,1101,2025-02-12,159.69,Paid
50544,1074,2025-01-21,118.45,Processing
50545,1274,2025-02-03,222.87,Paid
50546,1693,2025-03-07,79.7,Paid
50547,1615,2025-02-06,121.96,Paid
50548,1358,2025-03-05,391.81,Paid
50549,1657,2025-03-26,487.36,Paid
50550,1086,2025-01-09,412.74,Paid
50551,1415,2025-02-13,65.66,Paid
50552,1611,2025-03-22,59.69,Paid
50553,1634,2025-02-20,73.0,Paid
50554,1169,2025-02-26,107.32,Paid
50555,1138,2025-01-10,76.57,Paid
50556,1411,2025-02-09,90.31,Paid
50557,1075,2025-02-01,165.39,Paid
50558,1215,2025-01-18,235.65,Paid
50559,1618,2025-03-02,219.52,Paid
50560,1056,2025-03-14,272.64,Paid
50561,1807,2025-02-15,24.91,Paid
50562,1380,2025-02-16,27.34,Processing
50563,1763,2025-03-15,253.66,Paid
50564,1334,2025-03-19,134.24,Paid
50565,1704,2025-03-09,149.46,Paid
50566,1560,2025-01-05,28.1,Refunded
50567,1674,2025-03-20,64.22,Paid
50568,1172,2025-01-24,172.56,Refunded
50569,1392,2025-02-25,314.04,Paid
50570,1126,2025-03-04,393.31,Paid
50571,1292,2025-02-07,124.1,Paid
50572,1690,2025-02-08,138.28,Paid
50573,1156,2025-03-07,288.51,Paid
50574,1532,2025-02-17,135.71,Paid
50575,1193,2025-02-22,129.12,Paid
50576,1180,2025-02-12,373.21,Paid
50577,1722,2025-02-24,254.05,Paid
50578,2040,2025-02-15,379.65,Paid
50579,1117,2025-03-05,56.93,Paid
50580,1035,2025-01-02,131.47,Refunded
50581,1429,2025-01-09,297.22,Paid
50582,1062,2025-02-27,37.67,Paid
50583,1131,2025-03-09,257.46,Paid
50584,1439,2025-03-11,50.31,Paid
50585,1236,2025-01-18,267.63,Paid
50586,1292,2025-01-01,162.01,Paid
50587,1222,2025-01-16,52.21,Paid
50588,1249,2025-02-22,116.18,Paid
50589,1412,2025-02-22,191.81,Paid
50590,1387,2025-01-12,170.71,Paid
50591,1104,2025-03-25,103.6,Paid
50592,1200,2025-02-27,364.44,Paid
50593,1830,2025-01-27,129.87,Paid
50594,1801,2025-02-07,125.74,Paid
50595,1471,2025-03-10,29.64,Refunded
50596,1646,2025-03-25,402.89,Paid
50597,1190,2025-03-05,49.24,Paid
50598,1725,2025-03-20,132.73,Paid
50599,1108,2025-03-10,264.12,Paid
50600,1562,2025-02-26,56.4,Refunded
50601,1103,2025-02-26,132.42,Refunded
50602,1154,2025-02-10,61.3,Paid
50603,1400,2025-01-21,233.88,Paid
50604,1658,2025-02-02,144.63,Paid
50605,1172,2025-01-27,310.67,Paid
50606,1024,2025-01-07,357.44,Refunded
50607,1635,2025-02-24,176.93,Paid
50608,1427,2025-02-09,213.86,Paid
50609,1657,2025-02-23,139.52,Paid
50610,1310,2025-03-16,92.78,Paid
50611,1394,2025-01-27,176.67,Refunded
50612,1285,2025-01-17,378.37,Paid
50613,1676,2025-03-11,100.85,Paid
50614,1782,2025-03-19,76.62,Paid
50615,1789,2025-03-20,93.76,Paid
50616,1059,2025-03-08,105.75,Processing
50617,1768,2025-03-06,31.46,Refunded
50618,1541,2025-01-09,123.51,Processing
50619,1564,2025-03-13,122.28,Paid
50620,1283,2025-03-08,153.17,Paid
50621,1773,2025-02-17,87.61,Paid
50622,1187,2025-01-16,162.44,Paid
50623,1300,2025-02-02,335.83,Paid
50624,1599,2025-02-08,486.74,Paid
50625,1588,2025-01-13,151.42,Paid
50626,1019,2025-02-24,26.53,Paid
50627,1457,2025-02-10,542.21,Paid
50628,1271,2025-02-02,203.56,Paid
50629,1546,2025-03-14,81.41,Processing
50630,1358,2025-03-21,43.88,Paid
50631,1729,2025-01-24,43.22,Paid
50632,1340,2025-03-14,47.54,Processing
50633,1725,2025-01-04,27.0,Paid
50634,1655,2025-02-04,368.65,Paid
50635,1159,2025-02-03,136.73,Paid
50636,1151,2025-01-17,200.58,Paid
50637,1251,2025-03-16,284.13,Paid
50638,1814,2025-02-05,255.2,Processing
50639,1756,2025-03-07,341.33,Paid
50640,1025,2025-02-02,532.85,Paid
50641,1397,2025-03-17,106.72,Paid
50642,1693,2025-02-15,470.37,Paid
50643,1705,2025-03-27,212.72,Paid
50644,1387,2025-01-06,30.99,Paid
50645,1826,2025-02-18,191.75,Paid
50646,2009,2025-01-26,194.1,Paid
50647,1511,2025-02-14,374.45,Paid
50648,1666,2025-02-25,90.01,Paid
50649,1685,2025-03-15,151.89,Paid
50650,1203,2025-02-14,21.84,Paid
50651,1729,2025-02-01,80.54,Paid
50652,1350,2025-02-20,29.64,Paid
50653,1028,2025-02-10,130.68,Refunded
50654,1468,2025-03-24,275.11,Processing
50655,1384,2025-02-27,54.68,Paid
50656,1541,2025-01-01,132.44,Paid
50657,1567,2025-03-09,54.23,Paid
50658,1237,2025-01-02,39.29,Paid
50659,1456,2025-03-11,127.31,Paid
50660,1013,2025-02-25,32.37,Paid
50661,1717,2025-01-19,152.78,Paid
50662,1255,2025-01-24,24.78,Paid
50663,1284,2025-03-20,36.93,Paid
50664,1832,2025-03-17,139.78,Paid
50665,1042,2025-01-13,154.26,Paid
50666,1787,2025-02-27,24.41,Paid
50667,1191,2025-01-10,147.78,Paid
50668,1301,2025-01-08,293.49,Refunded
50669,1143,2025-03-06,212.19,Paid
50670,1355,2025-03-16,41.09,Refunded
50671,1189,2025-01-21,154.65,Paid
50672,1835,2025-01-22,187.33,Paid
50673,1715,2025-02-10,25.69,Paid
50674,1066,2025-02-20,310.01,Paid
50675,1214,2025-01-16,375.1,Paid
50676,1442,2025-01-17,305.02,Paid
50677,1460,2025-02-26,281.13,Paid
50678,1479,2025-01-14,224.95,Paid
50679,1839,2025-03-21,170.54,Paid
50680,1778,2025-01-17,190.27,Processing
50681,1766,2025-02-08,266.29,Paid
50682,1634,2025-01-21,182.93,Paid
50683,1728,2025-01-08,79.56,Paid
50684,1138,2025-01-17,90.73,Paid
50685,1489,2025-03-07,361.04,Paid
50686,1426,2025-01-01,22.59,Paid
50687,1350,2025-01-25,200.01,Paid
50688,1701,2025-02-26,484.42,Paid
50689,1781,2025-02-27,203.74,Paid
50690,1066,2025-01-16,785.22,Processing
50691,1330,2025-02-05,194.49,Paid
50692,1469,2025-01-12,25.25,Paid
50693,1798,2025-03-16,283.18,Paid
50694,1084,2025-02-15,70.24,Paid
50695,1109,2025-03-16,108.6,Paid
50696,1320,2025-01-12,76.12,Paid
50697,1028,2025-02-14,66.91,Paid
50698,1364,2025-03-02,104.69,Processing
50699,1579,2025-01-03,91.4,Paid
50700,1784,2025-01-11,170.5,Refunded
50701,1432,2025-03-25,271.62,Paid
50702,1428,2025-02-10,72.88,Paid
50703,1746,2025-02-14,56.07,Paid
50704,1667,2025-01-20,184.89,Paid
50705,1691,2025-03-21,186.44,Paid
50706,1517,2025-02-22,367.09,Paid
50707,1168,2025-01-09,22.41,Paid
50708,1289,2025-01-05,307.64,Paid
50709,1736,2025-03-01,130.41,Paid
50710,1712,2025-01-10,165.65,Paid
50711,1611,2025-01-26,34.37,Paid
50712,1410,2025-02-22,105.01,Paid
50713,1378,2025-03-14,58.68,Refunded
50714,1424,2025-01-17,64.0,Paid
50715,1560,2025-02-26,125.21,Paid
50716,1514,2025-01-06,271.06,Paid
50717,1057,2025-03-10,224.26,Processing
50718,1212,2025-03-07,154.11,Paid
50719,1381,2025-03-02,136.29,Paid
50720,1423,2025-03-12,103.61,Paid
50721,1433,2025-03-12,560.19,Paid
50722,1071,2025-02-03,143.21,Paid
50723,1502,2025-02-20,63.95,Processing
50724,1248,2025-01-11,59.22,Paid
50725,1334,2025-02-25,161.76,Refunded
50726,1311,2025-03-03,130.98,Paid
50727,1523,2025-02-05,21.16,Refunded
50728,1439,2025-02-23,285.85,Processing
50729,1712,2025-03-03,202.67,Paid
50730,1845,2025-03-13,182.63,Paid
50731,1801,2025-01-08,30.69,Paid
50732,1099,2025-02-02,87.43,Paid
50733,1236,2025-02-19,430.89,Paid
50734,1214,2025-02-09,317.72,Paid
50735,1406,2025-02-06,70.43,Paid
50736,1234,2025-01-04,45.63,Paid
50737,1592,2025-01-27,109.43,Processing
50738,1422,2025-01-09,85.97,Paid
50739,1468,2025-02-21,191.96,Paid
50740,1808,2025-03-14,529.14,Paid
50741,1363,2025-03-21,87.65,Paid
50742,1492,2025-03-03,29.64,Paid
50743,1528,2025-01-21,361.85,Paid
50744,1057,2025-02-14,25.8,Paid
50745,1408,2025-02-09,477.9,Paid
50746,1813,2025-03-07,183.86,Paid
50747,1347,2025-02-06,446.3,Paid
50748,1727,2025-01-15,53.41,Paid
50749,1595,2025-02-08,26.23,Paid
50750,1831,2025-01-26,120.48,Paid
50751,1384,2025-01-19,109.85,Paid
50752,1822,2025-01-22,80.41,Processing
50753,1699,2025-03-07,494.29,Paid
50754,1658,2025-02-18,279.39,Paid
50755,1318,2025-02-15,182.52,Paid
50756,1078,2025-02-18,46.66,Paid
50757,1785,2025-01-09,218.82,Paid
50758,1198,2025-02-05,214.75,Paid
50759,1638,2025-03-08,103.03,Paid
50760,1314,2025-01-11,408.11,Paid
50761,1470,2025-01-17,47.4,Paid
50762,1016,2025-02-04,66.66,Processing
50763,1686,2025-03-19,29.8,Paid
50764,1516,2025-02-02,258.04,Paid
50765,1278,2025-01-12,165.83,Paid
50766,1171,2025-01-24,76.74,Processing
50767,1767,2025-01-10,46.84,Paid
50768,1584,2025-03-25,26.15,Paid
50769,1781,2025-02-19,47.36,Paid
50770,1758,2025-02-13,110.57,Paid
50771,1074,2025-02-24,62.59,Paid
50772,1444,2025-02-26,64.96,Paid
50773,1574,2025-02-16,332.61,Paid
50774,1021,2025-03-17,128.58,Paid
50775,1137,2025-03-12,215.99,Paid
50776,1514,2025-02-10,25.45,Paid
50777,1703,2025-01-21,88.16,Paid
50778,1539,2025-03-19,117.85,Paid
50779,1182,2025-01-12,50.95,Paid
50780,1678,2025-03-06,39.21,Paid
50781,1073,2025-02-04,326.38,Processing
50782,1611,2025-01-19,440.6,Paid
50783,1422,2025-02-03,32.31,Paid
50784,1725,2025-02-16,84.39,Paid
50785,1515,2025-03-12,496.54,Paid
50786,1504,2025-03-19,33.02,Processing
50787,1444,2025-01-02,174.77,Paid
50788,1537,2025-01-26,557.52,Processing
50789,1313,2025-01-13,594.04,Paid
50790,1181,2025-02-02,115.58,Paid
50791,1251,2025-02-19,46.64,Processing
50792,1490,2025-02-24,53.86,Paid
50793,1182,2025-01-09,350.55,Paid
50794,1515,2025-01-10,384.02,Refunded
50795,1430,2025-02-19,160.43,Paid
50796,1578,2025-03-25,237.98,Paid
50797,1506,2025-03-24,222.02,Paid
50798,1162,2025-03-09,182.63,Paid
50799,1466,2025-02-23,283.41,Paid
50800,1687,2025-02-04,193.47,Refunded
50801,1305,2025-01-09,134.54,Paid
50802,1316,2025-03-08,60.57,Paid
50803,1732,2025-01-05,224.32,Processing
50804,1596,2025-01-11,116.21,Paid
50805,1181,2025-03-11,72.39,Paid
50806,1141,2025-01-14,262.88,Paid
50807,1433,2025-01-18,198.96,Refunded
50808,1777,2025-03-12,435.5,Refunded
50809,1618,2025-02-10,47.13,Paid
50810,1656,2025-03-18,177.13,Processing
50811,1257,2025-02-15,62.0,Paid
50812,1160,2025-02-18,370.86,Paid
50813,1057,2025-03-12,35.72,Refunded
50814,1197,2025-01-20,180.14,Paid
50815,1401,2025-01-18,254.87,Paid
50816,1850,2025-03-23,85.76,Paid
50817,1245,2025-02-01,482.32,Paid
50818,1427,2025-02-03,305.3,Paid
50819,1245,2025-03-04,72.35,Paid
50820,1274,2025-01-20,21.14,Processing
50821,1817,2025-03-03,72.79,Processing
50822,1787,2025-03-07,69.55,Paid
50823,1845,2025-02-21,351.04,Paid
50824,1125,2025-02-16,532.24,Paid
50825,1508,2025-02-04,30.96,Paid
50826,1296,2025-01-10,115.6,Paid
50827,1759,2025-01-14,139.22,Paid
50828,1437,2025-01-11,34.63,Paid
50829,1274,2025-03-18,91.1,Paid
50830,1413,2025-03-17,77.21,Paid
50831,1828,2025-02-03,135.2,Paid
50832,1339,2025-03-18,182.35,Paid
50833,1675,2025-03-03,202.35,Paid
50834,1443,2025-02-15,42.06,Paid
50835,1011,2025-03-11,271.46,Paid
50836,1138,2025-03-25,190.23,Paid
50837,1505,2025-01-11,349.84,Paid
50838,1310,2025-03-01,109.49,Paid
50839,1040,2025-03-05,356.49,Paid
50840,1721,2025-02-10,321.23,Paid
50841,1730,2025-02-02,106.55,Paid
50842,1741,2025-02-18,91.98,Processing
50843,1849,2025-01-19,425.04,Paid
50844,1779,2025-01-20,208.38,Paid
50845,1775,2025-02-11,415.18,Refunded
50846,1660,2025-02-26,259.16,Paid
50847,1329,2025-02-06,160.97,Paid
50848,1767,2025-03-10,38.47,Paid
50849,1659,2025-02-23,71.69,Paid
50850,1513,2025-01-22,540.3,Paid
50851,1626,2025-03-19,77.72,Paid
50852,1194,2025-01-24,34.68,Paid
50853,1524,2025-02-24,204.42,Refunded
50854,1396,2025-02-14,218.64,Paid
50855,1052,2025-03-20,70.42,Paid
50856,1706,2025-02-26,73.0,Paid
50857,1078,2025-02-09,114.92,Paid
50858,1605,2025-01-12,23.3,Paid
50859,1118,2025-01-26,253.61,Paid
50860,1291,2025-02-08,77.21,Paid
50861,1810,2025-03-27,308.38,Paid
50862,1597,2025-02-25,263.4,Paid
50863,1219,2025-01-05,182.44,Paid
50864,1738,2025-02-05,78.93,Refunded
50865,1366,2025-03-27,128.95,Paid
50866,1756,2025-01-15,108.27,Paid
50867,1588,2025-01-09,82.07,Paid
50868,1676,2025-03-08,302.72,Refunded
50869,1173,2025-03-19,119.1,Processing
50870,1143,2025-03-05,288.22,Paid
50871,1642,2025-03-07,36.68,Paid
50872,1332,2025-02-27,42.8,Paid
50873,1297,2025-03-25,587.94,Paid
50874,1135,2025-01-10,152.93,Paid
50875,1144,2025-03-11,126.93,Paid
50876,1648,2025-03-10,131.08,Paid
50877,1837,2025-03-23,56.36,Paid
50878,1386,2025-03-03,210.25,Paid
50879,1569,2025-02-25,33.29,Paid
50880,1164,2025-03-20,147.76,Paid
50881,1389,2025-02-22,146.86,Paid
50882,1412,2025-02-25,388.34,Paid
50883,1327,2025-03-07,132.04,Processing
50884,1112,2025-02-21,42.11,Paid
50885,1265,2025-03-20,147.56,Paid
50886,1797,2025-01-10,34.37,Paid
50887,1493,2025-01-15,54.18,Paid
50888,1344,2025-03-18,24.74,Processing
50889,1416,2025-03-04,128.01,Paid
50890,1548,2025-01-03,33.25,Paid
50891,1277,2025-01-21,115.06,Paid
50892,1146,2025-02-04,425.34,Processing
50893,1241,2025-01-15,210.82,Paid
50894,1294,2025-01-01,32.09,Paid
50895,1405,2025-02-07,58.08,Paid
50896,1534,2025-03-12,187.97,Paid
50897,1589,2025-03-01,357.64,Paid
50898,1054,2025-03-19,25.02,Paid
50899,1433,2025-01-26,271.06,Paid
50900,1479,2025-02-13,143.77,Paid
50901,1635,2025-02-22,138.48,Paid
50902,1402,2025-02-12,494.85,Processing
50903,1490,2025-03-06,226.54,Processing
50904,1558,2025-03-10,304.69,Paid
50905,1055,2025-03-24,85.54,Paid
50906,1556,2025-01-02,141.24,Processing
50907,1042,2025-03-09,163.33,Paid
50908,1064,2025-01-12,78.2,Paid
50909,1498,2025-01-01,146.68,Processing
50910,1606,2025-02-15,60.51,Paid
50911,1186,2025-01-18,43.21,Paid
50912,1215,2025-01-01,90.25,Paid
50913,1013,2025-01-18,221.65,Paid
50914,1666,2025-03-26,391.88,Paid
50915,1343,2025-02-04,111.79,Processing
50916,1835,2025-01-23,174.43,Paid
50917,1141,2025-01-02,36.31,Paid
50918,1336,2025-01-07,372.24,Paid
50919,1699,2025-01-06,146.11,Paid
50920,1206,2025-01-22,247.35,Paid
50921,1742,2025-03-05,257.3,Paid
50922,1010,2025-03-18,64.45,Processing
50923,1259,2025-02-25,132.99,Paid
50924,1388,2025-01-21,504.64,Paid
50925,1137,2025-03-06,34.09,Paid
50926,1472,2025-02-27,192.35,Paid
50927,1421,2025-01-21,511.57,Paid
50928,1677,2025-03-02,73.62,Paid
50929,1816,2025-02-02,316.48,Processing
50930,1589,2025-02-15,426.94,Paid
50931,1537,2025-02-04,226.21,Paid
50932,1103,2025-03-09,59.46,Paid
50933,1747,2025-03-13,80.97,Paid
50934,1518,2025-03-12,25.47,Paid
50935,1589,2025-03-13,287.08,Paid
50936,1599,2025-03-14,304.18,Paid
50937,1136,2025-01-13,170.24,Paid
50938,1050,2025-03-22,85.2,Paid
50939,1539,2025-01-08,31.99,Paid
50940,1438,2025-03-02,229.79,Paid
50941,1726,2025-03-23,214.48,Paid
50942,1503,2025-01-13,385.59,Paid
50943,1557,2025-03-09,216.7,Paid
50944,1649,2025-01-14,284.65,Paid
50945,1300,2025-02-15,225.54,Paid
50946,1825,2025-03-15,169.42,Processing
50947,1476,2025-03-24,103.52,Paid
50948,1368,2025-02-08,368.6,Paid
50949,1433,2025-01-19,177.89,Processing
50950,1324,2025-03-04,96.21,Refunded
50951,1230,2025-02-16,33.07,Processing
50952,1206,2025-02-23,71.52,Paid
50953,1508,2025-01-06,137.7,Refunded
50954,1180,2025-03-15,68.37,Paid
50955,1356,2025-01-03,57.51,Paid
50956,1020,2025-03-03,132.42,Paid
50957,1720,2025-02-18,47.92,Refunded
50958,2044,2025-01-16,261.72,Paid
50959,1019,2025-03-10,119.35,Paid
50960,1733,2025-01-04,147.95,Paid
50961,1075,2025-03-05,43.92,Paid
50962,1071,2025-01-12,78.86,Refunded
50963,1770,2025-01-24,99.17,Paid
50964,1063,2025-01-16,267.71,Paid
50965,1165,2025-01-05,240.56,Paid
50966,1468,2025-01-15,57.84,Paid
50967,1514,2025-03-21,163.64,Paid
50968,2005,2025-03-21,61.85,Paid
50969,1666,2025-03-21,686.55,Paid
50970,1375,2025-02-09,475.87,Paid
50971,1429,2025-01-12,144.26,Paid
50972,1318,2025-02-14,200.05,Paid
50973,1584,2025-02-01,262.49,Paid
50974,1118,2025-02-02,211.48,Processing
50975,1651,2025-03-03,200.51,Paid
50976,1513,2025-02-06,497.5,Paid
50977,1658,2025-02-20,156.12,Paid
50978,1117,2025-01-02,171.71,Paid
50979,1276,2025-02-26,303.84,Refunded
50980,1750,2025-02-23,186.25,Paid
50981,1184,2025-02-06,218.04,Paid
50982,1656,2025-03-17,60.02,Paid
50983,1528,2025-02-14,89.61,Paid
50984,1273,2025-01-23,43.9,Paid
50985,1001,2025-01-02,125.71,Paid
50986,1182,2025-01-12,111.25,Paid
50987,1260,2025-03-22,899.74,Refunded
50988,1700,2025-03-07,161.71,Paid
50989,1627,2025-01-21,251.58,Refunded
50990,1343,2025-03-12,80.97,Paid
50991,1249,2025-03-18,287.16,Paid
50992,1428,2025-03-16,163.21,Paid
50993,1428,2025-03-05,199.1,Paid
50994,1117,2025-03-15,72.31,Paid
50995,1779,2025-01-18,139.32,Paid
50996,1729,2025-01-04,170.78,Paid
50997,1063,2025-01-04,153.41,Paid
50998,1335,2025-03-15,390.11,Paid
50999,1130,2025-02-12,362.82,Paid
51000,1830,2025-03-10,550.99,Processing
51001,1797,2025-02-22,185.13,Paid
51002,1845,2025-02-17,555.87,Paid
51003,1112,2025-01-19,288.0,Paid
51004,1699,2025-03-26,67.38,Paid
51005,1088,2025-03-01,103.64,Paid
51006,1359,2025-03-23,60.85,Paid
51007,1776,2025-02-14,20.63,Paid
51008,1491,2025-02-10,51.25,Paid
51009,1077,2025-01-11,20.61,Paid
51010,1661,2025-02-16,210.86,Paid
51011,1195,2025-01-09,103.15,Paid
51012,1026,2025-03-14,76.22,Paid
51013,1601,2025-03-09,235.15,Processing
51014,1102,2025-01-07,288.0,Paid
51015,1253,2025-02-26,575.14,Processing
51016,1044,2025-03-15,174.09,Paid
51017,1325,2025-02-26,112.85,Paid
51018,1793,2025-02-23,74.63,Paid
51019,1336,2025-01-26,57.72,Processing
51020,1315,2025-02-12,55.91,Paid
51021,1561,2025-03-16,98.94,Paid
51022,1416,2025-01-08,740.29,Paid
51023,1016,2025-01-06,20.13,Processing
51024,1228,2025-03-04,52.95,Paid
51025,1461,2025-01-11,51.31,Paid
51026,1758,2025-01-18,209.41,Paid
51027,1731,2025-03-18,85.19,Paid
51028,1234,2025-01-05,111.67,Paid
51029,1227,2025-02-01,44.14,Paid
51030,1333,2025-02-18,97.88,Paid
51031,1542,2025-02-05,36.34,Paid
51032,1628,2025-03-06,134.23,Paid
51033,1347,2025-03-24,35.46,Paid
51034,1454,2025-01-16,254.46,Paid
51035,1114,2025-02-21,145.41,Paid
51036,1306,2025-02-02,213.09,Paid
51037,1753,2025-03-21,101.33,Paid
51038,1720,2025-03-13,92.07,Paid
51039,1470,2025-03-17,35.51,Paid
51040,1638,2025-01-16,131.31,Paid
51041,1537,2025-01-18,128.39,Paid
51042,1039,2025-02-03,114.7,Paid
51043,1125,2025-01-18,222.36,Paid
51044,1281,2025-02-26,288.02,Paid
51045,1127,2025-03-06,228.42,Paid
51046,1294,2025-03-26,43.3,Paid
51047,1752,2025-01-08,165.95,Paid
51048,1312,2025-03-06,32.56,Paid
51049,2018,2025-01-23,197.93,Processing
51050,1830,2025-03-10,92.15,Processing
51051,1181,2025-03-17,41.32,Paid
51052,1418,2025-01-07,317.13,Paid
51053,1608,2025-01-27,162.79,Paid
51054,1439,2025-01-03,85.71,Processing
51055,1270,2025-03-15,24.68,Paid
51056,1147,2025-01-11,135.6,Paid
51057,1289,2025-02-18,405.03,Paid
51058,1615,2025-03-06,156.09,Paid
51059,1466,2025-03-05,554.47,Paid
51060,1206,2025-01-19,42.01,Paid
51061,1113,2025-03-13,146.01,Processing
51062,1612,2025-01-06,260.02,Paid
51063,1476,2025-03-21,131.84,Paid
51064,1671,2025-01-27,34.32,Paid
51065,1709,2025-02-14,151.16,Paid
51066,1524,2025-02-06,161.91,Paid
51067,1530,2025-01-11,215.68,Paid
51068,1246,2025-03-09,234.83,Processing
51069,1445,2025-01-17,240.96,Paid
51070,1408,2025-03-07,183.35,Paid
51071,1532,2025-03-21,56.47,Processing
51072,1744,2025-01-25,97.69,Processing
51073,1082,2025-03-25,244.5,Paid
51074,1611,2025-01-19,480.01,Paid
51075,1820,2025-01-19,32.34,Paid
51076,1444,2025-03-23,135.03,Paid
51077,1283,2025-02-15,76.21,Processing
51078,1365,2025-03-12,58.31,Paid
51079,1280,2025-03-13,125.73,Paid
51080,1727,2025-02-05,159.74,Paid
51081,1809,2025-02-16,21.47,Paid
51082,1183,2025-02-07,247.26,Paid
51083,1818,2025-03-13,277.12,Processing
51084,1808,2025-02-16,525.07,Paid
51085,1467,2025-03-16,49.89,Processing
51086,1550,2025-03-23,155.41,Paid
51087,1550,2025-03-13,103.43,Paid
51088,1184,2025-01-23,81.16,Paid
51089,1492,2025-03-15,145.08,Paid
51090,1116,2025-03-07,248.75,Paid
51091,1700,2025-02-18,23.5,Paid
51092,1008,2025-02-18,543.01,Paid
51093,1754,2025-03-14,269.02,Paid
51094,1495,2025-02-08,228.64,Paid
51095,1161,2025-02-26,234.31,Paid
51096,1249,2025-03-20,93.91,Paid
51097,1074,2025-02-18,228.92,Paid
51098,1780,2025-03-20,93.35,Paid
51099,1217,2025-02-19,363.46,Paid
51100,1443,2025-02-21,49.26,Paid
51101,1339,2025-01-02,71.87,Paid
51102,1135,2025-01-11,140.22,Paid
51103,1766,2025-02-23,77.68,Paid
51104,1026,2025-01-09,102.81,Paid
51105,1076,2025-01-17,121.72,Processing
51106,1850,2025-03-09,311.06,Paid
51107,1646,2025-02-01,131.1,Paid
51108,1492,2025-02-04,87.52,Processing
51109,1338,2025-02-04,62.7,Processing
51110,1177,2025-02-08,98.81,Paid
51111,1658,2025-02-19,128.77,Paid
51112,1267,2025-02-20,225.63,Refunded
51113,1196,2025-01-10,39.35,Paid
51114,1068,2025-01-08,57.58,Paid
51115,1762,2025-03-14,91.62,Paid
51116,1066,2025-01-23,87.04,Paid
51117,1541,2025-03-05,94.57,Processing
51118,1849,2025-02-27,256.63,Paid
51119,1497,2025-01-18,78.77,Paid
51120,1225,2025-03-17,124.54,Paid
51121,1635,2025-03-21,166.69,Paid
51122,1805,2025-03-17,59.63,Paid
51123,1262,2025-02-17,210.25,Processing
51124,1801,2025-02-05,138.82,Paid
51125,1384,2025-01-09,108.8,Paid
51126,1349,2025-02-02,268.94,Paid
51127,1764,2025-03-23,61.86,Paid
51128,1117,2025-03-03,342.06,Paid
51129,1556,2025-01-14,143.51,Paid
51130,1382,2025-02-14,160.92,Paid
51131,1817,2025-02-03,331.99,Paid
51132,1351,2025-01-16,275.22,Paid
51133,1723,2025-01-04,158.03,Paid
51134,1794,2025-01-01,229.87,Paid
51135,1725,2025-01-18,105.19,Paid
51136,1822,2025-02-08,138.9,Paid
51137,1008,2025-02-27,29.61,Paid
51138,1026,2025-02-27,34.12,Paid
51139,1414,2025-03-16,285.29,Paid
51140,1386,2025-02-10,29.23,Paid
51141,1204,2025-02-16,47.84,Paid
51142,1110,2025-03-20,258.32,Paid
51143,1204,2025-03-01,20.17,Refunded
51144,1462,2025-03-03,69.78,Paid
51145,1517,2025-02-09,151.57,Paid
51146,1211,2025-01-22,155.75,Paid
51147,1811,2025-01-01,245.19,Paid
51148,1073,2025-02-17,125.76,Paid
51149,1482,2025-03-19,126.82,Refunded
51150,1064,2025-03-08,213.82,Paid
51151,1401,2025-03-15,123.56,Paid
51152,1440,2025-03-07,160.66,Paid
51153,1200,2025-03-08,362.09,Paid
51154,1344,2025-02-26,96.99,Paid
51155,1804,2025-03-10,92.95,Paid
51156,1446,2025-02-04,20.53,Refunded
51157,1576,2025-03-11,162.56,Paid
51158,1738,2025-02-03,24.53,Paid
51159,2032,2025-03-03,125.22,Paid
51160,1012,2025-03-06,264.63,Paid
51161,1021,2025-01-14,139.75,Paid
51162,1171,2025-01-21,67.13,Paid
51163,1708,2025-01-26,251.38,Paid
51164,1168,2025-02-16,67.15,Processing
51165,1383,2025-02-10,218.09,Paid
51166,1595,2025-02-05,161.34,Paid
51167,1442,2025-02-12,47.95,Paid
51168,1609,2025-01-14,373.29,Paid
51169,1490,2025-02-03,53.59,Refunded
51170,1340,2025-01-12,704.71,Refunded
51171,1760,2025-02-12,21.1,Processing
51172,1171,2025-02-02,65.87,Paid
51173,1413,2025-03-17,53.45,Processing
51174,1796,2025-02-18,22.11,Processing
51175,1090,2025-02-19,217.72,Paid
51176,1238,2025-02-21,197.34,Paid
51177,1775,2025-01-24,255.79,Paid
51178,1351,2025-01-04,64.5,Paid
51179,1491,2025-01-04,108.14,Paid
51180,1633,2025-02-02,181.43,Paid
51181,1542,2025-03-21,106.91,Paid
51182,1445,2025-02-13,199.26,Paid
51183,1272,2025-01-22,170.76,Paid
51184,1290,2025-03-20,38.27,Paid
51185,1687,2025-03-15,247.83,Paid
51186,1147,2025-02-03,211.31,Processing
51187,1490,2025-03-20,179.99,Processing
51188,1433,2025-01-13,45.28,Processing
51189,1208,2025-01-07,66.8,Paid
51190,1072,2025-02-09,94.93,Paid
51191,1527,2025-02-27,69.26,Paid
51192,1288,2025-03-05,58.78,Paid
51193,1009,2025-02-05,265.49,Refunded
51194,1581,2025-03-09,172.51,Paid
51195,1363,2025-03-09,145.02,Paid
51196,1708,2025-02-26,58.42,Paid
51197,1287,2025-02-24,395.3,Processing
51198,1157,2025-02-09,51.83,Paid
51199,1841,2025-01-17,257.68,Paid
51200,1424,2025-01-24,530.21,Paid
51201,1378,2025-03-07,214.79,Paid
51202,1303,2025-01-11,761.28,Paid
51203,1266,2025-03-26,177.92,Processing
51204,1504,2025-01-03,56.78,Paid
51205,1050,2025-03-21,54.19,Paid
51206,1310,2025-02-01,78.86,Processing
51207,1431,2025-02-27,21.07,Paid
51208,1300,2025-02-02,191.71,Processing
51209,1534,2025-01-23,66.93,Processing
51210,1143,2025-01-04,273.26,Paid
51211,1255,2025-03-04,86.75,Paid
51212,1076,2025-01-05,118.08,Paid
51213,1785,2025-02-20,525.84,Processing
51214,1610,2025-01-23,61.59,Processing
51215,1390,2025-01-18,211.62,Paid
51216,1442,2025-01-25,231.05,Paid
51217,1051,2025-01-22,57.46,Paid
51218,1465,2025-03-02,124.27,Refunded
51219,1273,2025-02-05,84.66,Paid
51220,1730,2025-03-22,241.7,Paid
51221,1827,2025-03-05,166.12,Paid
51222,1489,2025-02-07,116.93,Paid
51223,1166,2025-03-17,246.69,Processing
51224,1537,2025-02-24,60.21,Paid
51225,1688,2025-03-13,230.13,Paid
51226,1315,2025-03-25,320.79,Paid
51227,1211,2025-03-15,336.33,Paid
51228,1785,2025-01-18,249.65,Paid
51229,1431,2025-01-10,98.64,Paid
51230,2019,2025-03-07,621.02,Paid
51231,1586,2025-01-05,91.61,Processing
51232,1557,2025-02-04,172.68,Paid
51233,1530,2025-02-12,46.34,Refunded
51234,1335,2025-02-13,610.21,Paid
51235,1223,2025-03-01,202.6,Paid
51236,1228,2025-03-25,229.98,Paid
51237,1112,2025-01-26,30.21,Paid
51238,1069,2025-03-17,236.22,Paid
51239,1597,2025-01-23,243.56,Paid
51240,1619,2025-01-23,187.11,Paid
51241,1426,2025-02-16,71.78,Paid
51242,1580,2025-02-16,120.91,Paid
51243,1843,2025-03-26,37.55,Paid
51244,1660,2025-03-09,115.68,Paid
51245,1269,2025-03-13,61.92,Paid
51246,1446,2025-02-20,84.41,Paid
51247,1296,2025-01-17,46.62,Processing
51248,1083,2025-03-06,59.22,Paid
51249,1620,2025-01-17,31.95,Refunded
51250,1619,2025-03-04,398.67,Paid
51251,1393,2025-03-14,133.38,Refunded
51252,1180,2025-01-11,95.81,Paid
51253,1677,2025-03-04,134.87,Paid
51254,1082,2025-03-02,168.45,Paid
51255,1686,2025-03-10,402.42,Paid
51256,1251,2025-02-13,49.53,Processing
51257,1699,2025-01-26,72.55,Paid
51258,1394,2025-01-23,578.14,Paid
51259,1501,2025-01-18,89.59,Paid
51260,1345,2025-01-16,23.42,Paid
51261,1143,2025-03-10,43.96,Paid
51262,1571,2025-01-12,24.0,Paid
51263,1447,2025-02-19,709.63,Paid
51264,1271,2025-01-18,69.04,Paid
51265,1422,2025-02-22,405.65,Paid
51266,1186,2025-01-01,844.01,Paid
51267,1237,2025-01-11,157.38,Paid
51268,1365,2025-03-04,25.06,Paid
51269,1355,2025-03-22,32.77,Paid
51270,1658,2025-02-26,118.55,Processing
51271,1079,2025-02-22,98.17,Paid
51272,1480,2025-01-26,159.78,Refunded
51273,1777,2025-01-27,106.66,Paid
51274,1192,2025-03-23,427.89,Processing
51275,1294,2025-03-23,134.77,Paid
51276,1588,2025-02-02,197.49,Paid
51277,1452,2025-02-23,360.21,Paid
51278,1601,2025-03-20,43.83,Paid
51279,1106,2025-02-03,59.15,Processing
51280,1365,2025-03-07,37.03,Paid
51281,1759,2025-01-23,42.56,Paid
51282,1442,2025-01-17,127.8,Paid
51283,1359,2025-02-04,78.11,Refunded
51284,1338,2025-03-13,102.53,Paid
51285,1603,2025-03-02,626.75,Paid
51286,1529,2025-02-01,45.57,Paid
51287,1808,2025-02-26,136.74,Paid
51288,1045,2025-02-08,35.62,Processing
51289,1432,2025-03-24,77.52,Paid
51290,1374,2025-03-16,132.47,Paid
51291,1752,2025-01-17,459.58,Paid
51292,1791,2025-02-20,94.45,Processing
51293,1506,2025-02-08,30.07,Paid
51294,1843,2025-01-02,93.69,Refunded
51295,1849,2025-01-19,43.63,Paid
51296,1665,2025-02-10,59.2,Paid
51297,1090,2025-02-07,164.39,Paid
51298,1285,2025-03-26,30.47,Paid
51299,1810,2025-01-04,113.75,Refunded
51300,1530,2025-03-10,161.03,Paid
51301,1383,2025-02-15,102.19,Paid
51302,1130,2025-01-20,22.9,Refunded
51303,1084,2025-02-25,655.24,Paid
51304,1101,2025-01-19,88.62,Paid
51305,1388,2025-02-26,246.15,Paid
51306,1053,2025-01-07,79.1,Paid
51307,1326,2025-03-07,116.66,Processing
51308,1001,2025-01-13,93.77,Paid
51309,1701,2025-02-16,82.91,Paid
51310,1326,2025-03-09,23.31,Paid
51311,1485,2025-03-05,86.95,Paid
51312,1024,2025-02-21,350.4,Paid
51313,1182,2025-03-21,195.87,Paid
51314,1785,2025-01-09,43.57,Paid
51315,1540,2025-03-26,154.16,Paid
51316,1681,2025-03-22,354.16,Paid
51317,1702,2025-02-04,200.61,Paid
51318,1347,2025-03-10,44.15,Paid
51319,1652,2025-03-01,323.55,Paid
51320,1184,2025-03-15,73.83,Paid
51321,1238,2025-03-21,110.79,Processing
51322,1092,2025-02-26,132.03,Paid
51323,1364,2025-03-07,305.08,Paid
51324,1112,2025-01-24,422.37,Processing
51325,1099,2025-03-07,418.15,Paid
51326,1570,2025-03-03,21.2,Paid
51327,1463,2025-02-25,402.44,Processing
51328,1618,2025-01-18,28.39,Paid
51329,1285,2025-02-20,66.34,Paid
51330,1212,2025-02-14,128.54,Paid
51331,1530,2025-03-26,118.07,Processing
51332,1300,2025-02-26,159.22,Refunded
51333,1482,2025-03-07,117.93,Refunded
51334,1348,2025-03-05,428.57,Paid
51335,1410,2025-03-18,61.27,Paid
51336,1793,2025-03-20,68.04,Paid
51337,1446,2025-02-04,400.25,Paid
51338,1726,2025-03-24,31.98,Processing
51339,1832,2025-01-21,161.07,Paid
51340,1253,2025-01-22,191.73,Paid
51341,1201,2025-03-17,125.64,Paid
51342,1123,2025-01-20,197.74,Paid
51343,1072,2025-03-18,48.45,Paid
51344,1369,2025-02-17,307.22,Paid
51345,1755,2025-02-15,42.63,Paid
51346,1474,2025-02-23,96.83,Paid
51347,1840,2025-01-16,31.74,Refunded
51348,1501,2025-03-08,138.19,Paid
51349,1467,2025-01-11,186.18,Paid
51350,1445,2025-03-02,445.1,Processing
51351,1467,2025-03-13,221.68,Paid
51352,1115,2025-03-09,136.84,Paid
51353,1040,2025-01-19,424.6,Paid
51354,1199,2025-02-03,117.64,Paid
51355,1507,2025-02-21,143.56,Paid
51356,1308,2025-03-06,155.99,Paid
51357,1383,2025-02-05,99.14,Paid
51358,1824,2025-02-25,293.47,Paid
51359,1588,2025-03-22,50.72,Paid
51360,1503,2025-03-22,141.4,Paid
51361,1818,2025-02-18,212.15,Paid
51362,2027,2025-03-23,371.47,Paid
51363,1211,2025-01-25,343.02,Paid
51364,1526,2025-03-26,126.62,Paid
51365,1106,2025-03-14,174.57,Paid
51366,1132,2025-01-10,95.19,Paid
51367,1626,2025-03-18,114.72,Processing
51368,1506,2025-01-04,375.09,Paid
51369,1219,2025-02-08,420.41,Paid
51370,1204,2025-02-16,358.66,Paid
51371,1765,2025-03-24,42.34,Paid
51372,1118,2025-03-06,304.65,Paid
51373,1338,2025-01-12,464.53,Processing
51374,1159,2025-01-06,87.24,Paid
51375,1742,2025-01-26,129.67,Processing
51376,1271,2025-01-01,246.5,Paid
51377,1700,2025-02-08,143.86,Paid
51378,1628,2025-03-11,775.01,Processing
51379,1053,2025-02-24,111.24,Paid
51380,1025,2025-02-15,207.73,Processing
51381,1828,2025-03-07,255.96,Processing
51382,1471,2025-02-04,122.21,Paid
51383,1834,2025-01-18,311.72,Paid
51384,1500,2025-03-25,138.5,Paid
51385,1286,2025-02-19,99.57,Paid
51386,1155,2025-02-13,37.11,Paid
51387,1586,2025-03-16,94.99,Paid
51388,1547,2025-02-04,218.6,Paid
51389,1498,2025-01-18,401.29,Paid
51390,1768,2025-01-17,63.49,Paid
51391,1185,2025-02-27,85.83,Paid
51392,1063,2025-01-09,45.08,Paid
51393,1429,2025-03-12,196.03,Paid
51394,1722,2025-03-21,503.54,Paid
51395,1471,2025-03-26,173.64,Paid
51396,1799,2025-01-14,163.99,Paid
51397,1196,2025-01-26,140.94,Processing
51398,1280,2025-02-19,33.89,Paid
51399,1775,2025-01-19,216.12,Paid
51400,1006,2025-03-14,158.21,Paid
51401,1376,2025-01-13,182.47,Paid
51402,1100,2025-01-27,363.61,Paid
51403,1552,2025-01-25,249.84,Paid
51404,1567,2025-01-16,247.74,Paid
51405,1048,2025-02-02,412.97,Paid
51406,1195,2025-02-22,709.8,Refunded
51407,1029,2025-03-27,150.58,Paid
51408,1754,2025-01-03,37.29,Paid
51409,1502,2025-02-08,112.19,Paid
51410,1274,2025-01-02,252.39,Paid
51411,1605,2025-02-26,24.22,Paid
51412,1041,2025-03-09,28.79,Paid
51413,1186,2025-02-20,30.43,Paid
51414,1415,2025-01-27,216.98,Paid
51415,1364,2025-01-06,124.32,Paid
51416,1615,2025-02-12,89.04,Paid
51417,1044,2025-01-09,36.74,Paid
51418,1702,2025-03-12,217.65,Paid
51419,1621,2025-02-25,78.07,Paid
51420,2032,2025-01-16,66.25,Paid
51421,1540,2025-01-12,178.47,Paid
51422,1207,2025-02-20,142.81,Paid
51423,1134,2025-01-23,87.51,Paid
51424,1334,2025-03-19,173.87,Refunded
51425,1239,2025-03-11,67.46,Paid
51426,1422,2025-03-21,257.59,Refunded
51427,1557,2025-03-17,59.07,Paid
51428,1283,2025-03-22,45.95,Paid
51429,1187,2025-02-23,248.79,Paid
51430,1246,2025-03-02,204.59,Paid
51431,1561,2025-01-04,50.25,Processing
51432,1147,2025-02-24,38.54,Paid
51433,1220,2025-03-01,293.39,Paid
51434,1284,2025-02-02,244.82,Paid
51435,1371,2025-03-17,79.46,Paid
51436,1431,2025-02-02,181.03,Refunded
51437,1812,2025-03-25,39.89,Paid
51438,1285,2025-01-01,126.1,Paid
51439,1509,2025-01-23,22.84,Paid
51440,1448,2025-02-02,94.54,Refunded
51441,1661,2025-01-05,31.67,Paid
51442,1663,2025-02-26,116.7,Refunded
51443,1772,2025-01-03,102.14,Paid
51444,1645,2025-02-20,108.15,Paid
51445,1205,2025-02-21,26.96,Paid
51446,1085,2025-03-21,87.32,Paid
51447,1126,2025-01-27,231.89,Paid
51448,1844,2025-03-27,89.05,Paid
51449,1191,2025-02-01,208.38,Paid
51450,1303,2025-02-11,89.18,Paid
51451,1587,2025-02-07,102.55,Processing
51452,1540,2025-03-21,144.48,Paid
51453,1112,2025-01-21,471.42,Paid
51454,1435,2025-02-21,37.29,Paid
51455,1182,2025-03-04,25.02,Paid
51456,1582,2025-01-18,160.46,Processing
51457,1241,2025-01-25,466.68,Paid
51458,1557,2025-01-27,706.68,Paid
51459,1368,2025-03-17,119.3,Paid
51460,1842,2025-01-06,114.69,Paid
51461,1260,2025-03-20,175.33,Paid
51462,1032,2025-01-08,141.67,Paid
51463,1519,2025-01-21,170.8,Paid
51464,1849,2025-02-15,330.72,Paid
51465,1257,2025-02-07,225.74,Processing
51466,1650,2025-03-17,123.04,Paid
51467,1325,2025-01-04,112.95,Refunded
51468,1310,2025-01-01,173.08,Processing
51469,1563,2025-01-07,111.24,Paid
51470,1166,2025-01-01,111.81,Paid
51471,1583,2025-02-22,22.47,Paid
51472,1325,2025-03-15,48.69,Paid
51473,1382,2025-02-02,120.57,Paid
51474,1237,2025-01-04,279.45,Paid
51475,1175,2025-01-23,69.01,Paid
51476,1078,2025-02-11,130.92,Paid
51477,1600,2025-01-11,83.46,Paid
51478,1258,2025-03-08,36.61,Paid
51479,1846,2025-03-25,496.58,Paid
51480,1351,2025-03-17,309.32,Paid
51481,1781,2025-02-27,32.26,Refunded
51482,1599,2025-03-17,210.83,Paid
51483,1059,2025-03-05,84.06,Paid
51484,1279,2025-03-10,810.31,Paid
51485,1424,2025-02-02,74.02,Paid
51486,1150,2025-03-08,60.92,Paid
51487,1189,2025-03-10,145.86,Paid
51488,1005,2025-02-05,290.39,Processing
51489,1640,2025-01-26,52.08,Paid
51490,1758,2025-02-12,205.37,Paid
51491,1259,2025-03-13,29.51,Paid
51492,1791,2025-01-17,396.88,Paid
51493,1773,2025-01-05,32.68,Paid
51494,1494,2025-01-20,388.42,Paid
51495,1663,2025-02-12,121.24,Refunded
51496,1283,2025-01-13,109.16,Paid
51497,1732,2025-01-17,563.5,Paid
51498,1357,2025-02-19,716.65,Paid
51499,1008,2025-03-27,177.55,Paid
51500,1570,2025-03-01,40.39,Paid
51501,1821,2025-03-11,125.83,Paid
51502,1426,2025-02-02,132.99,Processing
51503,1129,2025-02-04,128.37,Paid
51504,1344,2025-01-17,146.42,Paid
51505,1541,2025-02-08,22.84,Refunded
51506,1198,2025-03-14,206.32,Paid
51507,1380,2025-01-04,206.92,Paid
51508,1544,2025-02-19,38.4,Paid
51509,1462,2025-03-24,146.68,Paid
51510,1790,2025-03-20,146.02,Paid
51511,1360,2025-02-27,192.07,Paid
51512,1542,2025-03-07,33.39,Paid
51513,1287,2025-02-12,167.73,Paid
51514,1315,2025-03-02,69.43,Paid
51515,1460,2025-01-08,126.09,Processing
51516,2003,2025-01-21,242.63,Paid
51517,1117,2025-03-20,203.45,Paid
51518,1758,2025-01-16,38.99,Paid
51519,1723,2025-02-27,154.17,Paid
51520,1529,2025-03-23,541.63,Processing
51521,1485,2025-01-13,45.58,Paid
51522,1193,2025-01-15,307.5,Paid
51523,1678,2025-02-08,201.88,Paid
51524,1383,2025-03-14,243.09,Paid
51525,1247,2025-03-22,69.68,Paid
51526,1032,2025-03-23,70.93,Refunded
51527,1355,2025-02-18,374.7,Paid
51528,1688,2025-02-10,86.9,Processing
51529,1330,2025-02-14,29.76,Paid
51530,1826,2025-02-07,157.67,Processing
51531,1833,2025-02-26,40.0,Paid
51532,1700,2025-03-07,258.88,Processing
51533,1443,2025-01-01,173.98,Paid
51534,1403,2025-02-18,331.59,Processing
51535,1632,2025-01-25,250.45,Paid
51536,1026,2025-02-17,37.84,Paid
51537,1130,2025-02-15,91.96,Paid
51538,1761,2025-03-25,243.46,Refunded
51539,1438,2025-03-08,101.02,Paid
51540,1353,2025-03-20,558.3,Paid
51541,1149,2025-03-03,219.62,Paid
51542,1763,2025-02-25,22.34,Paid
51543,1850,2025-03-08,338.02,Paid
51544,1367,2025-03-16,35.94,Paid
51545,1194,2025-03-13,42.71,Paid
51546,1114,2025-02-20,218.92,Paid
51547,1079,2025-03-18,320.34,Processing
51548,1237,2025-01-24,135.29,Processing
51549,1732,2025-02-11,71.17,Paid
51550,2043,2025-02-24,84.92,Paid
51551,1081,2025-01-01,82.99,Paid
51552,1238,2025-01-02,79.33,Paid
51553,1366,2025-02-13,61.74,Paid
51554,1146,2025-01-24,160.81,Paid
51555,1400,2025-03-04,366.0,Paid
51556,1665,2025-03-02,75.03,Paid
51557,1434,2025-01-26,51.0,Paid
51558,1811,2025-03-17,293.56,Paid
51559,1455,2025-01-26,223.09,Paid
51560,1412,2025-01-23,420.69,Paid
51561,1737,2025-03-01,47.14,Paid
51562,1761,2025-01-15,43.37,Paid
51563,1826,2025-01-02,136.95,Paid
51564,1100,2025-01-20,162.96,Paid
51565,1082,2025-02-09,118.14,Paid
51566,1073,2025-01-04,157.06,Paid
51567,1231,2025-03-14,49.84,Paid
51568,1076,2025-03-09,117.98,Paid
51569,1134,2025-03-01,180.98,Paid
51570,1450,2025-01-20,105.03,Paid
51571,1754,2025-01-22,190.66,Paid
51572,1831,2025-02-02,110.0,Paid
51573,1556,2025-03-21,80.88,Paid
51574,1101,2025-03-03,74.28,Processing
51575,1207,2025-01-23,99.37,Paid
51576,1025,2025-01-17,23.5,Paid
51577,1546,2025-01-13,185.63,Paid
51578,1680,2025-03-04,299.75,Paid
51579,1149,2025-03-07,85.69,Paid
51580,1225,2025-02-11,27.07,Paid
51581,1753,2025-03-10,668.85,Processing
51582,1496,2025-01-13,65.92,Paid
51583,1714,2025-01-12,40.31,Paid
51584,1697,2025-02-07,89.25,Paid
51585,1376,2025-03-19,221.23,Paid
51586,1797,2025-03-12,72.2,Processing
51587,1146,2025-02-15,148.25,Paid
51588,1590,2025-01-24,100.57,Paid
51589,1209,2025-02-14,38.79,Refunded
51590,1244,2025-01-21,80.14,Paid
51591,1463,2025-03-05,213.58,Paid
51592,1229,2025-02-26,162.01,Refunded
51593,1293,2025-02-12,39.14,Paid
51594,1436,2025-03-27,46.75,Paid
51595,1843,2025-01-16,173.55,Paid
51596,1471,2025-03-12,271.83,Processing
51597,1278,2025-03-02,84.5,Processing
51598,1156,2025-02-06,155.7,Paid
51599,1127,2025-03-21,48.07,Processing
51600,1727,2025-01-04,75.96,Paid
51601,1554,2025-02-13,23.07,Paid
51602,1420,2025-02-17,239.33,Paid
51603,1118,2025-02-24,96.88,Paid
51604,1001,2025-03-08,274.03,Paid
51605,1769,2025-03-24,204.84,Paid
51606,1626,2025-02-03,284.69,Paid
51607,1606,2025-01-17,70.46,Processing
51608,1216,2025-03-13,50.71,Paid
51609,1677,2025-02-27,555.83,Processing
51610,1193,2025-01-04,209.52,Processing
51611,1031,2025-02-10,289.4,Paid
51612,1317,2025-01-10,21.98,Paid
51613,1835,2025-02-26,85.65,Paid
51614,1275,2025-02-12,223.69,Paid
51615,1232,2025-03-01,32.18,Paid
51616,1486,2025-01-21,145.67,Paid
51617,1573,2025-02-20,104.07,Paid
51618,1606,2025-03-09,22.67,Paid
51619,1261,2025-03-13,60.37,Paid
51620,1017,2025-02-12,70.28,Paid
51621,1580,2025-01-22,37.79,Paid
51622,1192,2025-02-16,169.76,Refunded
51623,1694,2025-01-11,61.64,Paid
51624,1575,2025-02-03,68.78,Processing
51625,1748,2025-01-02,362.77,Paid
51626,1040,2025-03-04,114.42,Paid
51627,1487,2025-02-05,94.67,Paid
51628,1609,2025-02-20,213.03,Paid
51629,1270,2025-01-02,380.55,Paid
51630,1429,2025-03-05,23.8,Processing
51631,1166,2025-01-27,109.2,Paid
51632,1512,2025-03-01,161.54,Paid
51633,1357,2025-03-21,77.53,Paid
51634,1522,2025-03-12,242.03,Paid
51635,1610,2025-01-21,553.56,Paid
51636,1522,2025-02-17,450.83,Paid
51637,1589,2025-01-18,66.38,Paid
51638,1438,2025-02-25,58.49,Paid
51639,1330,2025-03-11,493.7,Processing
51640,1651,2025-01-12,112.05,Paid
51641,1850,2025-02-06,55.04,Paid
51642,1232,2025-01-05,204.14,Paid
51643,1850,2025-01-21,70.2,Paid
51644,1721,2025-01-23,66.64,Paid
51645,1499,2025-03-20,337.1,Paid
51646,1422,2025-03-08,46.6,Paid
51647,1229,2025-02-21,29.98,Paid
51648,1477,2025-01-23,67.04,Paid
51649,1217,2025-02-03,160.07,Paid
51650,1517,2025-01-09,39.7,Paid
51651,1164,2025-03-04,115.68,Paid
51652,1099,2025-03-05,168.06,Paid
51653,1409,2025-03-15,303.31,Paid
51654,1420,2025-02-13,59.18,Processing
51655,1181,2025-02-16,275.02,Paid
51656,1620,2025-03-08,60.16,Paid
51657,1774,2025-02-24,189.41,Paid
51658,1074,2025-03-18,104.5,Paid
51659,1132,2025-02-22,38.27,Paid
51660,1522,2025-01-22,207.9,Processing
51661,1065,2025-03-03,56.84,Paid
51662,1067,2025-01-01,49.15,Paid
51663,1846,2025-03-26,86.55,Paid
51664,1253,2025-03-08,178.89,Paid
51665,1211,2025-01-09,59.99,Paid
51666,1849,2025-03-10,50.44,Paid
51667,1636,2025-02-20,21.5,Paid
51668,1225,2025-01-19,115.7,Paid
51669,1042,2025-01-11,103.96,Paid
51670,1798,2025-01-22,59.96,Paid
51671,1474,2025-02-15,28.27,Paid
51672,1702,2025-02-18,104.12,Paid
51673,1117,2025-01-01,252.82,Paid
51674,1281,2025-03-09,208.44,Paid
51675,1778,2025-03-11,315.77,Refunded
51676,1021,2025-01-26,21.44,Processing
51677,1134,2025-02-14,529.07,Paid
51678,1551,2025-02-08,82.65,Paid
51679,1779,2025-03-18,716.86,Processing
51680,1790,2025-03-21,63.68,Paid
51681,1376,2025-01-12,115.67,Paid
51682,1703,2025-03-06,85.53,Paid
51683,1589,2025-03-14,85.95,Paid
51684,1499,2025-02-11,297.04,Paid
51685,1379,2025-02-03,225.81,Paid
51686,1604,2025-02-01,747.11,Paid
51687,1830,2025-02-24,162.6,Paid
51688,1187,2025-01-12,113.34,Paid
51689,1815,2025-03-05,34.16,Paid
51690,1551,2025-03-06,870.9,Paid
51691,1590,2025-03-12,140.29,Paid
51692,1130,2025-03-23,200.83,Paid
51693,1421,2025-02-07,98.32,Paid
51694,1632,2025-02-21,139.02,Paid
51695,1659,2025-03-11,448.6,Paid
51696,2006,2025-03-14,47.3,Paid
51697,1710,2025-03-14,71.88,Paid
51698,1311,2025-03-04,44.74,Paid
51699,1448,2025-01-16,255.69,Paid
51700,1328,2025-03-25,29.61,Paid
51701,1750,2025-02-21,32.77,Paid
51702,1547,2025-03-15,73.18,Paid
51703,1074,2025-02-03,128.29,Paid
51704,1480,2025-03-10,98.2,Paid
51705,1782,2025-01-14,26.88,Paid
51706,1511,2025-03-14,493.71,Paid
51707,1464,2025-03-01,478.23,Paid
51708,1336,2025-02-27,69.14,Paid
51709,1569,2025-02-22,217.25,Paid
51710,1333,2025-02-22,149.62,Paid
51711,1261,2025-01-03,60.67,Paid
51712,1666,2025-02-03,65.61,Paid
51713,1099,2025-01-19,121.34,Paid
51714,1456,2025-03-17,101.51,Refunded
51715,1057,2025-02-11,71.63,Paid
51716,1488,2025-03-18,267.16,Paid
51717,1158,2025-02-07,118.51,Paid
51718,1690,2025-01-06,179.57,Processing
51719,1031,2025-02-13,51.47,Refunded
51720,1693,2025-03-22,134.38,Paid
51721,1575,2025-03-07,77.4,Paid
51722,1444,2025-03-09,132.11,Paid
51723,1356,2025-03-23,247.68,Paid
51724,1247,2025-02-18,239.74,Paid
51725,1069,2025-01-13,85.59,Paid
51726,1743,2025-02-10,197.76,Paid
51727,1323,2025-01-07,445.27,Paid
51728,1024,2025-01-23,167.39,Paid
51729,1256,2025-02-18,44.1,Paid
51730,1068,2025-02-03,190.78,Paid
51731,1237,2025-01-19,36.62,Paid
51732,1186,2025-01-21,328.49,Paid
51733,1424,2025-01-10,129.06,Paid
51734,1132,2025-01-14,92.95,Paid
51735,1503,2025-01-09,28.8,Paid
51736,1693,2025-02-06,91.9,Paid
51737,1521,2025-03-21,370.28,Processing
51738,1488,2025-02-23,23.18,Refunded
51739,1025,2025-03-18,116.55,Paid
51740,1793,2025-01-19,421.39,Paid
51741,1559,2025-01-25,95.34,Paid
51742,1176,2025-03-10,103.84,Processing
51743,1480,2025-01-04,149.61,Paid
51744,1718,2025-02-21,113.25,Paid
51745,1468,2025-02-18,47.7,Paid
51746,1172,2025-01-14,22.81,Paid
51747,1803,2025-02-19,161.17,Paid
51748,1185,2025-03-02,400.38,Paid
51749,1423,2025-02-01,36.87,Paid
51750,1493,2025-03-21,55.54,Paid
51751,1540,2025-02-01,89.36,Refunded
51752,1584,2025-02-15,268.12,Processing
51753,1317,2025-03-07,67.05,Paid
51754,1433,2025-02-25,340.63,Paid
51755,1527,2025-02-13,28.48,Paid
51756,1735,2025-02-24,444.42,Processing
51757,1755,2025-03-10,143.4,Paid
51758,1844,2025-02-14,181.28,Paid
51759,1649,2025-03-20,88.76,Paid
51760,1007,2025-02-11,248.49,Paid
51761,1446,2025-02-21,47.33,Paid
51762,1018,2025-02-01,27.52,Paid
51763,1602,2025-03-07,95.51,Paid
51764,1840,2025-02-03,308.31,Paid
51765,1016,2025-02-11,230.93,Paid
51766,1818,2025-01-19,129.21,Paid
51767,1230,2025-01-24,147.34,Processing
51768,1485,2025-02-02,40.87,Processing
51769,1237,2025-02-04,295.53,Paid
51770,1233,2025-01-10,251.94,Processing
51771,1243,2025-02-08,180.27,Paid
51772,1474,2025-01-27,114.16,Paid
51773,1416,2025-02-11,520.56,Paid
51774,1415,2025-03-10,336.83,Paid
51775,1123,2025-01-01,175.11,Paid
51776,1072,2025-02-03,89.73,Paid
51777,1183,2025-01-05,164.36,Paid
51778,1115,2025-02-10,148.51,Paid
51779,1049,2025-02-26,95.19,Paid
51780,1628,2025-01-21,74.94,Processing
51781,1480,2025-01-03,98.39,Paid
51782,1101,2025-01-25,147.97,Paid
51783,1676,2025-02-17,103.83,Paid
51784,1419,2025-01-09,65.89,Paid
51785,1045,2025-02-17,234.67,Paid
51786,1523,2025-01-07,133.72,Paid
51787,1587,2025-03-15,30.51,Paid
51788,1027,2025-03-22,88.91,Paid
51789,1124,2025-03-08,344.31,Paid
51790,1220,2025-01-15,231.12,Paid
51791,1611,2025-02-07,78.57,Paid
51792,1676,2025-03-18,437.54,Paid
51793,1031,2025-02-18,31.95,Paid
51794,1208,2025-02-22,507.53,Paid
51795,1790,2025-02-01,62.3,Paid
51796,1744,2025-03-03,21.37,Refunded
51797,1509,2025-02-12,105.32,Paid
51798,1825,2025-02-04,86.7,Paid
51799,1374,2025-01-16,136.18,Paid
51800,1666,2025-02-05,259.01,Paid
51801,1551,2025-01-06,297.18,Paid
51802,1702,2025-02-18,96.93,Paid
51803,2029,2025-02-07,104.28,Paid
51804,1758,2025-03-24,44.06,Paid
51805,1341,2025-01-26,27.31,Paid
51806,1065,2025-03-13,173.75,Paid
51807,1413,2025-03-26,29.99,Paid
51808,1536,2025-03-23,218.54,Paid
51809,1794,2025-03-01,136.18,Paid
51810,1790,2025-03-04,53.21,Refunded
51811,1684,2025-01-22,136.32,Paid
51812,1722,2025-03-21,50.32,Paid
51813,1652,2025-02-05,106.63,Paid
51814,1597,2025-01-03,261.09,Paid
51815,1236,2025-03-01,112.96,Paid
51816,1463,2025-01-23,44.15,Paid
51817,1150,2025-01-23,213.01,Processing
51818,1791,2025-01-23,51.01,Paid
51819,1417,2025-01-07,221.23,Paid
51820,1567,2025-01-26,117.9,Paid
51821,1125,2025-02-17,110.7,Paid
51822,1424,2025-02-17,306.01,Paid
51823,1215,2025-01-12,204.96,Paid
51824,1825,2025-02-08,25.02,Paid
51825,1681,2025-01-05,72.68,Paid
51826,1550,2025-01-26,327.1,Paid
51827,1575,2025-03-08,22.77,Paid
51828,1260,2025-01-13,138.2,Paid
51829,1632,2025-01-05,215.2,Paid
51830,1835,2025-01-08,165.87,Paid
51831,1798,2025-01-23,234.4,Paid
51832,1523,2025-03-13,214.03,Processing
51833,1795,2025-01-02,196.66,Paid
51834,1664,2025-03-19,278.51,Paid
51835,1597,2025-01-07,175.64,Paid
51836,1052,2025-02-26,97.23,Paid
51837,1520,2025-03-19,115.77,Paid
51838,1461,2025-03-24,209.2,Paid
51839,2002,2025-01-10,333.49,Paid
51840,1816,2025-01-14,67.66,Paid
51841,1643,2025-02-26,82.8,Paid
51842,1653,2025-03-26,420.48,Processing
51843,1371,2025-01-25,149.59,Paid
51844,1616,2025-02-15,49.58,Processing
51845,1453,2025-01-06,183.46,Refunded
51846,1149,2025-02-01,722.67,Paid
51847,1182,2025-02-24,280.13,Paid
51848,1155,2025-03-17,225.41,Paid
51849,1537,2025-03-16,54.99,Paid
51850,1279,2025-01-08,333.29,Paid
51851,1327,2025-01-25,131.92,Paid
51852,1610,2025-02-09,350.13,Paid
51853,1550,2025-01-25,80.03,Paid
51854,1058,2025-03-04,29.61,Paid
51855,1273,2025-01-22,116.93,Paid
51856,1144,2025-01-11,67.17,Paid
51857,1496,2025-02-14,208.41,Paid
51858,1258,2025-02-17,492.36,Paid
51859,1150,2025-02-08,196.15,Paid
51860,1743,2025-02-07,346.97,Paid
51861,1337,2025-02-16,110.5,Paid
51862,1082,2025-01-09,241.53,Paid
51863,1518,2025-01-24,297.77,Paid
51864,1378,2025-02-01,206.13,Paid
51865,1318,2025-03-07,126.32,Paid
51866,1731,2025-01-19,167.47,Paid
51867,1147,2025-03-25,200.85,Paid
51868,1576,2025-03-01,63.77,Paid
51869,1130,2025-01-07,268.78,Paid
51870,1762,2025-01-13,470.34,Paid
51871,1708,2025-02-01,113.89,Paid
51872,1327,2025-02-22,201.13,Paid
51873,1814,2025-02-04,220.35,Paid
51874,1462,2025-03-23,182.82,Processing
51875,1794,2025-01-12,138.82,Refunded
51876,1111,2025-01-21,340.11,Paid
51877,1398,2025-03-10,109.38,Paid
51878,1355,2025-03-23,29.46,Paid
51879,1381,2025-01-12,299.22,Paid
51880,1238,2025-01-01,188.12,Paid
51881,1085,2025-02-18,303.83,Paid
51882,1451,2025-03-02,42.37,Paid
51883,1246,2025-01-08,24.69,Paid
51884,1483,2025-02-22,428.57,Processing
51885,1522,2025-02-26,43.98,Paid
51886,1337,2025-01-21,268.84,Paid
51887,1836,2025-03-20,279.92,Paid
51888,1024,2025-03-11,205.01,Paid
51889,1805,2025-02-24,41.11,Paid
51890,1047,2025-02-01,185.12,Paid
51891,1746,2025-03-24,349.85,Processing
51892,1498,2025-01-11,103.15,Paid
51893,1122,2025-03-16,100.04,Paid
51894,1624,2025-03-02,107.74,Paid
51895,1506,2025-03-03,32.88,Paid
51896,1111,2025-02-07,353.88,Paid
51897,1132,2025-02-06,325.09,Paid
51898,1560,2025-01-22,945.54,Paid
51899,1008,2025-02-03,151.99,Paid
51900,1128,2025-01-11,228.66,Paid
51901,1491,2025-02-26,53.97,Paid
51902,1061,2025-01-21,185.18,Paid
51903,1838,2025-02-10,177.36,Processing
51904,1753,2025-03-24,367.21,Paid
51905,1288,2025-02-15,286.49,Paid
51906,1538,2025-01-27,438.23,Paid
51907,1297,2025-02-19,324.69,Paid
51908,1582,2025-03-12,324.53,Paid
51909,1352,2025-01-24,29.88,Paid
51910,1425,2025-03-16,300.58,Paid
51911,1255,2025-02-15,160.27,Paid
51912,1511,2025-03-27,91.81,Paid
51913,1577,2025-02-12,28.73,Paid
51914,1313,2025-02-27,189.83,Paid
51915,1051,2025-01-04,79.67,Paid
51916,1136,2025-01-21,114.6,Paid
51917,1563,2025-02-08,191.73,Processing
51918,1093,2025-02-10,384.18,Paid
51919,1079,2025-03-22,281.82,Paid
51920,1088,2025-02-05,109.84,Paid
51921,1227,2025-03-05,93.6,Paid
51922,1771,2025-03-23,61.12,Paid
51923,1804,2025-01-10,89.88,Paid
51924,1783,2025-01-23,37.66,Paid
51925,1063,2025-03-18,551.62,Paid
51926,1126,2025-01-08,147.97,Paid
51927,1112,2025-03-21,40.51,Paid
51928,1241,2025-02-22,85.27,Processing
51929,1057,2025-03-08,138.79,Paid
51930,1429,2025-02-19,134.18,Paid
51931,1421,2025-03-18,25.42,Paid
51932,1644,2025-02-21,471.9,Paid
51933,1592,2025-01-23,68.32,Paid
51934,1512,2025-01-20,22.45,Paid
51935,1639,2025-03-18,31.93,Paid
51936,1334,2025-02-12,150.19,Paid
51937,1663,2025-01-07,42.24,Paid
51938,1724,2025-03-01,26.39,Paid
51939,1521,2025-03-24,91.62,Paid
51940,1334,2025-03-02,166.23,Paid
51941,1158,2025-03-19,37.79,Paid
51942,1218,2025-03-13,76.38,Paid
51943,1371,2025-01-24,101.13,Paid
51944,1298,2025-01-23,46.06,Paid
51945,1813,2025-03-01,125.81,Paid
51946,1071,2025-01-27,33.36,Paid
51947,1206,2025-02-24,27.15,Processing
51948,1259,2025-01-27,130.04,Processing
51949,1487,2025-01-09,62.73,Refunded
51950,1438,2025-01-18,35.04,Paid
51951,1474,2025-03-11,102.72,Paid
51952,1130,2025-01-19,390.01,Paid
51953,1276,2025-02-25,213.21,Paid
51954,1093,2025-02-02,273.61,Paid
51955,1678,2025-03-20,328.26,Paid
51956,1799,2025-02-19,559.73,Paid
51957,1224,2025-02-10,236.11,Paid
51958,1100,2025-01-08,160.63,Paid
51959,1358,2025-02-11,88.22,Paid
51960,1220,2025-01-20,50.07,Paid
51961,1005,2025-03-09,194.07,Paid
51962,1310,2025-03-02,813.25,Paid
51963,1168,2025-01-09,114.49,Paid
51964,1479,2025-01-13,212.93,Processing
51965,1212,2025-03-08,122.51,Paid
51966,1425,2025-03-21,104.83,Paid
51967,1095,2025-01-03,99.22,Paid
51968,1669,2025-01-04,125.37,Paid
51969,1534,2025-01-16,88.57,Refunded
51970,1779,2025-01-26,227.21,Paid
51971,1196,2025-02-20,331.05,Paid
51972,1086,2025-03-06,341.69,Paid
51973,1085,2025-01-21,58.76,Paid
51974,1391,2025-03-07,359.37,Processing
51975,1768,2025-02-10,82.68,Paid
51976,1822,2025-01-15,75.51,Paid
51977,1483,2025-02-02,214.61,Paid
51978,1029,2025-01-01,74.51,Processing
51979,1044,2025-01-04,28.16,Processing
51980,1206,2025-01-26,90.17,Paid
51981,1046,2025-03-11,211.73,Paid
51982,1572,2025-01-25,79.39,Paid
51983,1070,2025-02-12,168.96,Refunded
51984,1601,2025-01-07,181.87,Paid
51985,1450,2025-01-12,218.49,Paid
51986,1511,2025-03-08,361.14,Paid
51987,1214,2025-01-05,104.99,Paid
51988,1808,2025-03-14,47.31,Paid
51989,1199,2025-02-16,77.61,Paid
51990,1541,2025-01-17,104.89,Processing
51991,1336,2025-03-23,207.71,Paid
51992,1007,2025-01-27,21.98,Paid
51993,1535,2025-02-18,76.92,Paid
51994,1221,2025-03-19,247.01,Paid
51995,1499,2025-03-10,186.69,Processing
51996,1204,2025-01-19,217.37,Paid
51997,1739,2025-03-07,270.55,Paid
51998,1146,2025-01-20,249.34,Paid
51999,1089,2025-03-15,191.94,Paid
52000,1021,2025-02-12,106.88,Processing
52001,1415,2025-02-17,636.56,Paid
52002,1665,2025-03-16,146.27,Processing
52003,1393,2025-03-02,53.99,Paid
52004,1464,2025-01-17,71.97,Paid
52005,1628,2025-02-25,197.41,Paid
52006,1556,2025-01-13,408.02,Paid
52007,1367,2025-01-25,49.53,Paid
52008,1311,2025-01-27,32.89,Paid
52009,1039,2025-02-01,339.97,Paid
52010,1629,2025-02-05,390.26,Paid
52011,1123,2025-01-23,68.52,Paid
52012,1087,2025-02-11,91.05,Paid
52013,1342,2025-03-18,181.9,Paid
52014,1676,2025-01-20,80.06,Paid
52015,1655,2025-01-10,334.53,Paid
52016,1800,2025-01-15,37.07,Paid
52017,1574,2025-03-15,25.81,Paid
52018,1834,2025-02-06,55.07,Paid
52019,1841,2025-01-02,70.55,Paid
52020,1088,2025-02-04,37.97,Paid
52021,1070,2025-03-13,30.19,Paid
52022,1248,2025-01-16,231.35,Paid
52023,1543,2025-01-26,46.92,Paid
52024,1114,2025-01-15,387.88,Paid
52025,1402,2025-01-23,88.83,Paid
52026,1410,2025-02-20,186.58,Paid
52027,1059,2025-02-04,58.31,Paid
52028,1532,2025-03-06,61.23,Paid
52029,1783,2025-02-12,148.25,Paid
52030,1496,2025-01-18,143.37,Paid
52031,1120,2025-03-20,239.62,Paid
52032,1345,2025-02-01,232.71,Paid
52033,1002,2025-03-18,186.61,Paid
52034,1355,2025-02-03,109.44,Paid
52035,1809,2025-01-15,351.97,Paid
52036,1355,2025-03-05,166.16,Paid
52037,1150,2025-03-24,713.78,Processing
52038,1194,2025-03-22,276.7,Paid
52039,1161,2025-03-22,26.8,Paid
52040,1296,2025-03-06,77.98,Paid
52041,1469,2025-02-22,147.25,Paid
52042,1500,2025-01-19,211.73,Processing
52043,1144,2025-03-04,139.89,Paid
52044,1341,2025-03-25,251.36,Paid
52045,1237,2025-02-27,69.83,Paid
52046,1243,2025-01-18,50.48,Paid
52047,1259,2025-01-19,28.31,Paid
52048,1012,2025-02-04,147.76,Paid
52049,1018,2025-01-09,195.0,Paid
52050,2030,2025-03-15,79.21,Paid
52051,1179,2025-02-08,162.63,Paid
52052,1210,2025-03-15,28.03,Paid
52053,1498,2025-02-07,35.69,Paid
52054,1835,2025-02-18,201.48,Paid
52055,1270,2025-02-04,88.85,Paid
52056,1664,2025-03-24,186.91,Paid
52057,1613,2025-02-23,287.32,Paid
52058,1848,2025-02-03,307.21,Paid
52059,1662,2025-02-25,48.34,Paid
52060,1660,2025-01-05,119.91,Processing
52061,1800,2025-02-19,218.6,Paid
52062,1847,2025-02-02,243.07,Paid
52063,1652,2025-02-22,250.34,Paid
52064,1449,2025-03-20,58.85,Paid
52065,1726,2025-02-25,52.08,Paid
52066,1661,2025-01-21,153.74,Paid
52067,1355,2025-02-15,222.69,Paid
52068,1357,2025-03-11,77.66,Paid
52069,1681,2025-02-07,36.59,Paid
52070,1550,2025-01-02,209.21,Paid
52071,1288,2025-02-16,73.44,Paid
52072,1232,2025-03-15,47.29,Paid
52073,1079,2025-03-06,43.98,Paid
52074,1043,2025-01-19,76.73,Paid
52075,1373,2025-02-24,154.72,Paid
52076,1217,2025-03-05,86.57,Paid
52077,1296,2025-01-27,23.13,Paid
52078,1364,2025-01-07,35.29,Refunded
52079,1504,2025-03-14,71.48,Paid
52080,1611,2025-03-21,181.69,Processing
52081,1428,2025-02-21,35.56,Paid
52082,1452,2025-03-23,143.37,Paid
52083,1152,2025-01-22,39.16,Processing
52084,1699,2025-01-15,55.67,Paid
52085,1095,2025-02-19,48.35,Refunded
52086,1649,2025-03-05,30.44,Paid
52087,1579,2025-03-13,186.91,Processing
52088,1783,2025-02-12,113.38,Paid
52089,1186,2025-03-23,286.73,Paid
52090,1752,2025-02-21,35.62,Processing
52091,1086,2025-03-23,43.45,Paid
52092,1212,2025-01-04,74.89,Paid
52093,1837,2025-01-09,237.78,Paid
52094,1709,2025-01-10,74.74,Paid
52095,1053,2025-03-16,98.74,Refunded
52096,1580,2025-02-13,73.85,Paid
52097,1836,2025-01-13,32.54,Paid
52098,1282,2025-01-08,440.6,Paid
52099,1296,2025-03-13,139.29,Paid
52100,1731,2025-03-20,252.56,Paid
52101,1025,2025-01-23,181.1,Paid
52102,1571,2025-03-05,128.31,Paid
52103,1499,2025-02-22,34.09,Paid
52104,1609,2025-02-26,174.39,Processing
52105,1239,2025-01-13,45.33,Paid
52106,1325,2025-01-05,100.26,Paid
52107,1738,2025-01-13,168.78,Paid
52108,1573,2025-03-20,248.65,Paid
52109,1014,2025-03-08,193.3,Paid
52110,1247,2025-01-21,187.0,Paid
52111,1330,2025-03-20,44.21,Paid
52112,1047,2025-03-26,83.73,Paid
52113,1325,2025-02-10,26.58,Paid
52114,1070,2025-03-05,210.66,Paid
52115,1481,2025-01-11,477.33,Paid
52116,1049,2025-03-19,66.0,Paid
52117,1825,2025-02-06,33.77,Refunded
52118,1732,2025-01-23,116.82,Paid
52119,1694,2025-01-01,311.42,Processing
52120,1752,2025-03-03,140.44,Paid
52121,1472,2025-02-20,27.19,Paid
52122,1075,2025-02-26,569.03,Paid
52123,1244,2025-02-05,284.61,Processing
52124,1628,2025-01-15,41.16,Paid
52125,1447,2025-02-14,402.27,Processing
52126,1710,2025-02-25,109.86,Paid
52127,1274,2025-03-17,89.76,Paid
52128,1708,2025-03-09,112.72,Paid
52129,1556,2025-03-13,289.88,Processing
52130,1104,2025-01-27,181.59,Paid
52131,1106,2025-03-26,29.16,Paid
52132,1843,2025-01-19,494.11,Paid
52133,1042,2025-01-16,43.99,Paid
52134,1470,2025-01-20,225.31,Paid
52135,1326,2025-02-03,171.65,Paid
52136,1103,2025-03-05,51.15,Paid
52137,1170,2025-02-24,48.08,Paid
52138,1455,2025-03-24,326.41,Refunded
52139,1826,2025-01-11,101.63,Paid
52140,1761,2025-01-08,179.45,Paid
52141,1618,2025-03-10,125.2,Refunded
52142,1508,2025-03-26,214.94,Paid
52143,1541,2025-02-26,117.87,Paid
52144,1107,2025-02-25,70.82,Paid
52145,1314,2025-03-16,87.74,Paid
52146,1503,2025-02-16,313.93,Paid
52147,1791,2025-03-24,114.68,Paid
52148,1531,2025-01-24,56.01,Paid
52149,1366,2025-03-03,429.1,Paid
52150,1786,2025-02-04,258.89,Processing
52151,1464,2025-02-09,28.59,Paid
52152,1226,2025-03-17,1047.84,Paid
52153,1849,2025-01-01,198.08,Paid
52154,1513,2025-02-22,46.2,Paid
52155,1534,2025-03-11,60.61,Paid
52156,1201,2025-03-24,196.87,Paid
52157,1120,2025-02-08,246.96,Paid
52158,1803,2025-02-25,60.98,Paid
52159,1834,2025-02-17,64.55,Paid
52160,1261,2025-01-08,75.03,Paid
52161,1652,2025-02-01,156.7,Paid
52162,1467,2025-01-07,48.28,Paid
52163,1464,2025-01-12,36.51,Paid
52164,1631,2025-02-26,190.38,Paid
52165,1732,2025-01-20,246.51,Paid
52166,1006,2025-03-04,124.25,Paid
52167,1046,2025-02-04,87.84,Paid
52168,2044,2025-02-09,104.86,Paid
52169,1802,2025-02-01,93.75,Refunded
52170,1622,2025-01-09,502.77,Refunded
52171,1756,2025-01-06,239.21,Paid
52172,1188,2025-03-08,55.0,Paid
52173,1202,2025-02-11,92.72,Paid
52174,1630,2025-01-20,137.79,Paid
52175,1662,2025-03-12,162.39,Paid
52176,1237,2025-01-10,114.72,Paid
52177,1830,2025-03-25,269.21,Processing
52178,1697,2025-01-24,238.9,Paid
52179,1395,2025-03-21,125.53,Paid
52180,1050,2025-01-09,309.06,Paid
52181,1459,2025-02-10,228.6,Paid
52182,1139,2025-02-04,246.16,Paid
52183,1501,2025-01-14,489.91,Paid
52184,1107,2025-01-13,66.48,Paid
52185,1431,2025-03-21,66.72,Paid
52186,1765,2025-02-18,349.67,Paid
52187,1742,2025-01-08,241.91,Paid
52188,1071,2025-02-12,411.66,Paid
52189,1209,2025-01-23,29.78,Paid
52190,1429,2025-01-01,168.23,Processing
52191,1150,2025-03-18,43.43,Paid
52192,1528,2025-03-12,125.15,Paid
52193,1028,2025-03-25,45.4,Paid
52194,1688,2025-01-10,40.56,Refunded
52195,1420,2025-03-20,21.84,Paid
52196,1583,2025-02-19,169.23,Paid
52197,1171,2025-03-14,86.71,Paid
52198,1221,2025-03-08,36.67,Refunded
52199,1620,2025-01-11,78.48,Paid
52200,1141,2025-01-22,47.76,Paid
52201,1106,2025-02-11,446.31,Paid
52202,1307,2025-01-10,77.85,Paid
52203,1218,2025-01-21,80.96,Paid
52204,1614,2025-02-06,294.75,Paid
52205,1850,2025-01-05,176.51,Paid
52206,1041,2025-02-02,205.77,Refunded
52207,1107,2025-03-06,171.59,Paid
52208,1716,2025-02-08,458.36,Paid
52209,1455,2025-01-21,54.79,Paid
52210,1693,2025-02-14,697.02,Paid
52211,1291,2025-01-03,286.64,Paid
52212,1617,2025-03-07,153.36,Paid
52213,1357,2025-03-13,182.87,Paid
52214,1083,2025-02-15,176.97,Paid
52215,1011,2025-01-04,29.03,Paid
52216,1099,2025-02-27,56.89,Paid
52217,1001,2025-02-27,508.45,Processing
52218,1264,2025-02-15,134.65,Processing
52219,1231,2025-03-22,91.31,Processing
52220,1102,2025-02-06,235.35,Paid
52221,1780,2025-01-09,131.51,Paid
52222,1812,2025-02-04,21.99,Refunded
52223,1441,2025-01-15,219.91,Paid
52224,1128,2025-02-13,217.64,Paid
52225,1279,2025-02-19,47.08,Paid
52226,1082,2025-03-25,490.8,Paid
52227,1488,2025-03-10,58.02,Paid
52228,1340,2025-01-10,111.8,Paid
52229,1182,2025-02-18,38.28,Paid
52230,1540,2025-03-11,158.68,Paid
52231,1375,2025-02-03,90.61,Paid
52232,1792,2025-03-27,85.35,Paid
52233,1791,2025-02-06,283.15,Paid
52234,1812,2025-03-14,21.44,Paid
52235,1432,2025-03-10,259.88,Paid
52236,1305,2025-03-10,147.1,Paid
52237,1158,2025-02-17,661.36,Paid
52238,1574,2025-03-19,153.54,Paid
52239,1753,2025-01-17,28.55,Paid
52240,1408,2025-03-26,27.8,Paid
52241,1311,2025-01-09,342.03,Paid
52242,1324,2025-01-04,296.03,Paid
52243,1727,2025-01-25,83.67,Paid
52244,1429,2025-03-03,164.36,Paid
52245,1047,2025-01-03,120.88,Paid
52246,1290,2025-02-18,532.43,Paid
52247,1481,2025-01-10,469.24,Processing
52248,1443,2025-02-24,638.77,Processing
52249,1521,2025-03-24,321.99,Paid
52250,1663,2025-03-23,380.45,Paid
52251,1117,2025-03-02,56.75,Processing
52252,1189,2025-01-19,286.68,Refunded
52253,1763,2025-02-19,205.09,Paid
52254,1348,2025-02-15,513.66,Paid
52255,1407,2025-01-03,147.04,Paid
52256,1195,2025-01-11,33.35,Paid
52257,1639,2025-03-24,156.47,Paid
52258,1633,2025-03-06,194.03,Paid
52259,1135,2025-02-01,57.33,Paid
52260,1177,2025-02-17,95.16,Processing
52261,1038,2025-01-14,156.88,Paid
52262,1557,2025-02-08,90.29,Paid
52263,1447,2025-02-07,90.49,Paid
52264,1117,2025-02-04,41.42,Paid
52265,1838,2025-01-15,443.89,Processing
52266,1384,2025-03-25,228.24,Paid
52267,1071,2025-03-01,20.19,Paid
52268,1837,2025-03-23,237.62,Paid
52269,1120,2025-01-05,221.94,Paid
52270,1294,2025-01-21,21.47,Paid
52271,1314,2025-02-26,89.21,Paid
52272,1180,2025-01-08,160.0,Paid
52273,1732,2025-02-08,110.43,Paid
52274,1639,2025-01-04,245.75,Paid
52275,1758,2025-03-05,103.13,Refunded
52276,1663,2025-01-05,45.06,Paid
52277,1523,2025-01-20,582.08,Refunded
52278,1846,2025-03-12,61.57,Paid
52279,1179,2025-01-07,209.71,Processing
52280,1821,2025-01-02,43.17,Paid
52281,1349,2025-03-07,79.85,Paid
52282,1580,2025-01-27,107.52,Paid
52283,1356,2025-03-22,52.02,Paid
52284,1509,2025-02-22,109.66,Paid
52285,1087,2025-03-18,45.65,Paid
52286,1735,2025-02-22,142.81,Processing
52287,1426,2025-02-05,183.47,Paid
52288,1844,2025-02-23,29.67,Refunded
52289,1647,2025-03-21,327.35,Paid
52290,1586,2025-02-22,50.71,Paid
52291,1175,2025-03-21,58.3,Paid
52292,1062,2025-03-04,182.42,Paid
52293,1135,2025-01-21,114.88,Paid
52294,1405,2025-01-15,123.79,Paid
52295,1172,2025-01-19,40.57,Paid
52296,1658,2025-03-14,265.78,Paid
52297,1658,2025-03-19,163.98,Paid
52298,1275,2025-02-02,41.82,Paid
52299,1494,2025-02-13,90.26,Paid
52300,1571,2025-01-06,269.43,Paid
52301,1799,2025-01-22,146.02,Paid
52302,1498,2025-01-07,37.25,Paid
52303,1029,2025-01-13,89.97,Processing
52304,1625,2025-03-22,61.7,Paid
52305,1073,2025-01-13,129.31,Paid
52306,1184,2025-03-27,298.07,Paid
52307,1820,2025-03-20,105.98,Processing
52308,1319,2025-03-26,105.2,Paid
52309,1302,2025-01-01,373.64,Paid
52310,1116,2025-01-13,148.77,Processing
52311,1618,2025-02-05,145.27,Paid
52312,1105,2025-02-24,65.55,Paid
52313,1701,2025-02-23,160.37,Paid
52314,1125,2025-03-24,148.67,Paid
52315,1432,2025-01-06,95.84,Paid
52316,1072,2025-03-22,721.59,Paid
52317,1668,2025-03-06,340.42,Paid
52318,1072,2025-01-08,227.7,Processing
52319,1453,2025-01-18,135.62,Paid
52320,1189,2025-03-04,113.0,Paid
52321,1210,2025-01-05,50.67,Paid
52322,1241,2025-03-04,74.74,Paid
52323,1631,2025-03-05,243.06,Paid
52324,1001,2025-02-15,110.7,Paid
52325,1079,2025-01-06,340.9,Paid
52326,1423,2025-03-10,44.01,Paid
52327,1046,2025-02-23,126.5,Processing
52328,1090,2025-01-14,176.18,Paid
52329,1119,2025-01-15,129.11,Refunded
52330,1176,2025-02-26,350.04,Paid
52331,1543,2025-02-18,704.36,Paid
52332,1342,2025-02-04,38.47,Paid
52333,1616,2025-03-26,40.88,Paid
52334,1178,2025-03-12,40.95,Paid
52335,1648,2025-01-19,191.47,Paid
52336,1799,2025-02-13,89.94,Processing
52337,1649,2025-03-12,218.25,Paid
52338,1661,2025-03-03,98.0,Paid
52339,1671,2025-02-18,168.17,Paid
52340,1247,2025-03-19,240.36,Paid
52341,1148,2025-01-10,139.18,Refunded
52342,1728,2025-01-15,136.32,Paid
52343,1293,2025-03-09,33.86,Paid
52344,1439,2025-03-19,99.34,Paid
52345,2029,2025-01-21,138.38,Paid
52346,1600,2025-01-07,112.98,Paid
52347,1613,2025-01-18,366.57,Paid
52348,1166,2025-02-01,375.52,Paid
52349,1485,2025-03-15,278.83,Paid
52350,1168,2025-03-17,90.57,Paid
52351,1364,2025-03-11,209.5,Paid
52352,1658,2025-03-06,95.45,Paid
52353,1848,2025-03-06,59.71,Paid
52354,2048,2025-03-07,82.99,Processing
52355,1609,2025-03-27,31.04,Paid
52356,1794,2025-01-23,80.47,Processing
52357,1182,2025-02-22,112.63,Processing
52358,1302,2025-01-24,486.78,Paid
52359,1358,2025-01-21,76.4,Paid
52360,1197,2025-02-19,369.11,Paid
52361,1511,2025-03-08,58.98,Paid
52362,1682,2025-01-11,51.79,Paid
52363,1336,2025-01-03,129.78,Paid
52364,1169,2025-03-23,187.45,Paid
52365,1114,2025-03-14,26.8,Paid
52366,1126,2025-03-09,57.47,Refunded
52367,1218,2025-01-01,111.23,Paid
52368,1101,2025-01-26,80.3,Processing
52369,1289,2025-03-21,207.04,Paid
52370,1052,2025-01-20,127.36,Paid
52371,1095,2025-01-15,46.22,Paid
52372,1434,2025-02-18,357.31,Refunded
52373,1738,2025-02-14,71.99,Paid
52374,1309,2025-01-15,217.03,Paid
52375,1806,2025-01-02,247.06,Processing
52376,1781,2025-01-26,515.17,Paid
52377,1544,2025-03-10,123.52,Paid
52378,1250,2025-01-02,163.5,Refunded
52379,1019,2025-02-19,81.17,Processing
52380,1076,2025-01-11,190.06,Paid
52381,1558,2025-01-10,113.37,Paid
52382,1601,2025-02-23,106.35,Refunded
52383,1751,2025-02-16,310.14,Refunded
52384,1441,2025-03-18,27.72,Paid
52385,1321,2025-02-01,340.51,Paid
52386,1285,2025-03-15,306.65,Paid
52387,1394,2025-02-21,125.89,Paid
52388,1207,2025-01-15,121.06,Paid
52389,1146,2025-03-14,87.37,Paid
52390,1685,2025-03-10,791.81,Paid
52391,1284,2025-01-12,37.68,Paid
52392,1396,2025-03-05,153.82,Paid
52393,1548,2025-01-24,191.71,Paid
52394,1718,2025-02-25,428.47,Paid
52395,1662,2025-02-08,247.26,Refunded
52396,1401,2025-02-20,174.86,Processing
52397,1538,2025-01-16,38.63,Paid
52398,1599,2025-01-10,90.2,Processing
52399,1440,2025-02-09,42.42,Paid
52400,1608,2025-02-26,339.56,Paid
52401,1843,2025-03-27,227.72,Refunded
52402,1827,2025-03-19,232.54,Paid
52403,1085,2025-03-06,178.44,Paid
52404,1728,2025-02-15,126.1,Paid
52405,1656,2025-01-15,44.37,Paid
52406,1454,2025-01-22,80.0,Paid
52407,1303,2025-01-14,42.09,Refunded
52408,1146,2025-01-02,213.6,Paid
52409,1074,2025-02-23,46.19,Processing
52410,1589,2025-02-19,201.66,Processing
52411,1602,2025-03-27,196.77,Paid
52412,1086,2025-01-25,112.23,Paid
52413,1096,2025-02-23,41.79,Paid
52414,1314,2025-03-18,76.71,Paid
52415,1306,2025-03-22,77.87,Paid
52416,1362,2025-03-05,200.79,Refunded
52417,1259,2025-02-12,38.11,Paid
52418,1730,2025-02-08,284.97,Paid
52419,1026,2025-01-06,234.7,Paid
52420,1691,2025-01-15,50.93,Paid
52421,1670,2025-01-25,210.5,Paid
52422,1101,2025-02-12,185.63,Processing
52423,1275,2025-03-12,226.82,Processing
52424,1556,2025-01-19,51.41,Paid
52425,1551,2025-01-02,45.72,Paid
52426,1561,2025-01-13,60.47,Paid
52427,1695,2025-03-13,88.33,Paid
52428,1415,2025-02-06,256.74,Paid
52429,1596,2025-01-12,220.87,Paid
52430,1477,2025-01-27,409.45,Paid
52431,1112,2025-03-26,29.06,Paid
52432,1733,2025-03-24,21.74,Paid
52433,1497,2025-01-10,200.17,Paid
52434,1540,2025-03-20,69.13,Paid
52435,1666,2025-02-09,80.99,Paid
52436,1397,2025-03-16,138.71,Paid
52437,1059,2025-01-08,36.21,Paid
52438,1805,2025-01-18,174.37,Processing
52439,1238,2025-02-02,78.99,Paid
52440,1610,2025-03-23,170.24,Paid
52441,1233,2025-02-03,289.37,Refunded
52442,1485,2025-02-07,48.15,Paid
52443,1222,2025-03-17,420.77,Paid
52444,1463,2025-01-09,133.47,Paid
52445,1559,2025-02-14,404.45,Paid
52446,1326,2025-01-13,54.93,Paid
52447,1297,2025-02-22,159.16,Paid
52448,1383,2025-01-21,97.6,Paid
52449,1748,2025-01-04,243.23,Paid
52450,1631,2025-03-17,159.68,Processing
52451,1734,2025-02-02,122.34,Paid
52452,1720,2025-03-20,386.25,Paid
52453,1068,2025-03-22,91.01,Paid
52454,1557,2025-03-08,57.27,Paid
52455,1825,2025-02-25,160.51,Paid
52456,1495,2025-03-06,166.74,Paid
52457,1171,2025-03-20,106.73,Paid
52458,1375,2025-02-25,120.01,Paid
52459,1413,2025-01-15,501.17,Paid
52460,1525,2025-03-10,217.9,Paid
52461,1448,2025-02-27,37.58,Paid
52462,1610,2025-02-14,55.76,Refunded
52463,1130,2025-03-01,576.83,Paid
52464,1197,2025-01-02,214.45,Paid
52465,1368,2025-03-24,389.85,Paid
52466,1313,2025-02-04,74.33,Paid
52467,1694,2025-01-26,223.14,Paid
52468,1483,2025-01-07,207.77,Paid
52469,1502,2025-02-03,72.37,Refunded
52470,1516,2025-02-24,140.05,Paid
52471,1539,2025-02-26,168.09,Refunded
52472,1280,2025-02-16,118.42,Paid
52473,1337,2025-03-11,283.32,Paid
52474,1406,2025-01-10,288.35,Paid
52475,1496,2025-01-15,305.17,Paid
52476,1294,2025-01-03,264.01,Paid
52477,1594,2025-02-13,120.44,Paid
52478,1402,2025-01-09,92.05,Paid
52479,2044,2025-01-14,287.01,Refunded
52480,1705,2025-03-07,121.06,Paid
52481,1511,2025-02-20,62.43,Paid
52482,1479,2025-01-10,126.19,Paid
52483,1593,2025-02-11,42.95,Paid
52484,1809,2025-03-14,196.47,Paid
52485,1607,2025-02-11,81.4,Processing
52486,1097,2025-02-27,65.3,Paid
52487,1187,2025-02-26,490.28,Paid
52488,1075,2025-02-23,245.01,Paid
52489,1720,2025-01-23,252.02,Paid
52490,1069,2025-02-21,166.61,Paid
52491,1045,2025-01-06,294.11,Paid
52492,1003,2025-03-17,233.54,Paid
52493,1547,2025-01-07,156.98,Paid
52494,1215,2025-01-03,507.11,Paid
52495,1208,2025-01-20,51.9,Paid
52496,1129,2025-02-01,450.71,Paid
52497,1455,2025-03-11,96.98,Paid
52498,1622,2025-01-08,132.74,Refunded
52499,1516,2025-01-12,39.64,Paid
52500,1422,2025-03-01,136.51,Processing
52501,1007,2025-03-25,161.71,Paid
52502,1191,2025-02-06,931.33,Paid
52503,1505,2025-02-14,574.49,Paid
52504,1348,2025-01-26,528.97,Paid
52505,1203,2025-01-08,84.25,Paid
52506,1191,2025-03-03,731.09,Paid
52507,1354,2025-02-22,111.18,Paid
52508,1007,2025-02-19,306.42,Refunded
52509,1343,2025-03-07,56.56,Paid
52510,1399,2025-03-04,125.73,Paid
52511,1477,2025-01-09,527.26,Paid
52512,1842,2025-02-16,460.71,Paid
52513,1128,2025-02-13,192.68,Processing
52514,1009,2025-01-26,259.79,Paid
52515,1717,2025-01-18,49.12,Refunded
52516,1693,2025-03-15,211.84,Refunded
52517,1520,2025-02-11,164.37,Paid
52518,1693,2025-03-08,34.4,Paid
52519,1387,2025-01-21,38.01,Paid
52520,1014,2025-01-24,37.22,Paid
52521,1084,2025-01-17,213.3,Paid
52522,1239,2025-02-18,42.92,Paid
52523,1660,2025-01-15,114.59,Paid
52524,1015,2025-02-02,86.24,Paid
52525,1168,2025-02-03,139.94,Paid
52526,1479,2025-02-08,203.87,Paid
52527,1304,2025-03-12,193.15,Paid
52528,1221,2025-02-19,128.7,Refunded
52529,1395,2025-02-15,113.64,Paid
52530,1133,2025-02-16,96.08,Paid
52531,1599,2025-01-27,316.98,Paid
52532,1770,2025-02-03,80.26,Paid
52533,1744,2025-02-22,65.04,Processing
52534,1651,2025-02-17,223.99,Paid
52535,1642,2025-03-14,86.89,Processing
52536,1596,2025-02-20,301.6,Paid
52537,1016,2025-01-27,79.6,Processing
52538,1339,2025-03-13,201.57,Paid
52539,1434,2025-01-24,26.92,Processing
52540,1042,2025-02-09,93.06,Refunded
52541,1096,2025-01-08,83.06,Paid
52542,1337,2025-01-03,274.48,Refunded
52543,1428,2025-01-04,531.94,Paid
52544,1182,2025-02-02,112.67,Paid
52545,1685,2025-02-21,281.31,Paid
52546,1849,2025-03-17,200.44,Refunded
52547,1537,2025-01-10,533.45,Paid
52548,1336,2025-01-06,269.99,Paid
52549,1842,2025-03-19,32.1,Paid
52550,1637,2025-03-13,207.39,Refunded
52551,1721,2025-01-17,135.02,Paid
52552,1420,2025-01-14,22.49,Paid
52553,1610,2025-01-26,63.42,Paid
52554,1735,2025-03-14,402.19,Paid
52555,1809,2025-01-16,410.68,Paid
52556,1790,2025-02-13,260.56,Paid
52557,1551,2025-01-14,620.78,Paid
52558,1384,2025-02-08,266.41,Processing
52559,1269,2025-03-03,21.54,Paid
52560,1653,2025-03-07,70.92,Paid
52561,1372,2025-02-03,24.67,Paid
52562,1763,2025-02-15,34.83,Paid
52563,1275,2025-01-15,57.05,Paid
52564,1528,2025-01-07,125.04,Paid
52565,1698,2025-02-15,302.12,Processing
52566,1462,2025-02-24,317.04,Paid
52567,1595,2025-03-12,163.65,Paid
52568,1248,2025-03-21,415.03,Paid
52569,1728,2025-02-26,123.99,Paid
52570,1088,2025-02-02,349.78,Paid
52571,1444,2025-02-05,110.79,Refunded
52572,1612,2025-03-01,68.7,Paid
52573,1563,2025-02-04,392.28,Paid
52574,1309,2025-02-23,93.64,Paid
52575,1002,2025-01-19,125.0,Paid
52576,1486,2025-03-13,79.82,Paid
52577,1058,2025-03-13,183.08,Paid
52578,1627,2025-01-06,815.69,Paid
52579,1841,2025-03-16,23.88,Paid
52580,1205,2025-02-27,365.16,Paid
52581,1400,2025-03-20,20.59,Paid
52582,1504,2025-02-02,87.94,Processing
52583,1597,2025-02-25,47.7,Processing
52584,1288,2025-03-16,232.42,Paid
52585,1802,2025-01-24,27.79,Paid
52586,1525,2025-03-03,140.94,Paid
52587,1171,2025-01-17,72.42,Processing
52588,1526,2025-03-06,41.52,Paid
52589,1002,2025-02-22,241.64,Paid
52590,1414,2025-02-27,56.77,Paid
52591,1339,2025-02-06,57.98,Paid
52592,1567,2025-02-20,68.25,Paid
52593,1573,2025-03-04,152.56,Paid
52594,1144,2025-01-16,181.67,Paid
52595,1836,2025-02-24,22.66,Paid
52596,1307,2025-03-19,61.53,Paid
52597,1594,2025-02-17,104.57,Refunded
52598,1508,2025-01-13,80.51,Paid
52599,1118,2025-03-26,343.35,Paid
52600,1639,2025-02-02,252.47,Paid
52601,1035,2025-02-13,167.48,Processing
52602,1699,2025-02-23,81.88,Paid
52603,1056,2025-03-13,200.93,Processing
52604,1266,2025-03-24,298.34,Paid
52605,1167,2025-01-24,155.52,Paid
52606,1566,2025-02-05,250.19,Paid
52607,1104,2025-03-19,227.41,Paid
52608,1825,2025-03-13,147.2,Paid
52609,1371,2025-01-12,76.13,Paid
52610,1459,2025-02-06,225.43,Paid
52611,1144,2025-02-22,54.75,Paid
52612,1001,2025-01-17,246.77,Paid
52613,1152,2025-02-13,264.87,Paid
52614,1546,2025-01-05,279.02,Paid
52615,1562,2025-01-22,116.06,Paid
52616,1743,2025-02-17,52.07,Paid
52617,1425,2025-03-06,35.76,Paid
52618,1594,2025-02-15,224.01,Paid
52619,1548,2025-02-11,346.08,Paid
52620,1387,2025-03-09,177.83,Refunded
52621,1379,2025-02-15,43.35,Paid
52622,1716,2025-01-06,429.77,Paid
52623,1789,2025-01-25,697.88,Paid
52624,1816,2025-03-02,105.21,Paid
52625,1161,2025-01-03,155.52,Paid
52626,1101,2025-03-05,245.24,Paid
52627,1043,2025-01-23,219.99,Paid
52628,1216,2025-01-17,535.31,Paid
52629,1315,2025-02-01,38.31,Paid
52630,1555,2025-03-26,150.38,Paid
52631,1715,2025-03-07,196.61,Paid
52632,1157,2025-03-20,351.23,Paid
52633,1115,2025-02-11,330.85,Paid
52634,1442,2025-03-14,592.51,Paid
52635,1147,2025-01-20,127.64,Paid
52636,1203,2025-02-27,286.47,Paid
52637,1058,2025-01-09,103.6,Paid
52638,1633,2025-01-16,102.31,Paid
52639,1129,2025-02-06,63.82,Paid
52640,1296,2025-02-02,275.76,Paid
52641,1158,2025-03-20,658.34,Paid
52642,1058,2025-01-19,64.43,Paid
52643,1632,2025-02-02,28.67,Paid
52644,1518,2025-03-17,273.55,Paid
52645,1216,2025-01-08,165.23,Paid
52646,1087,2025-02-10,501.71,Paid
52647,1428,2025-02-10,63.6,Paid
52648,1487,2025-01-24,31.05,Paid
52649,1025,2025-03-01,121.72,Paid
52650,1460,2025-03-10,33.4,Processing
52651,1559,2025-02-23,65.53,Paid
52652,1811,2025-02-21,40.2,Paid
52653,1772,2025-02-10,58.07,Paid
52654,1388,2025-02-09,36.83,Paid
52655,1169,2025-03-10,481.56,Paid
52656,1112,2025-02-08,68.98,Paid
52657,1602,2025-01-17,108.02,Processing
52658,1671,2025-01-04,363.32,Paid
52659,1801,2025-02-12,189.66,Paid
52660,1221,2025-03-17,164.36,Paid
52661,1304,2025-01-19,203.4,Paid
52662,1554,2025-02-14,284.76,Paid
52663,1606,2025-02-17,335.15,Paid
52664,1389,2025-02-08,174.35,Refunded
52665,1811,2025-01-27,351.1,Paid
52666,1017,2025-03-22,134.99,Paid
52667,1692,2025-01-16,68.71,Paid
52668,1330,2025-01-22,338.14,Paid
52669,1278,2025-03-07,136.96,Paid
52670,1181,2025-03-11,374.89,Paid
52671,1246,2025-03-18,26.15,Paid
52672,1675,2025-02-22,96.0,Paid
52673,1790,2025-03-23,462.92,Paid
52674,1062,2025-02-18,63.08,Paid
52675,1207,2025-03-20,445.9,Processing
52676,1085,2025-01-08,481.55,Paid
52677,1098,2025-02-19,340.74,Paid
52678,1785,2025-03-08,144.4,Paid
52679,1108,2025-02-25,176.17,Paid
52680,1582,2025-03-06,325.59,Paid
52681,1560,2025-03-03,244.35,Paid
52682,1467,2025-03-11,169.18,Paid
52683,1766,2025-01-10,624.78,Paid
52684,1419,2025-02-18,193.6,Paid
52685,1067,2025-01-15,576.25,Paid
52686,1551,2025-03-26,28.87,Paid
52687,1327,2025-03-23,42.44,Paid
52688,1401,2025-03-10,110.07,Refunded
52689,1211,2025-02-04,92.89,Paid
52690,1110,2025-01-06,249.0,Processing
52691,1687,2025-03-21,46.26,Paid
52692,1100,2025-01-25,580.05,Refunded
52693,1079,2025-02-20,76.76,Paid
52694,1068,2025-01-20,104.03,Paid
52695,1653,2025-02-13,68.18,Paid
52696,1211,2025-02-08,149.9,Paid
52697,1832,2025-01-24,29.06,Paid
52698,1017,2025-03-19,44.32,Paid
52699,1678,2025-01-22,225.44,Paid
52700,1834,2025-02-18,50.96,Paid
52701,1472,2025-03-08,60.28,Paid
52702,1792,2025-03-23,256.24,Paid
52703,1120,2025-02-14,34.69,Paid
52704,1175,2025-02-09,106.3,Paid
52705,1756,2025-01-08,23.5,Paid
52706,1119,2025-01-23,83.88,Processing
52707,1849,2025-03-24,200.09,Paid
52708,1096,2025-02-21,34.16,Paid
52709,1754,2025-02-25,348.84,Paid
52710,2040,2025-01-24,380.36,Paid
52711,1541,2025-02-22,36.64,Paid
52712,1596,2025-01-16,722.19,Paid
52713,1276,2025-03-22,72.97,Paid
52714,1793,2025-02-04,33.18,Paid
52715,1563,2025-02-02,20.76,Paid
52716,1441,2025-01-11,98.77,Paid
52717,1364,2025-02-04,169.06,Paid
52718,1696,2025-01-21,80.56,Processing
52719,1137,2025-01-04,291.84,Paid
52720,1390,2025-01-26,209.14,Processing
52721,1810,2025-03-02,84.65,Paid
52722,1348,2025-01-23,218.81,Paid
52723,1523,2025-01-13,443.24,Paid
52724,1691,2025-02-16,34.66,Paid
52725,1126,2025-01-10,74.81,Paid
52726,1004,2025-01-11,113.35,Paid
52727,1668,2025-01-26,123.37,Paid
52728,1369,2025-01-26,137.2,Paid
52729,1340,2025-02-03,73.64,Paid
52730,1749,2025-02-03,185.06,Paid
52731,1652,2025-03-09,175.38,Paid
52732,1106,2025-03-18,149.35,Paid
52733,1386,2025-02-08,38.12,Paid
52734,1538,2025-03-13,117.22,Refunded
52735,1310,2025-03-19,86.06,Paid
52736,1109,2025-02-17,121.31,Processing
52737,1637,2025-01-13,402.4,Paid
52738,1365,2025-01-26,118.24,Paid
52739,1594,2025-01-24,22.11,Paid
52740,1710,2025-01-09,106.66,Paid
52741,1247,2025-02-06,277.76,Paid
52742,1010,2025-01-02,247.16,Paid
52743,1014,2025-03-09,128.04,Paid
52744,1721,2025-02-08,63.11,Paid
52745,1678,2025-01-09,113.85,Refunded
52746,1732,2025-02-08,144.41,Processing
52747,1432,2025-03-13,1363.87,Paid
52748,1540,2025-03-02,175.0,Paid
52749,1012,2025-01-16,197.76,Paid
52750,1704,2025-02-14,121.43,Paid
52751,1791,2025-02-02,85.66,Paid
52752,1618,2025-01-27,271.46,Paid
52753,1178,2025-03-21,122.46,Paid
52754,1370,2025-01-15,805.73,Paid
52755,1300,2025-01-20,111.63,Paid
52756,1364,2025-01-07,30.56,Paid
52757,1326,2025-02-24,192.13,Paid
52758,1487,2025-03-18,27.16,Processing
52759,1162,2025-03-26,63.25,Paid
52760,1013,2025-01-13,85.48,Paid
52761,1798,2025-02-02,221.76,Paid
52762,1849,2025-01-24,122.25,Paid
52763,1065,2025-01-16,24.36,Paid
52764,1738,2025-02-26,163.9,Paid
52765,1580,2025-01-23,99.51,Paid
52766,1675,2025-01-26,402.34,Paid
52767,1006,2025-02-09,123.84,Paid
52768,1429,2025-02-17,205.15,Paid
52769,1373,2025-02-15,57.05,Paid
52770,1703,2025-01-17,234.68,Paid
52771,1797,2025-03-02,211.46,Paid
52772,1683,2025-02-27,371.64,Paid
52773,1331,2025-01-17,25.16,Paid
52774,1262,2025-02-18,109.0,Paid
52775,1647,2025-02-10,190.52,Paid
52776,1653,2025-02-27,35.0,Refunded
52777,1805,2025-01-27,99.3,Paid
52778,1121,2025-01-20,447.48,Paid
52779,1772,2025-02-27,105.89,Paid
52780,1225,2025-01-02,654.06,Paid
52781,1512,2025-02-23,28.78,Paid
52782,1757,2025-03-06,209.79,Paid
52783,1824,2025-01-12,150.49,Paid
52784,1739,2025-01-12,124.13,Processing
52785,1270,2025-03-09,550.28,Processing
52786,1575,2025-02-17,40.83,Paid
52787,1135,2025-02-08,359.5,Paid
52788,1140,2025-03-09,196.28,Paid
52789,1299,2025-02-12,64.96,Paid
52790,1825,2025-03-15,367.91,Paid
52791,1092,2025-03-01,104.13,Paid
52792,1783,2025-02-12,272.48,Paid
52793,1607,2025-01-02,93.86,Paid
52794,1204,2025-03-17,305.5,Paid
52795,1307,2025-03-06,171.85,Paid
52796,1278,2025-03-01,42.81,Paid
52797,1108,2025-01-26,177.33,Paid
52798,1848,2025-02-04,51.86,Paid
52799,1214,2025-01-01,99.63,Processing
52800,1159,2025-01-21,48.0,Paid
52801,1036,2025-02-05,23.34,Paid
52802,1053,2025-02-25,55.72,Paid
52803,1711,2025-01-27,135.3,Paid
52804,1346,2025-03-05,118.54,Paid
52805,1796,2025-02-09,124.42,Refunded
52806,1247,2025-03-21,62.69,Paid
52807,1726,2025-03-13,193.35,Paid
52808,2010,2025-01-02,202.74,Paid
52809,1550,2025-03-04,86.47,Paid
52810,1613,2025-03-27,339.51,Paid
52811,1179,2025-02-21,174.93,Paid
52812,1215,2025-02-13,207.26,Refunded
52813,1731,2025-02-26,68.72,Paid
52814,1192,2025-03-14,20.09,Paid
52815,1690,2025-01-10,320.79,Paid
52816,1448,2025-02-08,279.25,Paid
52817,1016,2025-01-15,39.72,Paid
52818,1828,2025-01-08,90.29,Paid
52819,1843,2025-01-21,182.41,Paid
52820,1226,2025-02-14,178.38,Paid
52821,1317,2025-01-13,315.29,Paid
52822,1309,2025-03-08,42.67,Paid
52823,1233,2025-02-22,104.3,Paid
52824,1728,2025-02-09,35.34,Paid
52825,1753,2025-01-03,94.04,Paid
52826,1192,2025-02-10,22.28,Paid
52827,1658,2025-01-27,362.82,Paid
52828,1327,2025-01-06,132.31,Refunded
52829,1700,2025-02-08,304.37,Paid
52830,1387,2025-03-21,29.27,Processing
52831,1627,2025-02-14,58.71,Paid
52832,1593,2025-03-10,65.04,Paid
52833,1598,2025-02-21,93.33,Paid
52834,1051,2025-03-07,263.58,Paid
52835,1169,2025-03-13,93.3,Paid
52836,1027,2025-03-18,54.35,Paid
52837,1793,2025-03-06,30.08,Paid
52838,1521,2025-03-11,32.42,Processing
52839,1354,2025-01-08,234.1,Refunded
52840,1401,2025-03-03,108.26,Paid
52841,1103,2025-01-03,214.29,Paid
52842,1484,2025-03-14,191.99,Paid
52843,1372,2025-01-15,41.82,Paid
52844,1324,2025-01-18,43.13,Paid
52845,1803,2025-02-12,231.18,Paid
52846,2040,2025-01-02,211.63,Paid
52847,2002,2025-02-11,91.23,Paid
52848,1471,2025-01-25,32.09,Paid
52849,1121,2025-03-10,21.83,Processing
52850,1441,2025-01-21,70.98,Paid
52851,1039,2025-01-04,21.39,Paid
52852,1044,2025-02-06,59.22,Paid
52853,1680,2025-02-03,101.58,Paid
52854,1016,2025-02-08,39.42,Paid
52855,1746,2025-03-16,36.52,Paid
52856,1745,2025-03-18,360.14,Paid
52857,1366,2025-02-14,152.09,Processing
52858,1230,2025-03-16,428.75,Paid
52859,1664,2025-01-12,83.66,Paid
52860,1552,2025-02-14,189.58,Paid
52861,1126,2025-03-22,54.35,Refunded
52862,1030,2025-03-09,164.48,Paid
52863,1650,2025-03-14,40.82,Paid
52864,1658,2025-01-18,20.31,Refunded
52865,1668,2025-03-09,422.21,Refunded
52866,1546,2025-01-07,141.42,Paid
52867,1078,2025-01-04,412.47,Paid
52868,1068,2025-01-17,80.93,Paid
52869,1824,2025-02-18,79.58,Paid
52870,1429,2025-01-15,96.79,Paid
52871,1372,2025-03-02,203.65,Paid
52872,1064,2025-03-09,145.14,Paid
52873,1493,2025-03-04,409.25,Paid
52874,1021,2025-02-14,23.87,Refunded
52875,1253,2025-01-02,204.75,Paid
52876,1596,2025-02-27,80.15,Paid
52877,1311,2025-02-07,49.81,Refunded
52878,1409,2025-02-18,127.12,Paid
52879,1054,2025-03-27,125.5,Paid
52880,1604,2025-01-20,42.1,Paid
52881,1078,2025-01-23,53.83,Paid
52882,1336,2025-02-25,98.68,Paid
52883,1554,2025-03-27,98.84,Paid
52884,1439,2025-02-08,77.31,Paid
52885,1415,2025-03-09,44.12,Paid
52886,1650,2025-02-04,20.66,Paid
52887,1530,2025-03-16,547.16,Paid
52888,1718,2025-03-10,451.03,Paid
52889,1720,2025-02-16,119.15,Paid
52890,1224,2025-02-13,816.31,Processing
52891,1396,2025-01-07,187.97,Paid
52892,1834,2025-03-26,30.7,Paid
52893,1172,2025-03-19,38.79,Paid
52894,1388,2025-02-13,391.74,Paid
52895,1304,2025-01-04,169.16,Paid
52896,1090,2025-01-10,297.9,Paid
52897,1416,2025-01-07,362.81,Paid
52898,1805,2025-02-05,109.12,Paid
52899,1625,2025-01-18,27.46,Paid
52900,1324,2025-03-15,51.29,Paid
52901,1256,2025-01-22,30.33,Paid
52902,1530,2025-03-18,51.37,Paid
52903,1525,2025-02-25,99.28,Processing
52904,1768,2025-02-18,38.87,Paid
52905,1844,2025-02-19,47.36,Refunded
52906,1555,2025-01-25,108.54,Paid
52907,1042,2025-02-26,82.37,Paid
52908,2045,2025-03-20,114.57,Paid
52909,1133,2025-01-16,104.1,Paid
52910,1611,2025-03-01,175.13,Paid
52911,1804,2025-03-14,435.15,Paid
52912,1367,2025-03-02,37.12,Paid
52913,1395,2025-01-17,35.68,Paid
52914,1162,2025-02-01,307.4,Paid
52915,1834,2025-03-22,125.9,Paid
52916,1018,2025-01-27,238.12,Paid
52917,1037,2025-03-05,56.39,Paid
52918,1360,2025-01-19,284.79,Paid
52919,1474,2025-02-20,406.25,Refunded
52920,1619,2025-01-21,171.38,Paid
52921,1113,2025-02-22,36.79,Paid
52922,1518,2025-01-26,358.49,Paid
52923,1535,2025-03-23,255.88,Paid
52924,1177,2025-03-17,228.47,Paid
52925,1547,2025-02-07,25.61,Paid
52926,1367,2025-02-11,260.64,Paid
52927,1807,2025-02-16,42.27,Paid
52928,1643,2025-03-23,57.73,Paid
52929,1434,2025-03-19,149.11,Paid
52930,1437,2025-03-16,66.18,Paid
52931,1670,2025-03-27,182.42,Paid
52932,1093,2025-03-08,160.5,Processing
52933,1618,2025-03-02,37.17,Paid
52934,1055,2025-02-16,180.07,Paid
52935,1018,2025-01-15,406.46,Paid
52936,1766,2025-02-02,46.35,Paid
52937,1594,2025-02-14,156.35,Paid
52938,1335,2025-02-02,82.75,Paid
52939,1758,2025-01-20,112.32,Paid
52940,1146,2025-02-09,70.74,Paid
52941,1747,2025-01-16,85.57,Paid
52942,1616,2025-03-27,24.4,Paid
52943,1110,2025-03-06,618.92,Paid
52944,1134,2025-03-12,167.04,Paid
52945,1754,2025-02-23,124.18,Paid
52946,1546,2025-01-09,92.61,Paid
52947,1095,2025-02-06,136.28,Paid
52948,1803,2025-03-03,91.73,Refunded
52949,1088,2025-01-27,86.92,Paid
52950,1109,2025-02-19,113.53,Paid
52951,1318,2025-01-06,68.44,Paid
52952,1442,2025-01-08,49.78,Paid
52953,1399,2025-01-06,141.99,Processing
52954,1794,2025-01-19,297.5,Paid
52955,1164,2025-03-01,44.88,Paid
52956,1133,2025-03-13,24.99,Paid
52957,1373,2025-03-21,62.52,Paid
52958,1247,2025-03-02,604.72,Paid
52959,1099,2025-03-09,284.7,Paid
52960,1608,2025-03-16,155.9,Paid
52961,1685,2025-01-19,417.29,Paid
52962,1411,2025-03-18,108.39,Paid
52963,1092,2025-01-12,633.68,Paid
52964,1061,2025-01-12,72.71,Refunded
52965,1057,2025-01-20,61.23,Paid
52966,1128,2025-01-21,172.44,Refunded
52967,1687,2025-02-07,91.26,Paid
52968,1845,2025-01-17,167.67,Paid
52969,1544,2025-03-10,74.58,Paid
52970,1389,2025-02-26,164.32,Paid
52971,1335,2025-03-07,68.39,Paid
52972,1693,2025-02-26,27.85,Paid
52973,1034,2025-03-08,384.79,Paid
52974,1708,2025-02-09,342.1,Paid
52975,1758,2025-03-22,550.03,Paid
52976,1639,2025-01-16,209.1,Processing
52977,1216,2025-03-24,192.2,Paid
52978,1536,2025-01-16,142.81,Paid
52979,1180,2025-02-11,40.19,Paid
52980,1528,2025-02-05,51.47,Paid
52981,1636,2025-03-13,71.26,Paid
52982,1017,2025-03-06,351.3,Paid
52983,1575,2025-03-11,48.49,Paid
52984,1282,2025-02-02,404.35,Paid
52985,1427,2025-03-02,130.97,Paid
52986,1630,2025-01-14,208.59,Paid
52987,1030,2025-01-10,37.52,Paid
52988,1735,2025-01-13,67.01,Paid
52989,1492,2025-01-24,497.38,Paid
52990,1831,2025-01-26,66.42,Paid
52991,1393,2025-03-27,72.76,Paid
52992,1583,2025-03-11,53.02,Paid
52993,1154,2025-03-17,40.73,Processing
52994,1102,2025-02-13,59.84,Paid
52995,1313,2025-02-10,174.22,Refunded
52996,1130,2025-02-10,111.15,Refunded
52997,1534,2025-03-12,141.03,Paid
52998,1258,2025-02-26,39.58,Paid
52999,1457,2025-03-09,263.01,Paid
53000,1229,2025-01-05,249.94,Paid
53001,1556,2025-01-14,23.27,Processing
53002,1298,2025-03-07,92.56,Paid
53003,1361,2025-01-03,30.69,Refunded
53004,1839,2025-02-17,255.61,Paid
53005,1615,2025-02-12,220.49,Paid
53006,1256,2025-02-14,368.4,Paid
53007,1624,2025-02-26,60.46,Paid
53008,1703,2025-01-14,111.4,Paid
53009,1323,2025-01-19,50.59,Paid
53010,1497,2025-02-02,89.6,Processing
53011,1103,2025-03-17,130.8,Paid
53012,1468,2025-02-19,28.22,Processing
53013,1503,2025-03-18,208.22,Processing
53014,1426,2025-01-05,137.56,Paid
53015,1229,2025-02-23,284.88,Paid
53016,1002,2025-02-24,67.57,Paid
53017,1616,2025-01-16,370.45,Paid
53018,1116,2025-03-08,1016.15,Paid
53019,1204,2025-02-15,397.55,Paid
53020,1405,2025-01-01,245.69,Refunded
53021,1639,2025-01-15,270.99,Paid
53022,1648,2025-02-14,147.91,Paid
53023,1746,2025-02-02,51.64,Paid
53024,1584,2025-03-06,189.53,Paid
53025,1206,2025-02-17,207.11,Paid
53026,1835,2025-01-05,653.86,Paid
53027,1286,2025-03-15,136.9,Paid
53028,1528,2025-03-05,67.49,Paid
53029,1447,2025-01-11,192.65,Refunded
53030,1800,2025-03-06,602.19,Paid
53031,1495,2025-03-08,49.26,Paid
53032,1376,2025-03-02,79.18,Paid
53033,1272,2025-03-15,137.09,Paid
53034,1147,2025-03-22,47.99,Refunded
53035,1835,2025-01-15,23.37,Paid
53036,1759,2025-02-16,81.64,Paid
53037,1701,2025-03-14,320.78,Refunded
53038,1610,2025-03-20,26.67,Paid
53039,1629,2025-02-13,104.04,Paid
53040,1054,2025-01-01,235.45,Paid
53041,1098,2025-03-06,479.23,Paid
53042,1166,2025-03-27,654.79,Paid
53043,1804,2025-02-27,102.22,Paid
53044,1766,2025-02-26,470.52,Paid
53045,1267,2025-01-21,25.41,Paid
53046,1446,2025-01-22,225.51,Processing
53047,1328,2025-01-14,174.4,Paid
53048,1773,2025-03-05,63.06,Paid
53049,1724,2025-02-14,126.18,Processing
53050,2034,2025-02-25,40.81,Paid
53051,1490,2025-01-14,327.89,Paid
53052,1069,2025-03-03,86.45,Paid
53053,1273,2025-01-14,167.54,Processing
53054,1112,2025-02-13,45.93,Processing
53055,1005,2025-02-04,54.63,Paid
53056,1049,2025-03-15,743.43,Processing
53057,1255,2025-03-24,229.81,Paid
53058,1279,2025-02-11,510.41,Processing
53059,1307,2025-02-23,72.61,Paid
53060,1554,2025-01-05,46.97,Paid
53061,1433,2025-01-01,124.9,Paid
53062,1699,2025-03-07,122.38,Paid
53063,1685,2025-02-06,48.85,Paid
53064,1164,2025-01-24,218.2,Paid
53065,1749,2025-03-18,87.36,Paid
53066,1189,2025-02-16,50.94,Paid
53067,1514,2025-02-19,80.52,Paid
53068,1494,2025-02-01,144.4,Paid
53069,1716,2025-03-18,214.45,Paid
53070,1847,2025-02-18,118.64,Refunded
53071,1439,2025-02-01,131.85,Paid
53072,1849,2025-03-16,42.44,Paid
53073,1564,2025-02-07,389.22,Refunded
53074,1781,2025-03-01,416.18,Paid
53075,1154,2025-03-21,192.53,Paid
53076,1367,2025-01-02,22.67,Paid
53077,1069,2025-01-25,135.53,Paid
53078,1441,2025-02-06,168.82,Paid
53079,1082,2025-03-05,804.72,Paid
53080,1425,2025-02-05,850.75,Paid
53081,1207,2025-03-13,312.38,Paid
53082,1581,2025-01-17,29.89,Paid
53083,1072,2025-02-10,479.53,Paid
53084,1692,2025-03-12,162.27,Paid
53085,1420,2025-01-27,262.08,Paid
53086,1607,2025-03-18,98.43,Refunded
53087,1182,2025-01-17,77.78,Paid
53088,1537,2025-03-17,113.33,Processing
53089,1235,2025-02-03,43.83,Paid
53090,1746,2025-03-06,86.26,Paid
53091,1035,2025-02-24,312.39,Paid
53092,1516,2025-02-18,25.8,Paid
53093,1076,2025-02-14,44.53,Refunded
53094,1824,2025-03-01,40.05,Paid
53095,1215,2025-01-23,97.39,Paid
53096,1050,2025-01-05,890.72,Paid
53097,1727,2025-03-01,48.56,Paid
53098,1113,2025-01-27,43.58,Paid
53099,1377,2025-01-10,389.86,Processing
53100,1655,2025-03-12,340.62,Paid
53101,1785,2025-01-20,24.92,Refunded
53102,1822,2025-01-02,228.97,Paid
53103,1604,2025-03-16,179.83,Paid
53104,1599,2025-03-13,238.99,Paid
53105,1663,2025-02-20,122.33,Paid
53106,1065,2025-02-14,733.04,Paid
53107,1154,2025-02-02,26.73,Paid
53108,1692,2025-02-03,60.06,Paid
53109,1454,2025-01-25,95.76,Paid
53110,1682,2025-02-15,109.62,Paid
53111,1766,2025-02-09,401.45,Paid
53112,1725,2025-02-14,143.15,Paid
53113,1849,2025-01-21,26.92,Paid
53114,1422,2025-03-06,98.6,Paid
53115,1315,2025-02-08,100.8,Paid
53116,1697,2025-03-02,524.98,Paid
53117,1606,2025-03-09,157.14,Paid
53118,1215,2025-03-22,171.45,Paid
53119,1020,2025-02-04,207.37,Paid
53120,1833,2025-02-19,240.48,Paid
53121,1739,2025-01-18,171.2,Paid
53122,1246,2025-03-04,60.61,Paid
53123,1237,2025-01-04,330.78,Paid
53124,1282,2025-01-16,217.58,Paid
53125,1535,2025-01-15,223.14,Paid
53126,1355,2025-02-27,870.7,Paid
53127,1189,2025-02-03,263.32,Paid
53128,1553,2025-02-23,285.05,Paid
53129,1761,2025-02-01,473.64,Paid
53130,1618,2025-03-09,44.58,Paid
53131,1169,2025-01-14,123.29,Paid
53132,1479,2025-01-01,150.33,Paid
53133,1188,2025-02-23,79.91,Paid
53134,1532,2025-03-25,294.33,Paid
53135,1028,2025-03-24,235.59,Refunded
53136,1106,2025-01-03,211.42,Paid
53137,1571,2025-03-15,899.04,Processing
53138,1607,2025-01-18,65.04,Paid
53139,1679,2025-03-19,219.46,Paid
53140,1439,2025-03-05,140.25,Paid
53141,1756,2025-02-08,76.31,Paid
53142,1022,2025-01-16,46.26,Paid
53143,1522,2025-03-25,359.34,Paid
53144,1140,2025-03-07,155.75,Paid
53145,1783,2025-01-23,281.39,Paid
53146,1686,2025-03-10,138.23,Paid
53147,1256,2025-01-21,57.26,Paid
53148,1481,2025-03-27,81.77,Paid
53149,1076,2025-01-01,92.08,Paid
53150,1090,2025-01-08,561.43,Paid
53151,1791,2025-03-02,20.85,Paid
53152,1639,2025-02-04,656.77,Paid
53153,1376,2025-03-19,610.31,Paid
53154,1412,2025-03-05,853.98,Paid
53155,1834,2025-03-24,117.11,Paid
53156,1056,2025-02-24,517.84,Paid
53157,1694,2025-03-23,95.53,Paid
53158,1355,2025-01-05,24.0,Paid
53159,1845,2025-02-26,58.11,Paid
53160,1089,2025-03-12,455.87,Processing
53161,1441,2025-03-13,22.08,Paid
53162,1429,2025-02-08,138.45,Paid
53163,1833,2025-03-13,31.79,Paid
53164,1478,2025-01-22,70.61,Paid
53165,1388,2025-02-11,33.83,Paid
53166,1668,2025-01-21,314.41,Paid
53167,1376,2025-01-11,154.13,Paid
53168,1682,2025-02-11,368.58,Paid
53169,1462,2025-02-03,194.88,Paid
53170,1482,2025-03-12,551.22,Paid
53171,1774,2025-02-23,126.97,Paid
53172,1273,2025-01-10,172.71,Paid
53173,1190,2025-02-16,148.81,Paid
53174,1101,2025-01-06,119.32,Paid
53175,1601,2025-01-10,300.58,Paid
53176,1814,2025-02-14,175.15,Paid
53177,1204,2025-02-17,262.4,Paid
53178,1749,2025-02-27,251.52,Paid
53179,1472,2025-01-16,51.8,Paid
53180,1605,2025-02-16,177.54,Paid
53181,1511,2025-01-03,53.41,Processing
53182,1165,2025-03-11,151.32,Paid
53183,1062,2025-02-18,189.72,Paid
53184,1618,2025-03-09,903.61,Paid
53185,1213,2025-01-27,24.65,Paid
53186,1060,2025-02-05,34.35,Paid
53187,1125,2025-01-26,32.02,Paid
53188,1712,2025-03-02,96.21,Paid
53189,1081,2025-01-19,278.55,Paid
53190,1455,2025-02-19,298.74,Refunded
53191,1780,2025-01-27,220.33,Paid
53192,1811,2025-02-13,360.78,Paid
53193,1304,2025-03-20,78.48,Paid
53194,1744,2025-01-03,33.84,Paid
53195,1540,2025-01-05,28.99,Paid
53196,1591,2025-02-04,306.72,Paid
53197,1453,2025-01-21,216.64,Paid
53198,1176,2025-01-21,199.91,Paid
53199,1709,2025-03-16,82.25,Paid
53200,1397,2025-02-11,91.68,Paid
53201,1240,2025-02-17,495.92,Paid
53202,1528,2025-03-18,29.89,Paid
53203,2043,2025-01-10,242.91,Paid
53204,1661,2025-02-21,75.58,Paid
53205,1171,2025-03-05,25.98,Paid
53206,1482,2025-03-06,223.55,Paid
53207,1641,2025-02-26,80.28,Paid
53208,1298,2025-03-16,212.1,Paid
53209,1429,2025-01-07,204.47,Processing
53210,1482,2025-02-06,134.79,Paid
53211,1573,2025-01-07,245.34,Paid
53212,1029,2025-02-19,150.5,Paid
53213,1688,2025-03-25,70.66,Paid
53214,1576,2025-01-18,218.7,Paid
53215,1759,2025-01-27,153.43,Paid
53216,1164,2025-01-27,21.92,Processing
53217,1258,2025-02-11,367.87,Paid
53218,1496,2025-01-13,138.33,Paid
53219,1783,2025-02-05,324.46,Paid
53220,1709,2025-02-14,341.5,Paid
53221,1130,2025-01-07,108.31,Paid
53222,1791,2025-02-07,126.29,Processing
53223,1498,2025-01-16,100.62,Refunded
53224,1697,2025-03-19,109.52,Processing
53225,1616,2025-03-01,358.28,Paid
53226,1181,2025-01-08,252.78,Paid
53227,1304,2025-01-09,40.29,Paid
53228,1769,2025-03-21,161.36,Paid
53229,1736,2025-01-21,844.76,Paid
53230,1452,2025-01-10,155.78,Paid
53231,1810,2025-03-11,251.18,Paid
53232,1600,2025-01-20,239.84,Paid
53233,1839,2025-01-26,84.69,Paid
53234,1495,2025-01-10,89.75,Processing
53235,1765,2025-03-19,213.14,Paid
53236,1526,2025-02-27,123.97,Paid
53237,1171,2025-01-05,146.79,Paid
53238,1806,2025-02-03,207.19,Paid
53239,1577,2025-03-22,245.47,Paid
53240,1080,2025-02-04,67.52,Processing
53241,1286,2025-02-09,43.81,Refunded
53242,1574,2025-03-26,71.75,Refunded
53243,1474,2025-02-22,126.25,Paid
53244,1840,2025-03-01,82.81,Paid
53245,1276,2025-01-11,146.03,Paid
53246,1311,2025-02-10,28.24,Paid
53247,1071,2025-03-24,126.93,Paid
53248,1192,2025-01-16,88.83,Paid
53249,1630,2025-03-02,134.75,Paid
53250,1167,2025-03-25,102.37,Paid
53251,1568,2025-03-19,70.16,Paid
53252,1549,2025-03-15,371.68,Paid
53253,1151,2025-02-01,50.64,Processing
53254,1353,2025-01-13,191.56,Paid
53255,1726,2025-03-21,407.83,Processing
53256,1698,2025-02-19,136.05,Paid
53257,1492,2025-03-04,333.62,Paid
53258,1414,2025-01-03,40.0,Paid
53259,1111,2025-01-18,122.12,Paid
53260,1058,2025-02-25,111.6,Paid
53261,1130,2025-02-08,21.22,Paid
53262,1523,2025-02-26,107.85,Processing
53263,1538,2025-03-03,89.07,Paid
53264,1104,2025-03-18,186.21,Paid
53265,1617,2025-03-08,437.89,Paid
53266,1138,2025-02-01,33.45,Paid
53267,1004,2025-02-22,79.51,Paid
53268,1720,2025-03-13,108.07,Paid
53269,1568,2025-01-12,111.1,Paid
53270,1691,2025-03-18,243.62,Paid
53271,1806,2025-01-13,107.89,Paid
53272,1343,2025-03-10,24.13,Paid
53273,1379,2025-01-06,205.74,Paid
53274,1030,2025-01-10,344.2,Paid
53275,1471,2025-03-09,128.2,Paid
53276,1615,2025-03-14,150.52,Paid
53277,1658,2025-03-07,46.68,Paid
53278,1122,2025-03-24,57.39,Paid
53279,1626,2025-02-02,60.22,Paid
53280,1641,2025-02-06,104.51,Paid
53281,1523,2025-01-05,414.97,Paid
53282,1355,2025-01-19,130.65,Paid
53283,1726,2025-03-06,52.0,Paid
53284,1590,2025-02-10,66.4,Paid
53285,1071,2025-03-14,92.68,Paid
53286,1825,2025-01-03,166.43,Paid
53287,1258,2025-01-10,106.98,Paid
53288,1235,2025-03-05,94.75,Paid
53289,1817,2025-01-19,144.77,Paid
53290,1694,2025-02-26,61.53,Paid
53291,1528,2025-01-16,32.33,Paid
53292,1309,2025-01-06,23.71,Paid
53293,1638,2025-01-05,63.4,Paid
53294,1321,2025-03-14,34.41,Paid
53295,1607,2025-02-02,81.5,Paid
53296,1504,2025-01-01,242.38,Paid
53297,1130,2025-01-10,208.97,Paid
53298,1149,2025-01-26,161.6,Paid
53299,1131,2025-01-22,307.09,Paid
53300,1507,2025-03-09,69.71,Paid
53301,1481,2025-02-03,344.49,Paid
53302,1197,2025-03-04,96.43,Paid
53303,1810,2025-01-06,96.85,Paid
53304,1761,2025-01-23,97.97,Paid
53305,1768,2025-01-15,35.49,Paid
53306,1534,2025-01-05,576.3,Processing
53307,1093,2025-01-01,42.36,Paid
53308,1069,2025-01-07,82.53,Paid
53309,1416,2025-03-22,77.7,Processing
53310,1178,2025-01-14,31.64,Paid
53311,1810,2025-03-21,44.78,Paid
53312,1765,2025-02-25,26.88,Paid
53313,1333,2025-01-24,71.88,Paid
53314,1537,2025-02-07,322.22,Paid
53315,1025,2025-02-26,82.2,Processing
53316,1278,2025-02-19,39.81,Paid
53317,1195,2025-03-08,175.64,Paid
53318,1599,2025-01-27,872.64,Paid
53319,1210,2025-02-24,59.66,Processing
53320,1439,2025-03-09,69.19,Processing
53321,1067,2025-03-01,555.52,Paid
53322,1788,2025-02-08,49.54,Processing
53323,1495,2025-01-12,127.37,Paid
53324,1071,2025-03-02,61.1,Refunded
53325,1608,2025-03-21,424.02,Paid
53326,1374,2025-02-17,618.67,Paid
53327,1809,2025-03-20,272.87,Paid
53328,1661,2025-01-03,76.7,Paid
53329,1651,2025-03-18,97.5,Paid
53330,1013,2025-02-08,61.62,Paid
53331,1051,2025-01-24,352.13,Paid
53332,1534,2025-03-19,388.99,Refunded
53333,1106,2025-02-26,101.42,Paid
53334,1509,2025-02-12,180.3,Paid
53335,1085,2025-02-13,47.15,Paid
53336,1795,2025-01-17,105.62,Processing
53337,1804,2025-02-01,169.75,Paid
53338,1111,2025-01-24,93.02,Processing
53339,1413,2025-01-18,86.38,Refunded
53340,1177,2025-03-16,20.15,Paid
53341,1755,2025-02-19,264.67,Paid
53342,1025,2025-03-12,350.19,Paid
53343,1845,2025-01-08,543.33,Processing
53344,1510,2025-01-09,210.56,Paid
53345,1093,2025-02-14,139.37,Paid
53346,1445,2025-01-16,67.06,Paid
53347,1519,2025-02-04,1109.55,Paid
53348,1546,2025-02-03,153.65,Paid
53349,1509,2025-02-23,191.46,Paid
53350,1033,2025-01-18,192.05,Paid
53351,1612,2025-03-10,299.89,Paid
53352,1453,2025-03-19,21.46,Refunded
53353,1450,2025-02-21,57.32,Paid
53354,1774,2025-03-21,184.28,Processing
53355,1335,2025-02-06,358.28,Paid
53356,1655,2025-01-22,193.44,Paid
53357,1547,2025-03-13,100.04,Paid
53358,1270,2025-02-10,87.31,Processing
53359,1542,2025-01-11,220.88,Processing
53360,1612,2025-01-06,222.78,Paid
53361,1076,2025-02-01,160.11,Paid
53362,1187,2025-03-16,71.68,Paid
53363,1820,2025-03-05,408.85,Paid
53364,1388,2025-03-15,140.4,Refunded
53365,1302,2025-03-04,254.45,Paid
53366,1720,2025-03-26,56.18,Processing
53367,1831,2025-01-17,83.25,Paid
53368,1400,2025-03-05,331.41,Paid
53369,1605,2025-01-04,27.71,Paid
53370,1212,2025-02-17,127.71,Paid
53371,1566,2025-02-17,118.58,Paid
53372,1483,2025-02-14,228.68,Paid
53373,1486,2025-01-08,69.67,Paid
53374,1581,2025-02-26,57.09,Paid
53375,1308,2025-01-22,410.82,Paid
53376,1317,2025-02-16,147.19,Paid
53377,1529,2025-02-22,36.59,Paid
53378,1682,2025-03-06,52.17,Paid
53379,1557,2025-02-06,1032.11,Paid
53380,1264,2025-02-05,52.65,Paid
53381,1574,2025-03-09,161.42,Paid
53382,1066,2025-03-06,101.74,Paid
53383,1804,2025-02-16,345.21,Processing
53384,1503,2025-03-11,231.08,Paid
53385,1784,2025-01-15,156.3,Paid
53386,1612,2025-02-24,21.62,Paid
53387,1121,2025-01-24,337.78,Paid
53388,1384,2025-03-19,108.23,Paid
53389,1039,2025-01-19,422.31,Paid
53390,1185,2025-02-09,122.64,Paid
53391,1442,2025-03-04,197.74,Paid
53392,1301,2025-02-09,30.77,Paid
53393,1726,2025-03-15,225.06,Paid
53394,1528,2025-03-02,81.87,Paid
53395,1521,2025-02-19,84.93,Paid
53396,1510,2025-01-20,38.95,Processing
53397,1441,2025-01-02,43.82,Paid
53398,1175,2025-03-17,50.82,Paid
53399,1660,2025-02-17,79.67,Processing
53400,1183,2025-02-19,353.8,Paid
53401,1772,2025-01-11,88.89,Paid
53402,1663,2025-01-10,213.3,Refunded
53403,1179,2025-01-16,32.96,Refunded
53404,1459,2025-01-24,154.14,Paid
53405,1666,2025-03-12,118.64,Paid
53406,1265,2025-03-23,592.22,Paid
53407,1834,2025-02-19,300.82,Paid
53408,1027,2025-01-12,111.0,Paid
53409,1211,2025-02-15,243.84,Paid
53410,1604,2025-01-25,52.17,Processing
53411,1371,2025-02-21,143.95,Paid
53412,1502,2025-03-25,31.63,Paid
53413,1165,2025-03-20,84.18,Paid
53414,1239,2025-03-08,58.4,Paid
53415,1542,2025-02-25,210.36,Paid
53416,1131,2025-02-10,121.03,Paid
53417,1690,2025-02-07,228.59,Paid
53418,1188,2025-03-04,128.63,Processing
53419,1446,2025-03-24,33.57,Paid
53420,1188,2025-03-04,219.41,Paid
53421,1361,2025-01-20,288.67,Paid
53422,1101,2025-01-27,370.78,Paid
53423,1152,2025-03-17,147.29,Paid
53424,1045,2025-02-26,230.11,Paid
53425,1311,2025-03-03,229.18,Paid
53426,1673,2025-03-03,45.4,Paid
53427,1174,2025-01-04,46.91,Processing
53428,1126,2025-02-01,31.03,Paid
53429,1817,2025-02-13,77.83,Paid
53430,1031,2025-01-24,116.23,Paid
53431,1503,2025-03-17,944.72,Paid
53432,1396,2025-02-22,104.58,Paid
53433,1224,2025-03-26,214.33,Paid
53434,1256,2025-02-12,197.33,Paid
53435,1732,2025-02-04,54.31,Paid
53436,1447,2025-03-14,29.04,Paid
53437,1751,2025-03-13,138.45,Paid
53438,1207,2025-01-23,200.75,Processing
53439,1685,2025-02-11,972.37,Processing
53440,1200,2025-02-09,86.62,Paid
53441,1688,2025-03-14,360.03,Paid
53442,1001,2025-03-11,92.17,Paid
53443,1737,2025-02-14,195.39,Paid
53444,1209,2025-03-19,156.79,Refunded
53445,1082,2025-01-11,28.17,Paid
53446,1065,2025-01-24,32.24,Paid
53447,1747,2025-01-27,23.15,Paid
53448,1828,2025-01-23,89.5,Paid
53449,1284,2025-03-14,225.45,Paid
53450,1271,2025-03-07,48.45,Paid
53451,1694,2025-01-19,159.65,Paid
53452,1450,2025-03-02,71.13,Paid
53453,1192,2025-02-17,259.18,Paid
53454,1596,2025-01-22,260.22,Paid
53455,1115,2025-02-24,244.02,Paid
53456,1771,2025-03-21,131.61,Paid
53457,1010,2025-01-27,70.23,Paid
53458,1813,2025-01-02,268.67,Processing
53459,1013,2025-02-15,50.89,Paid
53460,1130,2025-01-19,71.32,Paid
53461,1287,2025-02-04,50.49,Paid
53462,1410,2025-02-27,188.23,Paid
53463,1598,2025-02-13,193.87,Processing
53464,1605,2025-03-07,178.55,Paid
53465,1839,2025-03-12,100.58,Paid
53466,1491,2025-02-09,35.83,Processing
53467,1655,2025-03-08,383.15,Paid
53468,2019,2025-03-04,126.31,Paid
53469,1025,2025-02-13,98.38,Paid
53470,1576,2025-03-07,153.31,Paid
53471,1380,2025-02-25,52.13,Paid
53472,1471,2025-02-03,41.33,Paid
53473,1282,2025-03-26,98.01,Paid
53474,1525,2025-01-24,58.66,Processing
53475,1392,2025-03-15,62.01,Paid
53476,1179,2025-02-10,354.56,Paid
53477,1299,2025-02-24,133.5,Paid
53478,1787,2025-01-25,119.09,Paid
53479,1060,2025-03-08,195.43,Paid
53480,1518,2025-03-16,474.08,Paid
53481,1052,2025-03-26,37.85,Paid
53482,1832,2025-01-16,288.95,Paid
53483,1628,2025-03-23,151.57,Paid
53484,1343,2025-03-11,43.7,Paid
53485,1639,2025-03-27,72.89,Paid
53486,1533,2025-01-19,118.77,Paid
53487,1466,2025-01-26,196.25,Paid
53488,1116,2025-01-22,61.68,Paid
53489,1390,2025-01-12,134.82,Paid
53490,1471,2025-03-01,193.12,Paid
53491,1247,2025-01-20,109.33,Refunded
53492,1056,2025-03-14,318.19,Paid
53493,1789,2025-03-15,325.41,Paid
53494,1415,2025-03-24,115.43,Paid
53495,1381,2025-02-09,561.38,Paid
53496,1026,2025-01-04,31.79,Refunded
53497,1388,2025-03-07,20.51,Paid
53498,1383,2025-01-09,91.87,Processing
53499,1751,2025-01-24,157.86,Paid
53500,1781,2025-02-02,168.81,Paid
53501,1846,2025-03-15,117.07,Paid
53502,1608,2025-01-13,40.01,Paid
53503,1305,2025-03-09,48.04,Paid
53504,1035,2025-03-03,306.73,Processing
53505,1667,2025-03-22,323.64,Paid
53506,1551,2025-03-07,188.08,Paid
53507,1790,2025-03-26,183.69,Paid
53508,1242,2025-01-14,156.58,Paid
53509,1306,2025-03-16,54.02,Paid
53510,1367,2025-02-01,103.86,Paid
53511,1358,2025-01-03,198.56,Paid
53512,1092,2025-01-18,135.59,Paid
53513,1618,2025-02-21,22.81,Paid
53514,1199,2025-03-19,480.43,Paid
53515,1646,2025-02-25,299.47,Paid
53516,1560,2025-02-18,65.28,Refunded
53517,1700,2025-02-15,163.75,Paid
53518,1615,2025-01-13,405.06,Paid
53519,1762,2025-03-08,35.14,Paid
53520,1229,2025-02-10,124.88,Paid
53521,1155,2025-03-01,111.39,Paid
53522,1472,2025-03-12,99.2,Processing
53523,1237,2025-01-05,290.81,Paid
53524,1814,2025-01-16,91.86,Processing
53525,1437,2025-02-08,29.87,Paid
53526,1629,2025-03-11,30.22,Paid
53527,1478,2025-02-20,26.55,Paid
53528,1480,2025-03-04,98.93,Paid
53529,1180,2025-02-10,210.09,Paid
53530,1537,2025-01-20,54.17,Paid
53531,1819,2025-02-21,175.97,Paid
53532,1314,2025-02-04,194.28,Paid
53533,1179,2025-03-19,64.2,Paid
53534,1328,2025-02-17,157.65,Paid
53535,1546,2025-01-24,193.21,Paid
53536,1075,2025-02-23,114.28,Refunded
53537,1213,2025-03-26,81.58,Processing
53538,1326,2025-03-18,164.8,Paid
53539,1765,2025-01-12,591.47,Paid
53540,1108,2025-03-25,103.49,Paid
53541,1813,2025-01-15,94.57,Paid
53542,1776,2025-03-06,113.62,Paid
53543,1752,2025-02-23,31.89,Paid
53544,1210,2025-02-01,140.83,Paid
53545,1498,2025-02-08,79.78,Paid
53546,1722,2025-02-15,39.42,Paid
53547,1345,2025-02-16,114.18,Paid
53548,1707,2025-03-16,20.51,Paid
53549,1793,2025-03-19,97.07,Paid
53550,1344,2025-01-04,36.76,Paid
53551,1083,2025-02-20,23.69,Paid
53552,1733,2025-02-02,281.0,Paid
53553,1260,2025-03-04,391.99,Paid
53554,1615,2025-03-18,54.92,Paid
53555,1318,2025-03-15,136.25,Paid
53556,1602,2025-02-11,68.85,Paid
53557,1031,2025-03-08,122.06,Paid
53558,1766,2025-01-03,106.07,Paid
53559,1383,2025-01-18,67.01,Processing
53560,1112,2025-01-27,200.79,Paid
53561,1658,2025-02-19,40.29,Paid
53562,1491,2025-03-09,28.18,Processing
53563,1559,2025-03-17,238.94,Refunded
53564,1797,2025-02-22,184.46,Paid
53565,1404,2025-03-25,123.53,Paid
53566,1162,2025-03-03,114.61,Paid
53567,1043,2025-03-21,123.2,Paid
53568,1416,2025-03-05,106.18,Paid
53569,1735,2025-03-24,94.86,Paid
53570,1827,2025-01-07,123.88,Paid
53571,1286,2025-02-26,132.78,Paid
53572,1516,2025-01-02,196.6,Paid
53573,1679,2025-03-11,206.31,Refunded
53574,1743,2025-03-20,91.13,Paid
53575,1439,2025-01-09,100.05,Paid
53576,1255,2025-02-17,90.19,Paid
53577,1265,2025-03-23,135.35,Paid
53578,1644,2025-03-05,110.59,Paid
53579,1583,2025-03-10,350.54,Paid
53580,1755,2025-01-07,198.79,Paid
53581,1390,2025-03-09,363.39,Paid
53582,1093,2025-01-09,205.24,Paid
53583,1788,2025-03-22,551.03,Paid
53584,1661,2025-03-20,171.48,Refunded
53585,1372,2025-03-07,516.77,Paid
53586,1723,2025-01-13,45.83,Paid
53587,1269,2025-03-12,28.09,Paid
53588,1451,2025-01-20,149.81,Paid
53589,1493,2025-03-04,635.6,Paid
53590,1698,2025-01-12,101.09,Paid
53591,1474,2025-01-01,55.75,Paid
53592,1211,2025-02-17,130.58,Paid
53593,1641,2025-02-06,176.96,Paid
53594,1787,2025-02-11,76.79,Processing
53595,1148,2025-01-11,208.17,Paid
53596,1711,2025-02-08,574.02,Paid
53597,1227,2025-01-07,360.9,Paid
53598,1777,2025-02-16,71.71,Paid
53599,1822,2025-03-12,79.34,Paid
53600,1543,2025-01-20,89.67,Processing
53601,1260,2025-01-23,95.27,Paid
53602,1369,2025-01-16,35.86,Paid
53603,1020,2025-01-19,235.3,Paid
53604,1314,2025-01-13,88.2,Refunded
53605,1266,2025-02-05,337.81,Paid
53606,1084,2025-02-19,412.47,Paid
53607,1139,2025-02-07,23.71,Paid
53608,1849,2025-01-25,689.85,Paid
53609,1496,2025-02-15,205.69,Paid
53610,1532,2025-01-10,130.22,Paid
53611,1663,2025-02-26,94.03,Paid
53612,1158,2025-01-23,129.63,Paid
53613,1281,2025-01-12,78.87,Paid
53614,1799,2025-01-19,166.2,Paid
53615,1287,2025-02-12,34.64,Paid
53616,1782,2025-01-08,165.58,Paid
53617,1542,2025-02-22,68.31,Paid
53618,1795,2025-03-12,22.67,Paid
53619,1051,2025-03-19,140.68,Paid
53620,1835,2025-02-09,149.57,Paid
53621,2008,2025-02-11,103.42,Paid
53622,1723,2025-03-11,31.25,Paid
53623,1243,2025-02-11,355.72,Paid
53624,1770,2025-01-04,161.79,Paid
53625,1188,2025-02-19,38.45,Paid
53626,1688,2025-01-04,127.29,Paid
53627,1069,2025-03-10,123.15,Paid
53628,1475,2025-01-22,29.35,Paid
53629,1557,2025-01-03,160.04,Paid
53630,1739,2025-02-08,267.79,Paid
53631,1653,2025-03-19,227.35,Processing
53632,1116,2025-02-15,54.03,Refunded
53633,1239,2025-01-21,317.39,Paid
53634,1216,2025-01-06,82.91,Processing
53635,1837,2025-03-23,459.23,Paid
53636,1096,2025-03-12,31.17,Processing
53637,1464,2025-01-20,119.89,Paid
53638,1288,2025-02-05,156.37,Refunded
53639,1300,2025-01-20,62.68,Paid
53640,1105,2025-02-18,241.35,Paid
53641,1733,2025-01-22,167.88,Paid
53642,1105,2025-02-09,22.74,Paid
53643,1768,2025-03-18,160.62,Paid
53644,1425,2025-03-16,121.44,Processing
53645,1400,2025-01-05,52.73,Paid
53646,1361,2025-03-15,839.06,Paid
53647,1573,2025-01-11,361.19,Paid
53648,1098,2025-02-22,71.9,Paid
53649,1030,2025-02-25,136.83,Processing
53650,1436,2025-03-03,77.08,Processing
53651,1384,2025-02-06,244.08,Paid
53652,1663,2025-02-03,419.6,Paid
53653,1199,2025-02-13,86.67,Paid
53654,1327,2025-02-02,265.66,Paid
53655,1491,2025-03-05,123.5,Paid
53656,1620,2025-03-21,95.77,Paid
53657,1788,2025-01-02,438.12,Paid
53658,1630,2025-02-15,127.13,Paid
53659,1657,2025-03-03,114.5,Paid
53660,1507,2025-01-11,187.41,Paid
53661,1306,2025-01-05,65.42,Paid
53662,1731,2025-01-01,78.91,Paid
53663,1612,2025-01-14,423.34,Refunded
53664,1366,2025-01-08,190.23,Paid
53665,1174,2025-01-14,282.86,Paid
53666,1570,2025-02-08,67.44,Paid
53667,1150,2025-02-19,137.72,Processing
53668,1364,2025-03-09,553.13,Paid
53669,1226,2025-01-05,77.56,Paid
53670,1064,2025-01-26,46.24,Paid
53671,1565,2025-03-04,127.27,Paid
53672,1527,2025-03-18,93.61,Paid
53673,1506,2025-01-01,46.08,Paid
53674,1075,2025-03-25,349.13,Processing
53675,1260,2025-01-08,722.05,Paid
53676,1209,2025-01-07,146.1,Paid
53677,1334,2025-03-08,243.53,Processing
53678,1181,2025-03-17,313.89,Paid
53679,1265,2025-03-15,201.09,Paid
53680,1738,2025-01-17,26.77,Paid
53681,1322,2025-03-06,45.73,Processing
53682,1713,2025-01-18,31.05,Paid
53683,1244,2025-02-04,21.49,Paid
53684,1209,2025-02-01,74.79,Paid
53685,1429,2025-03-03,94.72,Processing
53686,1421,2025-01-20,61.37,Processing
53687,1617,2025-01-22,30.02,Paid
53688,1271,2025-02-05,133.21,Paid
53689,1036,2025-03-12,67.89,Paid
53690,1267,2025-02-09,258.47,Paid
53691,1800,2025-01-13,21.21,Paid
53692,1808,2025-02-20,297.28,Paid
53693,1597,2025-01-03,484.35,Paid
53694,1759,2025-01-22,208.89,Paid
53695,1732,2025-03-11,218.44,Paid
53696,1478,2025-01-20,426.72,Paid
53697,1335,2025-01-07,55.18,Paid
53698,1614,2025-01-16,802.25,Paid
53699,1239,2025-02-01,242.74,Paid
53700,1609,2025-03-13,214.51,Paid
53701,1616,2025-01-02,87.2,Paid
53702,1758,2025-01-13,138.38,Refunded
53703,1262,2025-01-09,179.16,Paid
53704,1471,2025-01-05,165.27,Refunded
53705,1268,2025-03-07,203.11,Paid
53706,1634,2025-02-16,32.9,Paid
53707,1783,2025-03-06,85.93,Paid
53708,1389,2025-02-16,105.37,Paid
53709,1387,2025-03-05,65.29,Paid
53710,1271,2025-02-27,48.42,Paid
53711,1780,2025-02-08,42.44,Refunded
53712,1002,2025-03-04,88.45,Paid
53713,1246,2025-01-02,122.02,Paid
53714,1840,2025-01-09,29.76,Paid
53715,1371,2025-03-12,459.09,Paid
53716,1450,2025-02-10,237.38,Paid
53717,1643,2025-02-12,216.87,Paid
53718,1242,2025-02-16,48.47,Paid
53719,1302,2025-03-06,158.88,Paid
53720,1714,2025-01-24,133.17,Paid
53721,1654,2025-01-24,626.57,Paid
53722,1079,2025-02-15,226.55,Paid
53723,1688,2025-02-09,148.62,Refunded
53724,1453,2025-02-24,305.38,Paid
53725,1705,2025-02-18,45.28,Paid
53726,1251,2025-03-07,22.3,Paid
53727,1338,2025-01-08,195.79,Paid
53728,1591,2025-01-06,35.52,Paid
53729,1225,2025-01-14,38.4,Paid
53730,1495,2025-01-06,224.79,Paid
53731,1806,2025-03-22,67.32,Paid
53732,1749,2025-03-08,168.58,Paid
53733,1413,2025-03-01,394.07,Paid
53734,1622,2025-01-27,77.07,Paid
53735,1838,2025-02-18,56.72,Paid
53736,1748,2025-01-22,36.9,Paid
53737,1405,2025-02-14,40.97,Paid
53738,1328,2025-03-07,29.64,Paid
53739,1758,2025-02-21,33.76,Processing
53740,1181,2025-02-04,104.85,Paid
53741,1635,2025-01-19,78.04,Refunded
53742,1543,2025-02-10,203.91,Paid
53743,1682,2025-01-06,326.31,Paid
53744,1392,2025-02-25,250.41,Paid
53745,1269,2025-03-13,133.46,Paid
53746,1097,2025-02-23,36.21,Paid
53747,1573,2025-03-03,205.56,Paid
53748,1218,2025-03-08,87.61,Paid
53749,1215,2025-02-27,33.43,Paid
53750,1791,2025-01-01,297.22,Paid
53751,1403,2025-01-24,81.92,Paid
53752,1237,2025-02-08,56.93,Processing
53753,1538,2025-03-01,327.72,Paid
53754,1586,2025-01-16,368.62,Paid
53755,1237,2025-01-17,82.09,Refunded
53756,1465,2025-03-16,85.73,Paid
53757,1533,2025-03-06,149.99,Paid
53758,1066,2025-02-23,218.32,Refunded
53759,1601,2025-03-24,29.78,Paid
53760,1599,2025-02-14,154.97,Paid
53761,1443,2025-03-02,478.07,Paid
53762,1613,2025-01-15,65.59,Paid
53763,1201,2025-03-26,379.25,Paid
53764,1439,2025-01-08,469.87,Paid
53765,1735,2025-02-03,67.03,Paid
53766,1445,2025-01-13,230.49,Paid
53767,1675,2025-03-02,60.92,Paid
53768,1586,2025-01-08,220.69,Paid
53769,1007,2025-02-09,259.49,Paid
53770,1062,2025-01-27,62.59,Paid
53771,1200,2025-01-17,208.75,Paid
53772,1284,2025-01-06,270.78,Processing
53773,1251,2025-03-23,86.61,Paid
53774,1542,2025-01-21,47.53,Paid
53775,1409,2025-02-12,34.47,Paid
53776,1118,2025-01-07,148.48,Paid
53777,1645,2025-03-18,593.18,Paid
53778,1601,2025-02-11,279.7,Refunded
53779,1387,2025-02-17,105.86,Paid
53780,1253,2025-01-26,135.38,Refunded
53781,1267,2025-03-02,69.18,Paid
53782,1572,2025-03-16,46.7,Processing
53783,1529,2025-02-10,118.69,Paid
53784,1677,2025-02-08,113.4,Processing
53785,1216,2025-01-05,130.7,Paid
53786,1254,2025-03-26,478.02,Processing
53787,1392,2025-01-16,158.91,Paid
53788,1547,2025-02-05,159.62,Paid
53789,1720,2025-03-09,40.55,Paid
53790,1670,2025-02-23,867.77,Paid
53791,1097,2025-01-05,242.32,Paid
53792,1423,2025-02-16,334.58,Refunded
53793,1073,2025-03-20,100.24,Paid
53794,1090,2025-03-12,124.61,Paid
53795,1265,2025-03-24,130.75,Paid
53796,1547,2025-02-09,52.37,Paid
53797,1814,2025-01-03,195.43,Paid
53798,1638,2025-01-23,369.92,Processing
53799,1191,2025-02-10,46.82,Paid
53800,1324,2025-02-16,33.54,Paid
53801,1125,2025-03-01,221.04,Paid
53802,1668,2025-02-19,67.87,Paid
53803,1743,2025-03-02,166.67,Paid
53804,1720,2025-02-10,198.49,Paid
53805,1191,2025-01-01,78.27,Paid
53806,1029,2025-03-10,273.23,Paid
53807,1184,2025-02-16,139.77,Paid
53808,1212,2025-01-26,324.88,Paid
53809,1283,2025-03-02,236.14,Processing
53810,1356,2025-01-07,324.4,Paid
53811,1008,2025-03-26,23.06,Paid
53812,1004,2025-03-26,61.86,Paid
53813,1184,2025-02-01,34.15,Paid
53814,1835,2025-03-24,107.53,Paid
53815,1137,2025-02-14,351.04,Paid
53816,1775,2025-02-07,114.54,Paid
53817,1398,2025-03-11,304.28,Paid
53818,1839,2025-02-04,79.44,Paid
53819,1687,2025-03-24,82.23,Paid
53820,1816,2025-02-07,358.87,Paid
53821,1833,2025-03-14,103.22,Paid
53822,1534,2025-03-07,253.93,Paid
53823,1282,2025-03-15,60.5,Paid
53824,1606,2025-01-08,465.8,Processing
53825,1609,2025-02-04,148.2,Paid
53826,1069,2025-03-07,233.65,Paid
53827,1221,2025-02-14,34.07,Processing
53828,1191,2025-02-12,121.79,Paid
53829,1545,2025-02-14,366.95,Paid
53830,1479,2025-01-06,334.38,Paid
53831,1741,2025-02-05,27.19,Paid
53832,1747,2025-01-01,74.3,Processing
53833,1073,2025-01-20,107.86,Paid
53834,1816,2025-01-11,48.36,Refunded
53835,1829,2025-02-12,216.4,Paid
53836,1416,2025-03-06,50.6,Paid
53837,1664,2025-02-11,83.84,Paid
53838,1665,2025-01-13,183.28,Refunded
53839,1708,2025-03-08,118.69,Paid
53840,2009,2025-01-10,221.24,Paid
53841,1722,2025-02-24,507.43,Paid
53842,1588,2025-02-16,38.59,Paid
53843,1306,2025-01-11,205.46,Paid
53844,1403,2025-02-24,59.27,Paid
53845,1578,2025-03-05,100.29,Processing
53846,1090,2025-03-16,25.01,Paid
53847,1582,2025-02-02,41.91,Paid
53848,1419,2025-01-05,77.8,Paid
53849,1650,2025-01-20,82.78,Paid
53850,1156,2025-02-25,364.77,Paid
53851,1649,2025-02-23,223.11,Processing
53852,1803,2025-02-03,557.32,Paid
53853,1712,2025-02-18,157.1,Processing
53854,1436,2025-01-02,61.5,Paid
53855,1530,2025-01-09,79.55,Paid
53856,1187,2025-02-25,77.81,Paid
53857,1461,2025-03-07,79.29,Paid
53858,1069,2025-02-05,187.65,Paid
53859,1735,2025-03-22,133.51,Paid
53860,1601,2025-02-06,93.02,Paid
53861,1405,2025-02-18,44.22,Paid
53862,1479,2025-01-09,23.36,Processing
53863,1309,2025-01-16,57.05,Paid
53864,1602,2025-01-10,37.05,Paid
53865,1019,2025-02-04,250.88,Paid
53866,1045,2025-03-08,37.9,Paid
53867,1238,2025-03-21,213.23,Paid
53868,1019,2025-02-23,93.08,Processing
53869,1498,2025-03-15,31.43,Paid
53870,1056,2025-03-09,271.28,Paid
53871,1847,2025-02-24,149.99,Paid
53872,1618,2025-01-08,60.33,Paid
53873,1149,2025-03-15,357.61,Paid
53874,1556,2025-02-16,26.95,Paid
53875,1139,2025-02-25,53.81,Refunded
53876,1532,2025-01-23,229.18,Paid
53877,1756,2025-01-15,205.36,Paid
53878,1344,2025-01-25,71.22,Paid
53879,1748,2025-02-22,29.6,Paid
53880,1568,2025-03-20,312.87,Paid
53881,1848,2025-02-05,76.47,Paid
53882,1808,2025-03-07,52.67,Paid
53883,1252,2025-03-13,128.87,Paid
53884,1390,2025-02-16,381.57,Paid
53885,1227,2025-03-13,26.68,Paid
53886,1524,2025-02-14,237.74,Paid
53887,1092,2025-03-05,147.46,Paid
53888,1785,2025-02-09,103.12,Paid
53889,1161,2025-02-07,224.43,Refunded
53890,1362,2025-02-25,526.44,Paid
53891,1334,2025-02-25,59.05,Processing
53892,1792,2025-02-17,43.26,Paid
53893,1072,2025-03-20,386.07,Paid
53894,1331,2025-01-18,185.82,Paid
53895,1251,2025-03-19,106.43,Paid
53896,1226,2025-01-01,147.74,Paid
53897,1507,2025-01-24,225.34,Paid
53898,1380,2025-03-02,242.44,Paid
53899,2017,2025-01-12,398.66,Paid
53900,1076,2025-02-13,103.49,Paid
53901,1822,2025-02-17,72.1,Paid
53902,1391,2025-02-11,173.11,Processing
53903,1171,2025-01-25,100.61,Processing
53904,1636,2025-03-09,155.43,Paid
53905,1375,2025-01-20,101.71,Paid
53906,1607,2025-03-11,44.91,Paid
53907,1488,2025-03-04,115.07,Refunded
53908,1464,2025-01-11,196.12,Paid
53909,1515,2025-01-07,260.88,Paid
53910,1368,2025-03-26,121.98,Paid
53911,1014,2025-03-25,47.09,Refunded
53912,1574,2025-01-06,100.34,Paid
53913,1245,2025-03-01,251.47,Paid
53914,1232,2025-03-16,99.87,Paid
53915,1367,2025-02-24,198.87,Refunded
53916,1571,2025-01-01,126.15,Refunded
53917,1685,2025-02-07,61.41,Paid
53918,1759,2025-01-13,258.56,Paid
53919,1555,2025-02-16,33.2,Paid
53920,1375,2025-02-14,131.63,Paid
53921,1080,2025-03-19,55.15,Processing
53922,1141,2025-03-02,30.41,Paid
53923,1758,2025-01-07,124.85,Paid
53924,1281,2025-02-19,123.84,Paid
53925,1251,2025-01-12,204.09,Paid
53926,1675,2025-01-22,224.83,Processing
53927,1205,2025-01-04,215.18,Paid
53928,1491,2025-02-20,99.03,Paid
53929,1317,2025-02-24,169.82,Paid
53930,1378,2025-02-22,149.04,Paid
53931,1819,2025-01-05,102.11,Paid
53932,1096,2025-01-17,156.4,Processing
53933,1260,2025-02-02,461.32,Paid
53934,1103,2025-01-23,52.14,Processing
53935,1675,2025-03-04,374.31,Paid
53936,1804,2025-01-20,28.24,Processing
53937,1513,2025-02-11,75.31,Paid
53938,1045,2025-03-26,70.98,Paid
53939,1368,2025-03-27,167.67,Paid
53940,1715,2025-02-16,41.1,Refunded
53941,1670,2025-03-24,341.0,Paid
53942,1740,2025-03-17,284.52,Paid
53943,1403,2025-03-16,178.36,Processing
53944,1145,2025-01-02,111.99,Paid
53945,1704,2025-01-22,425.36,Paid
53946,1676,2025-01-13,286.45,Paid
53947,1269,2025-01-03,123.77,Paid
53948,1064,2025-03-27,201.54,Paid
53949,1618,2025-03-16,145.53,Paid
53950,1314,2025-03-25,152.99,Paid
53951,1082,2025-03-18,80.29,Paid
53952,1728,2025-01-09,113.01,Paid
53953,1643,2025-02-19,32.2,Paid
53954,1530,2025-02-05,86.32,Paid
53955,1506,2025-01-05,198.52,Paid
53956,1660,2025-02-07,479.33,Paid
53957,1250,2025-01-17,514.79,Processing
53958,1702,2025-03-08,141.7,Processing
53959,1323,2025-02-13,159.95,Paid
53960,1343,2025-01-10,50.82,Processing
53961,1129,2025-02-03,198.27,Processing
53962,1621,2025-02-17,30.99,Paid
53963,1047,2025-03-19,70.25,Paid
53964,1129,2025-03-23,185.56,Paid
53965,1222,2025-01-21,75.73,Paid
53966,1420,2025-02-25,27.67,Processing
53967,1599,2025-03-07,287.45,Paid
53968,1620,2025-01-08,75.73,Paid
53969,1726,2025-03-20,29.78,Paid
53970,1568,2025-03-10,31.66,Paid
53971,1078,2025-02-12,63.5,Paid
53972,1611,2025-01-24,49.41,Refunded
53973,1190,2025-01-25,243.28,Paid
53974,1332,2025-01-04,78.22,Processing
53975,1778,2025-01-15,264.98,Paid
53976,1538,2025-02-15,48.65,Paid
53977,1757,2025-02-07,121.85,Paid
53978,1199,2025-03-20,194.73,Processing
53979,1163,2025-03-09,178.33,Paid
53980,1268,2025-02-13,157.87,Paid
53981,1484,2025-01-19,408.18,Paid
53982,1037,2025-02-16,58.92,Processing
53983,1327,2025-02-02,122.1,Paid
53984,1630,2025-02-13,343.12,Paid
53985,1009,2025-01-24,32.16,Paid
53986,1273,2025-02-12,28.63,Paid
53987,1809,2025-01-22,59.85,Paid
53988,1436,2025-01-11,170.37,Processing
53989,1192,2025-03-08,65.14,Paid
53990,1222,2025-02-02,51.65,Processing
53991,1214,2025-01-04,112.1,Paid
53992,1487,2025-02-21,162.63,Paid
53993,1744,2025-02-20,62.86,Processing
53994,1247,2025-02-15,73.65,Paid
53995,1836,2025-03-07,162.62,Paid
53996,1068,2025-02-23,457.09,Paid
53997,1220,2025-02-20,188.47,Paid
53998,1073,2025-03-01,249.11,Paid
53999,1589,2025-01-17,88.55,Paid
54000,1616,2025-01-25,67.67,Paid
54001,1568,2025-01-12,110.84,Paid
54002,1201,2025-02-15,266.86,Paid
54003,1410,2025-01-07,111.4,Refunded
54004,1790,2025-03-14,301.33,Paid
54005,1758,2025-01-14,693.4,Paid
54006,1277,2025-02-22,31.21,Paid
54007,1830,2025-02-16,26.97,Paid
54008,1049,2025-03-22,44.31,Paid
54009,1026,2025-01-25,92.77,Paid
54010,1016,2025-02-14,41.07,Processing
54011,1802,2025-02-02,326.8,Refunded
54012,1371,2025-02-13,23.51,Paid
54013,1066,2025-03-18,76.92,Paid
54014,1554,2025-02-04,50.63,Paid
54015,1144,2025-01-21,422.22,Paid
54016,1693,2025-03-16,186.06,Paid
54017,1325,2025-03-23,384.61,Paid
54018,1577,2025-03-01,558.1,Paid
54019,1048,2025-03-16,123.1,Paid
54020,1622,2025-02-20,60.05,Paid
54021,1722,2025-01-17,52.3,Paid
54022,1409,2025-01-05,57.83,Paid
54023,1422,2025-02-07,204.96,Paid
54024,1446,2025-01-12,26.19,Paid
54025,1487,2025-02-25,27.91,Processing
54026,1101,2025-03-21,160.53,Refunded
54027,1672,2025-03-21,174.11,Paid
54028,1663,2025-02-24,184.16,Paid
54029,1724,2025-03-21,89.75,Paid
54030,1709,2025-03-19,265.94,Paid
54031,1278,2025-02-12,134.41,Paid
54032,1108,2025-02-18,36.72,Paid
54033,2022,2025-03-19,259.26,Paid
54034,1193,2025-01-05,478.86,Paid
54035,1017,2025-01-06,29.29,Paid
54036,1620,2025-03-03,94.48,Paid
54037,1263,2025-01-01,120.27,Paid
54038,1282,2025-03-26,43.76,Paid
54039,1153,2025-01-20,323.41,Paid
54040,1523,2025-01-07,70.14,Paid
54041,1151,2025-03-17,249.18,Paid
54042,1846,2025-01-08,186.75,Paid
54043,1356,2025-02-26,156.71,Paid
54044,1408,2025-02-26,52.01,Paid
54045,1317,2025-01-12,57.4,Paid
54046,1831,2025-01-13,27.28,Paid
54047,1070,2025-02-25,61.31,Paid
54048,1381,2025-03-23,83.57,Paid
54049,1066,2025-02-21,288.59,Paid
54050,1412,2025-02-11,88.45,Paid
54051,1726,2025-01-15,230.74,Paid
54052,1446,2025-01-11,106.82,Paid
54053,1146,2025-01-24,250.48,Paid
54054,1503,2025-03-08,581.16,Paid
54055,1402,2025-01-25,61.13,Processing
54056,1554,2025-01-03,317.45,Processing
54057,1037,2025-03-01,165.86,Paid
54058,1846,2025-02-01,274.98,Paid
54059,1166,2025-02-21,178.15,Paid
54060,1110,2025-03-06,102.73,Refunded
54061,1527,2025-03-10,58.83,Paid
54062,1668,2025-02-22,30.89,Paid
54063,1043,2025-02-24,135.02,Paid
54064,1254,2025-03-22,715.75,Paid
54065,1632,2025-01-16,220.94,Paid
54066,1383,2025-01-04,79.48,Paid
54067,1255,2025-02-11,283.35,Paid
54068,2037,2025-03-14,239.79,Paid
54069,1582,2025-03-27,69.62,Processing
54070,1813,2025-03-22,22.16,Paid
54071,2012,2025-01-01,38.86,Paid
54072,1006,2025-01-17,334.71,Paid
54073,1129,2025-01-19,291.7,Paid
54074,1075,2025-03-04,72.48,Paid
54075,1629,2025-03-06,70.36,Paid
54076,1716,2025-03-04,256.16,Refunded
54077,1463,2025-01-24,436.46,Paid
54078,1694,2025-03-17,246.53,Paid
54079,1558,2025-03-17,159.55,Paid
54080,1148,2025-03-01,61.69,Paid
54081,1380,2025-01-14,131.9,Paid
54082,1458,2025-03-24,59.89,Paid
54083,1211,2025-01-01,267.55,Paid
54084,1006,2025-02-18,93.4,Paid
54085,1495,2025-02-06,289.09,Paid
54086,1108,2025-01-15,92.1,Refunded
54087,1034,2025-02-04,280.72,Paid
54088,1174,2025-02-11,80.82,Paid
54089,1850,2025-01-09,107.01,Paid
54090,1549,2025-01-11,163.37,Processing
54091,1265,2025-03-27,30.93,Paid
54092,1042,2025-02-07,464.08,Paid
54093,1134,2025-01-27,147.86,Paid
54094,1308,2025-02-08,126.34,Paid
54095,1544,2025-01-24,294.32,Paid
54096,1056,2025-03-01,321.22,Paid
54097,1458,2025-01-11,130.8,Paid
54098,1336,2025-03-02,413.13,Paid
54099,1721,2025-03-11,30.04,Paid
54100,1785,2025-03-17,38.02,Paid
54101,1834,2025-02-03,156.24,Paid
54102,1387,2025-02-03,85.56,Paid
54103,1530,2025-01-25,113.61,Paid
54104,1422,2025-03-02,79.64,Paid
54105,1366,2025-01-07,97.81,Paid
54106,1195,2025-03-23,279.44,Paid
54107,1323,2025-02-23,155.02,Paid
54108,1529,2025-03-21,909.67,Paid
54109,1207,2025-03-14,251.88,Paid
54110,1802,2025-03-04,67.96,Refunded
54111,1461,2025-02-04,66.05,Paid
54112,1712,2025-03-16,81.4,Paid
54113,1142,2025-03-07,297.97,Paid
54114,1404,2025-02-01,24.15,Paid
54115,1803,2025-02-01,59.24,Paid
54116,1380,2025-02-19,372.95,Paid
54117,1123,2025-03-24,173.2,Paid
54118,1048,2025-01-21,58.59,Paid
54119,1268,2025-02-24,57.1,Paid
54120,1059,2025-02-13,317.75,Paid
54121,1776,2025-01-10,356.3,Paid
54122,1141,2025-01-17,64.38,Paid
54123,1009,2025-01-01,101.84,Paid
54124,1341,2025-03-04,289.9,Paid
54125,1715,2025-03-21,241.11,Paid
54126,1355,2025-02-23,272.23,Paid
54127,1649,2025-02-14,129.6,Paid
54128,1235,2025-03-04,383.8,Paid
54129,1407,2025-02-24,79.17,Paid
54130,1773,2025-02-16,45.56,Paid
54131,1283,2025-01-05,205.03,Paid
54132,1332,2025-01-25,136.27,Paid
54133,1194,2025-02-08,309.23,Paid
54134,1153,2025-02-20,32.7,Paid
54135,1125,2025-02-18,298.39,Paid
54136,1356,2025-02-03,72.07,Paid
54137,1396,2025-02-15,179.57,Processing
54138,1321,2025-02-24,26.14,Paid
54139,1634,2025-03-03,161.08,Paid
54140,1673,2025-02-22,209.49,Paid
54141,1560,2025-02-21,89.01,Paid
54142,1699,2025-01-24,56.39,Processing
54143,1714,2025-03-27,135.71,Paid
54144,1231,2025-01-07,288.64,Paid
54145,1255,2025-02-27,78.63,Paid
54146,1715,2025-03-07,63.65,Paid
54147,1336,2025-01-25,69.05,Paid
54148,1488,2025-03-26,466.78,Processing
54149,1410,2025-03-13,86.77,Paid
54150,1794,2025-02-03,20.54,Paid
54151,1798,2025-01-02,248.27,Paid
54152,1207,2025-03-04,200.23,Paid
54153,1140,2025-01-06,40.64,Paid
54154,1352,2025-03-06,649.0,Paid
54155,1609,2025-02-02,160.5,Paid
54156,1129,2025-01-03,124.21,Paid
54157,1106,2025-02-02,92.24,Paid
54158,1015,2025-02-22,363.41,Paid
54159,1519,2025-01-05,61.95,Paid
54160,1069,2025-02-10,70.48,Paid
54161,1007,2025-01-09,39.59,Paid
54162,1788,2025-02-21,233.52,Paid
54163,1679,2025-01-10,155.78,Paid
54164,1832,2025-02-11,160.88,Paid
54165,1164,2025-02-14,56.98,Paid
54166,1820,2025-02-17,177.97,Paid
54167,1188,2025-02-10,237.52,Paid
54168,1177,2025-03-07,86.45,Processing
54169,1396,2025-03-01,262.43,Paid
54170,1541,2025-03-01,84.34,Paid
54171,1654,2025-02-14,232.91,Paid
54172,1788,2025-02-08,25.15,Paid
54173,1259,2025-03-10,140.16,Paid
54174,1689,2025-03-13,543.63,Processing
54175,1827,2025-02-21,616.44,Paid
54176,1695,2025-03-11,69.64,Paid
54177,1787,2025-02-14,107.35,Paid
54178,1517,2025-03-02,29.76,Paid
54179,1372,2025-02-12,329.94,Paid
54180,1208,2025-03-17,146.1,Paid
54181,1508,2025-02-25,92.94,Paid
54182,1399,2025-03-08,37.95,Paid
54183,1049,2025-01-05,459.96,Paid
54184,1710,2025-02-18,133.32,Paid
54185,1591,2025-02-05,69.89,Paid
54186,1368,2025-02-09,84.67,Processing
54187,1718,2025-03-10,67.35,Paid
54188,1308,2025-01-26,158.12,Paid
54189,1219,2025-03-12,418.81,Paid
54190,1237,2025-01-15,311.42,Paid
54191,1730,2025-02-01,112.53,Paid
54192,1717,2025-01-01,282.74,Paid
54193,1826,2025-03-21,102.51,Paid
54194,1229,2025-02-13,63.61,Paid
54195,1414,2025-03-08,634.89,Paid
54196,1817,2025-02-13,74.34,Paid
54197,1169,2025-02-13,78.67,Paid
54198,1580,2025-02-03,706.24,Paid
54199,1217,2025-01-19,41.57,Paid
54200,1472,2025-01-19,234.4,Paid
54201,1451,2025-03-18,431.89,Refunded
54202,1252,2025-01-06,127.55,Paid
54203,1692,2025-03-25,20.38,Paid
54204,1461,2025-03-04,90.51,Processing
54205,1143,2025-03-07,37.74,Paid
54206,1845,2025-02-23,100.73,Paid
54207,1692,2025-02-16,254.12,Paid
54208,1340,2025-03-16,106.63,Paid
54209,1032,2025-01-15,104.83,Paid
54210,1214,2025-03-04,142.06,Refunded
54211,1352,2025-01-13,150.73,Paid
54212,1016,2025-03-07,311.0,Processing
54213,1817,2025-02-09,75.3,Paid
54214,1374,2025-01-02,278.62,Paid
54215,1237,2025-03-18,145.18,Paid
54216,1013,2025-03-01,73.61,Processing
54217,1525,2025-03-03,72.46,Paid
54218,1757,2025-03-21,87.21,Paid
54219,1189,2025-02-11,166.2,Paid
54220,1335,2025-02-15,59.36,Paid
54221,1084,2025-01-25,399.49,Paid
54222,1302,2025-01-03,148.32,Paid
54223,1565,2025-02-24,398.89,Paid
54224,1825,2025-01-04,27.13,Processing
54225,1283,2025-03-22,82.92,Paid
54226,1187,2025-02-04,23.46,Paid
54227,1767,2025-02-07,67.67,Paid
54228,1305,2025-03-27,317.08,Refunded
54229,1754,2025-01-09,25.59,Paid
54230,1674,2025-01-23,105.94,Paid
54231,1385,2025-01-19,38.76,Paid
54232,1267,2025-03-25,100.89,Paid
54233,1021,2025-01-12,293.81,Refunded
54234,1538,2025-01-11,166.35,Processing
54235,1294,2025-03-17,220.2,Paid
54236,1758,2025-01-26,84.41,Paid
54237,1617,2025-01-14,453.43,Paid
54238,1351,2025-02-04,205.3,Paid
54239,1842,2025-02-26,102.18,Paid
54240,1722,2025-01-12,103.39,Paid
54241,1683,2025-02-09,396.41,Paid
54242,1671,2025-03-09,148.85,Processing
54243,1145,2025-03-26,203.82,Paid
54244,1647,2025-02-22,100.94,Paid
54245,1592,2025-01-19,57.98,Paid
54246,1229,2025-03-03,212.86,Paid
54247,1226,2025-03-23,160.41,Paid
54248,1654,2025-01-20,124.38,Paid
54249,1726,2025-03-08,166.73,Paid
54250,1832,2025-02-03,55.03,Paid
54251,1783,2025-02-13,256.94,Paid
54252,1255,2025-01-06,463.95,Processing
54253,1236,2025-03-16,352.6,Paid
54254,1379,2025-01-21,78.17,Processing
54255,1679,2025-01-19,98.13,Processing
54256,1237,2025-02-06,267.85,Processing
54257,1348,2025-03-01,155.62,Processing
54258,1844,2025-03-15,139.08,Paid
54259,1458,2025-02-07,411.86,Processing
54260,1620,2025-03-05,135.19,Paid
54261,1042,2025-01-26,128.52,Paid
54262,1710,2025-01-11,26.44,Paid
54263,1071,2025-03-20,30.79,Paid
54264,2047,2025-03-06,21.12,Paid
54265,1316,2025-01-23,386.7,Paid
54266,1349,2025-01-01,98.74,Paid
54267,2041,2025-01-21,114.83,Paid
54268,1249,2025-02-02,300.02,Paid
54269,1838,2025-02-27,160.95,Paid
54270,1189,2025-03-27,161.05,Paid
54271,1529,2025-02-09,72.76,Paid
54272,1486,2025-02-03,289.28,Paid
54273,1049,2025-03-05,47.2,Paid
54274,1073,2025-02-20,28.19,Paid
54275,1471,2025-01-10,51.91,Paid
54276,1482,2025-03-25,66.74,Paid
54277,1820,2025-01-14,69.76,Paid
54278,1109,2025-02-11,186.53,Paid
54279,1288,2025-02-19,56.85,Refunded
54280,1522,2025-02-10,189.36,Paid
54281,1732,2025-03-22,34.33,Paid
54282,1465,2025-03-11,43.88,Paid
54283,1544,2025-02-02,126.64,Paid
54284,1052,2025-01-24,402.46,Refunded
54285,1711,2025-02-17,314.45,Paid
54286,1201,2025-02-04,539.88,Paid
54287,1013,2025-03-09,177.68,Paid
54288,1405,2025-02-21,188.97,Paid
54289,1486,2025-02-02,167.13,Paid
54290,1804,2025-03-11,166.25,Paid
54291,1216,2025-03-11,43.87,Paid
54292,1487,2025-01-26,137.7,Processing
54293,1283,2025-02-01,93.18,Paid
54294,1369,2025-01-23,107.65,Paid
54295,1655,2025-01-09,131.22,Paid
54296,1134,2025-01-21,40.61,Paid
54297,1155,2025-02-22,86.82,Paid
54298,1704,2025-01-19,29.83,Paid
54299,1588,2025-02-15,604.33,Paid
54300,1443,2025-01-20,38.92,Paid
54301,1226,2025-02-05,64.87,Paid
54302,1178,2025-01-15,352.86,Paid
54303,1105,2025-03-27,118.87,Paid
54304,1425,2025-01-16,41.86,Paid
54305,1179,2025-01-09,92.73,Paid
54306,1494,2025-01-05,38.47,Paid
54307,1293,2025-01-20,53.51,Processing
54308,1674,2025-01-04,28.01,Paid
54309,1044,2025-01-16,106.5,Paid
54310,1524,2025-02-26,266.48,Paid
54311,1093,2025-02-02,152.27,Paid
54312,1286,2025-01-01,159.84,Processing
54313,1547,2025-03-15,53.58,Paid
54314,1423,2025-02-11,83.21,Paid
54315,1646,2025-02-17,299.88,Paid
54316,1268,2025-01-04,33.79,Paid
54317,1371,2025-03-25,312.72,Paid
54318,1541,2025-01-14,119.16,Paid
54319,1248,2025-03-25,292.24,Paid
54320,1075,2025-03-17,77.41,Processing
54321,1644,2025-02-17,82.06,Paid
54322,1767,2025-03-19,228.91,Paid
54323,1530,2025-02-17,250.56,Paid
54324,1590,2025-02-07,59.14,Paid
54325,1589,2025-02-25,561.07,Paid
54326,1824,2025-01-18,33.24,Paid
54327,1736,2025-03-02,30.64,Processing
54328,1370,2025-01-17,155.77,Paid
54329,1177,2025-01-01,212.42,Paid
54330,1697,2025-03-09,506.19,Paid
54331,1461,2025-02-02,97.87,Paid
54332,1116,2025-02-09,23.84,Paid
54333,1232,2025-03-16,158.53,Paid
54334,1613,2025-01-24,71.31,Paid
54335,1452,2025-03-12,105.1,Paid
54336,1592,2025-03-08,120.55,Paid
54337,1156,2025-02-06,30.0,Refunded
54338,1529,2025-03-23,119.82,Paid
54339,1271,2025-03-10,103.35,Paid
54340,1214,2025-02-21,207.0,Paid
54341,1511,2025-03-07,175.63,Paid
54342,1215,2025-03-08,50.72,Paid
54343,1141,2025-02-19,54.63,Paid
54344,1467,2025-03-02,63.35,Paid
54345,1674,2025-03-01,49.58,Paid
54346,1277,2025-02-06,180.6,Paid
54347,1533,2025-02-13,798.56,Paid
54348,1349,2025-02-12,178.38,Paid
54349,1631,2025-02-06,159.97,Paid
54350,1565,2025-02-01,99.13,Paid
54351,1438,2025-03-23,76.22,Refunded
54352,1460,2025-02-25,382.99,Paid
54353,1421,2025-02-15,541.07,Paid
54354,1532,2025-03-24,123.01,Paid
54355,1069,2025-01-01,71.42,Paid
54356,2042,2025-03-14,240.53,Paid
54357,1697,2025-01-02,41.31,Paid
54358,1232,2025-03-06,237.6,Paid
54359,1132,2025-01-14,276.35,Processing
54360,1732,2025-03-09,40.01,Paid
54361,1004,2025-01-03,584.94,Paid
54362,1800,2025-02-08,655.17,Processing
54363,1728,2025-02-15,434.03,Paid
54364,1693,2025-01-15,122.79,Paid
54365,1320,2025-01-01,62.37,Paid
54366,1804,2025-02-19,150.84,Paid
54367,1609,2025-01-18,101.69,Paid
54368,2030,2025-03-04,54.59,Paid
54369,1485,2025-03-09,102.66,Paid
54370,1161,2025-01-25,183.55,Paid
54371,1289,2025-03-16,31.03,Paid
54372,1696,2025-01-11,80.84,Paid
54373,1496,2025-02-27,22.69,Paid
54374,1217,2025-01-27,227.64,Paid
54375,1388,2025-01-12,173.54,Paid
54376,1582,2025-02-08,29.71,Paid
54377,1808,2025-01-21,521.74,Paid
54378,1226,2025-01-17,23.43,Paid
54379,1123,2025-01-21,153.73,Paid
54380,2001,2025-02-18,244.66,Paid
54381,1273,2025-03-20,252.6,Paid
54382,1073,2025-01-27,25.23,Processing
54383,1441,2025-02-10,375.33,Paid
54384,1157,2025-01-13,395.98,Paid
54385,1188,2025-03-22,143.62,Paid
54386,1152,2025-03-23,118.69,Paid
54387,1474,2025-03-01,26.89,Processing
54388,1827,2025-02-11,143.81,Processing
54389,1321,2025-02-10,98.99,Paid
54390,1784,2025-03-23,242.29,Paid
54391,1157,2025-01-26,97.6,Paid
54392,1551,2025-03-15,192.6,Paid
54393,1697,2025-02-11,36.04,Paid
54394,1179,2025-02-27,41.4,Paid
54395,1677,2025-02-07,42.57,Paid
54396,1740,2025-03-01,26.99,Paid
54397,1623,2025-02-21,136.91,Paid
54398,1233,2025-03-08,256.96,Paid
54399,1149,2025-03-03,161.4,Paid
54400,1245,2025-03-15,148.33,Paid
54401,1118,2025-02-25,191.21,Paid
54402,1498,2025-02-18,82.25,Paid
54403,1503,2025-02-06,87.4,Paid
54404,1481,2025-03-17,76.59,Paid
54405,1455,2025-02-13,206.78,Paid
54406,1159,2025-03-20,46.45,Paid
54407,1114,2025-02-27,21.97,Paid
54408,1720,2025-02-16,156.02,Paid
54409,1644,2025-02-17,448.09,Paid
54410,1658,2025-01-03,161.01,Paid
54411,1459,2025-02-23,249.12,Paid
54412,1273,2025-01-09,187.57,Paid
54413,1561,2025-01-09,123.21,Paid
54414,1837,2025-01-16,210.09,Refunded
54415,1201,2025-03-19,280.68,Paid
54416,1221,2025-01-14,58.18,Paid
54417,1484,2025-02-14,81.45,Paid
54418,1480,2025-02-12,57.99,Paid
54419,1689,2025-02-20,110.27,Paid
54420,1266,2025-01-16,344.51,Processing
54421,1623,2025-03-09,83.52,Paid
54422,1610,2025-02-22,90.37,Paid
54423,1180,2025-03-03,315.31,Paid
54424,1578,2025-02-20,128.66,Paid
54425,1291,2025-02-27,135.0,Processing
54426,1435,2025-02-08,315.78,Paid
54427,2008,2025-01-26,121.16,Paid
54428,1754,2025-02-01,191.65,Paid
54429,1469,2025-02-07,33.43,Processing
54430,1128,2025-03-18,49.52,Paid
54431,1679,2025-01-08,97.72,Paid
54432,1137,2025-01-10,122.43,Paid
54433,1093,2025-01-04,526.04,Paid
54434,1513,2025-01-08,549.28,Paid
54435,1295,2025-03-12,305.77,Paid
54436,1091,2025-03-25,76.88,Paid
54437,1720,2025-03-13,518.75,Paid
54438,1044,2025-02-23,195.36,Paid
54439,1743,2025-03-18,94.87,Paid
54440,1326,2025-01-17,201.44,Paid
54441,1621,2025-03-05,22.5,Processing
54442,1059,2025-01-10,43.7,Paid
54443,1556,2025-02-06,285.52,Paid
54444,1711,2025-03-10,175.59,Paid
54445,1340,2025-02-17,87.93,Paid
54446,1013,2025-02-19,124.17,Paid
54447,1728,2025-02-27,373.31,Paid
54448,1012,2025-01-09,169.78,Paid
54449,1811,2025-02-08,96.16,Paid
54450,1299,2025-01-18,39.23,Paid
54451,1736,2025-01-23,72.17,Paid
54452,1162,2025-01-22,594.84,Paid
54453,1128,2025-02-08,106.27,Paid
54454,1494,2025-02-09,115.75,Paid
54455,1480,2025-02-08,123.55,Paid
54456,1770,2025-03-03,343.26,Paid
54457,1519,2025-01-13,158.92,Paid
54458,1462,2025-01-25,197.47,Paid
54459,1775,2025-02-23,94.0,Paid
54460,1387,2025-01-08,24.43,Paid
54461,1276,2025-03-13,420.99,Paid
54462,1039,2025-01-13,466.77,Paid
54463,1595,2025-03-17,466.84,Paid
54464,1531,2025-03-25,451.52,Paid
54465,1825,2025-02-19,273.31,Paid
54466,1029,2025-03-14,193.09,Paid
54467,1005,2025-02-10,299.18,Paid
54468,1122,2025-01-08,157.65,Paid
54469,1339,2025-02-12,41.64,Paid
54470,1567,2025-01-23,94.44,Refunded
54471,1170,2025-02-11,552.6,Paid
54472,1661,2025-01-22,84.88,Processing
54473,1701,2025-01-23,323.55,Paid
54474,1728,2025-01-15,34.68,Paid
54475,1616,2025-01-12,81.01,Paid
54476,1508,2025-03-17,84.84,Paid
54477,1250,2025-02-08,27.95,Paid
54478,1734,2025-02-25,39.02,Paid
54479,1716,2025-03-04,52.2,Paid
54480,1309,2025-01-18,292.85,Processing
54481,1592,2025-03-09,29.83,Processing
54482,1056,2025-01-08,73.22,Paid
54483,1807,2025-03-21,21.53,Processing
54484,1837,2025-02-14,198.43,Paid
54485,1308,2025-03-17,165.26,Paid
54486,1715,2025-01-18,175.34,Paid
54487,1840,2025-03-15,90.35,Paid
54488,1494,2025-03-22,55.03,Processing
54489,1198,2025-02-15,211.12,Paid
54490,1098,2025-03-12,269.99,Processing
54491,1004,2025-01-20,42.38,Refunded
54492,1314,2025-01-11,120.07,Paid
54493,1778,2025-02-22,62.9,Paid
54494,1292,2025-01-07,47.61,Paid
54495,1506,2025-02-24,218.82,Paid
54496,1837,2025-02-10,135.86,Paid
54497,1372,2025-02-08,56.54,Paid
54498,1556,2025-01-14,75.66,Paid
54499,1014,2025-02-20,530.12,Refunded
54500,1168,2025-03-03,303.25,Paid
54501,1012,2025-01-09,337.97,Paid
54502,1088,2025-01-22,112.43,Paid
54503,1433,2025-03-02,166.65,Paid
54504,1195,2025-02-06,90.93,Paid
54505,1483,2025-03-13,32.13,Paid
54506,1652,2025-01-19,96.89,Paid
54507,1425,2025-03-01,155.2,Paid
54508,1124,2025-02-01,70.77,Paid
54509,1390,2025-03-17,302.53,Paid
54510,1122,2025-01-23,44.57,Paid
54511,1763,2025-03-12,88.62,Paid
54512,1475,2025-01-05,40.01,Paid
54513,1197,2025-02-02,97.84,Paid
54514,1224,2025-01-07,26.07,Refunded
54515,1711,2025-02-25,67.73,Paid
54516,1155,2025-02-14,96.81,Paid
54517,1816,2025-02-04,117.56,Paid
54518,1505,2025-03-25,137.69,Paid
54519,1738,2025-03-27,68.24,Paid
54520,1179,2025-02-06,131.05,Paid
54521,1846,2025-03-15,126.7,Paid
54522,1227,2025-01-03,77.01,Paid
54523,1700,2025-03-13,285.97,Paid
54524,1490,2025-02-24,138.33,Paid
54525,1292,2025-01-12,80.58,Processing
54526,1357,2025-03-09,461.58,Paid
54527,1279,2025-02-27,299.76,Refunded
54528,1163,2025-02-10,627.59,Paid
54529,1092,2025-01-06,196.76,Paid
54530,1519,2025-01-05,91.28,Paid
54531,1588,2025-02-25,69.46,Paid
54532,1637,2025-01-22,183.29,Paid
54533,1398,2025-03-04,613.06,Paid
54534,1803,2025-01-21,167.81,Paid
54535,1083,2025-02-24,340.07,Paid
54536,1574,2025-01-10,79.87,Paid
54537,1271,2025-03-12,98.37,Paid
54538,1454,2025-03-02,375.11,Paid
54539,1842,2025-03-14,232.12,Paid
54540,1525,2025-01-15,617.77,Paid
54541,1517,2025-01-09,243.59,Paid
54542,1206,2025-02-19,109.27,Paid
54543,1460,2025-03-12,133.59,Paid
54544,1601,2025-01-01,366.16,Paid
54545,1634,2025-02-16,140.33,Paid
54546,1067,2025-03-02,64.24,Paid
54547,1192,2025-02-19,105.8,Paid
54548,1073,2025-02-19,128.95,Paid
54549,1605,2025-02-16,35.26,Paid
54550,1719,2025-01-16,224.25,Processing
54551,1742,2025-02-24,37.37,Paid
54552,1251,2025-02-13,97.86,Paid
54553,1515,2025-01-27,264.92,Paid
54554,1333,2025-03-21,114.55,Paid
54555,1013,2025-03-24,296.79,Paid
54556,1085,2025-01-18,82.76,Paid
54557,1534,2025-02-09,494.22,Paid
54558,1587,2025-01-06,55.26,Refunded
54559,1115,2025-02-17,25.85,Paid
54560,1255,2025-03-27,328.86,Paid
54561,1091,2025-01-07,229.27,Paid
54562,1522,2025-02-10,59.59,Paid
54563,1105,2025-03-25,647.39,Paid
54564,1333,2025-02-04,124.66,Paid
54565,1348,2025-02-18,472.59,Paid
54566,1486,2025-03-21,125.49,Paid
54567,1042,2025-03-05,115.76,Paid
54568,1561,2025-01-11,109.44,Paid
54569,1536,2025-02-13,81.17,Paid
54570,1712,2025-03-06,134.44,Paid
54571,1352,2025-01-04,110.37,Paid
54572,1758,2025-01-22,25.62,Paid
54573,1689,2025-01-19,65.25,Paid
54574,1844,2025-01-21,55.95,Processing
54575,1499,2025-02-04,323.1,Paid
54576,1780,2025-02-19,157.02,Processing
54577,1143,2025-02-01,236.39,Paid
54578,1190,2025-03-23,491.38,Paid
54579,1133,2025-01-18,174.94,Paid
54580,1551,2025-03-17,627.78,Paid
54581,1584,2025-03-19,76.04,Paid
54582,1113,2025-03-25,50.92,Paid
54583,1297,2025-02-06,97.45,Refunded
54584,1485,2025-03-21,115.46,Paid
54585,1183,2025-01-03,358.59,Processing
54586,1696,2025-01-05,143.13,Paid
54587,1447,2025-01-08,71.84,Processing
54588,1784,2025-03-15,223.59,Paid
54589,1232,2025-03-18,125.73,Paid
54590,1093,2025-02-27,46.53,Paid
54591,1637,2025-01-05,148.99,Processing
54592,1848,2025-03-04,383.53,Paid
54593,1528,2025-01-01,297.37,Paid
54594,1132,2025-02-24,152.58,Paid
54595,1588,2025-01-01,91.0,Paid
54596,1552,2025-03-22,33.65,Paid
54597,1092,2025-02-25,115.13,Paid
54598,1026,2025-03-16,229.2,Paid
54599,1261,2025-02-17,87.01,Paid
54600,1155,2025-02-07,60.27,Paid
54601,1335,2025-03-10,421.88,Paid
54602,1109,2025-03-20,278.52,Processing
54603,1562,2025-03-09,172.53,Paid
54604,1524,2025-02-17,42.06,Paid
54605,1207,2025-01-09,43.48,Paid
54606,1294,2025-01-24,36.34,Processing
54607,1649,2025-03-11,163.68,Paid
54608,1841,2025-01-14,38.42,Paid
54609,1190,2025-02-10,297.37,Processing
54610,1217,2025-01-24,763.53,Paid
54611,1019,2025-03-27,88.44,Paid
54612,1789,2025-03-11,110.68,Paid
54613,1663,2025-02-06,206.55,Paid
54614,1556,2025-03-16,435.06,Paid
54615,1345,2025-01-27,356.78,Paid
54616,1015,2025-03-24,28.9,Paid
54617,1631,2025-01-24,47.78,Paid
54618,1498,2025-03-06,230.73,Processing
54619,1464,2025-01-17,195.14,Paid
54620,1344,2025-03-02,41.45,Paid
54621,1586,2025-02-10,124.59,Paid
54622,1702,2025-03-16,247.68,Paid
54623,1404,2025-03-16,57.03,Paid
54624,1038,2025-02-27,327.53,Paid
54625,1378,2025-02-23,28.16,Processing
54626,1377,2025-01-21,248.62,Paid
54627,1321,2025-03-19,163.5,Paid
54628,1193,2025-02-24,76.79,Paid
54629,1040,2025-01-26,211.45,Paid
54630,1331,2025-03-16,248.74,Paid
54631,1270,2025-02-18,427.49,Paid
54632,1500,2025-03-24,88.78,Paid
54633,1001,2025-01-06,193.76,Paid
54634,1434,2025-03-22,158.43,Paid
54635,1668,2025-03-11,131.73,Paid
54636,1060,2025-03-08,351.66,Paid
54637,1173,2025-01-20,20.48,Paid
54638,1530,2025-01-15,69.72,Paid
54639,1415,2025-01-14,135.92,Paid
54640,1565,2025-01-17,49.46,Paid
54641,1111,2025-02-20,377.68,Refunded
54642,1845,2025-02-02,176.45,Paid
54643,1211,2025-03-10,117.48,Paid
54644,1280,2025-02-19,272.87,Processing
54645,1375,2025-01-25,109.92,Paid
54646,1500,2025-02-11,142.69,Processing
54647,1389,2025-01-07,20.41,Paid
54648,1815,2025-03-20,88.29,Paid
54649,1434,2025-01-03,42.41,Processing
54650,1294,2025-03-14,195.53,Paid
54651,1466,2025-02-10,117.81,Paid
54652,1299,2025-02-14,73.88,Paid
54653,1769,2025-03-27,114.62,Paid
54654,1343,2025-02-25,55.29,Paid
54655,1581,2025-02-15,408.71,Paid
54656,1256,2025-01-22,28.32,Paid
54657,1198,2025-01-18,320.84,Paid
54658,2002,2025-03-02,127.42,Paid
54659,1447,2025-01-14,164.72,Paid
54660,1838,2025-02-04,74.06,Paid
54661,1411,2025-03-08,530.32,Paid
54662,1499,2025-03-14,69.66,Paid
54663,1320,2025-03-27,153.33,Paid
54664,1313,2025-01-09,773.48,Paid
54665,1698,2025-03-26,339.41,Paid
54666,1533,2025-03-24,135.29,Paid
54667,1579,2025-01-25,716.5,Processing
54668,1322,2025-03-25,201.28,Paid
54669,2006,2025-03-19,55.11,Paid
54670,1442,2025-02-09,98.03,Paid
54671,1128,2025-03-04,81.08,Paid
54672,1834,2025-01-04,83.24,Paid
54673,1373,2025-03-19,234.35,Paid
54674,1064,2025-02-16,151.66,Paid
54675,1629,2025-03-22,25.83,Paid
54676,1686,2025-01-10,334.88,Paid
54677,1681,2025-01-16,72.82,Processing
54678,1006,2025-02-06,895.16,Paid
54679,1259,2025-03-14,482.49,Paid
54680,1355,2025-03-12,443.34,Paid
54681,1486,2025-02-05,270.0,Paid
54682,1804,2025-01-20,57.39,Paid
54683,1173,2025-02-23,134.1,Refunded
54684,1657,2025-02-15,58.1,Paid
54685,1563,2025-02-01,65.1,Paid
54686,1444,2025-01-24,161.61,Paid
54687,1287,2025-03-09,26.25,Paid
54688,1848,2025-03-26,543.3,Paid
54689,1230,2025-03-22,396.39,Paid
54690,1712,2025-02-16,91.89,Paid
54691,1364,2025-01-18,128.67,Paid
54692,1796,2025-02-10,114.14,Paid
54693,1222,2025-03-25,340.81,Processing
54694,1709,2025-03-15,195.0,Processing
54695,2010,2025-01-07,68.88,Paid
54696,1486,2025-03-24,108.82,Paid
54697,1751,2025-02-03,104.05,Processing
54698,1846,2025-01-23,500.36,Paid
54699,1253,2025-02-25,48.91,Paid
54700,1478,2025-02-27,34.08,Paid
54701,1797,2025-01-03,338.82,Paid
54702,1730,2025-03-02,360.5,Paid
54703,1710,2025-03-19,328.05,Paid
54704,1718,2025-01-05,127.3,Refunded
54705,1672,2025-01-17,181.71,Paid
54706,1511,2025-02-09,144.3,Paid
54707,1298,2025-02-06,30.8,Refunded
54708,1814,2025-02-11,155.89,Paid
54709,1263,2025-02-23,22.06,Paid
54710,1273,2025-03-16,78.95,Paid
54711,1384,2025-01-22,423.88,Paid
54712,1698,2025-03-24,74.37,Paid
54713,1450,2025-01-18,441.58,Paid
54714,1255,2025-01-15,63.18,Paid
54715,1606,2025-01-01,76.65,Paid
54716,1339,2025-02-18,168.49,Paid
54717,1426,2025-02-16,235.09,Paid
54718,1584,2025-01-27,124.39,Paid
54719,1700,2025-02-19,340.71,Paid
54720,1372,2025-02-25,26.16,Paid
54721,1087,2025-02-24,403.03,Paid
54722,1132,2025-02-22,52.78,Paid
54723,1527,2025-03-05,343.43,Paid
54724,1276,2025-03-04,96.84,Paid
54725,1424,2025-02-24,288.25,Refunded
54726,1229,2025-01-07,187.06,Paid
54727,1606,2025-02-13,49.03,Paid
54728,1701,2025-01-04,395.24,Paid
54729,1427,2025-02-20,62.26,Paid
54730,1695,2025-01-21,61.98,Processing
54731,1558,2025-03-05,272.45,Paid
54732,1591,2025-03-15,36.79,Processing
54733,1649,2025-03-27,57.66,Paid
54734,1396,2025-01-23,125.08,Paid
54735,1619,2025-01-15,286.22,Paid
54736,1615,2025-03-19,43.93,Paid
54737,1521,2025-02-21,139.0,Paid
54738,1567,2025-01-12,206.32,Paid
54739,1079,2025-01-23,315.56,Paid
54740,1435,2025-01-27,431.32,Paid
54741,1678,2025-03-11,250.32,Paid
54742,1107,2025-02-01,178.69,Paid
54743,1538,2025-01-26,105.27,Paid
54744,1070,2025-01-14,37.84,Paid
54745,1386,2025-01-02,205.55,Paid
54746,1112,2025-02-07,758.75,Paid
54747,1530,2025-01-24,220.2,Paid
54748,1331,2025-03-04,22.53,Paid
54749,1097,2025-02-19,122.85,Refunded
54750,1293,2025-02-05,163.04,Processing
54751,1147,2025-01-24,195.52,Paid
54752,1445,2025-01-12,210.8,Paid
54753,1663,2025-02-19,142.5,Refunded
54754,1717,2025-01-10,57.92,Paid
54755,1603,2025-03-10,447.62,Paid
54756,1094,2025-02-08,198.94,Processing
54757,1673,2025-01-20,60.54,Paid
54758,1139,2025-02-12,78.36,Paid
54759,1214,2025-02-07,402.52,Paid
54760,1663,2025-01-10,347.7,Paid
54761,1768,2025-02-27,97.92,Paid
54762,1090,2025-02-06,25.86,Paid
54763,1524,2025-02-14,27.46,Paid
54764,1439,2025-02-27,70.09,Refunded
54765,1291,2025-02-26,168.78,Paid
54766,1788,2025-02-16,151.63,Paid
54767,1825,2025-02-08,170.7,Paid
54768,1181,2025-01-13,209.5,Paid
54769,1621,2025-01-20,22.88,Paid
54770,1368,2025-01-19,36.65,Paid
54771,1153,2025-01-07,86.82,Paid
54772,1070,2025-01-27,45.24,Paid
54773,1218,2025-01-14,31.75,Paid
54774,1313,2025-01-13,173.65,Paid
54775,1121,2025-01-02,273.38,Paid
54776,1445,2025-03-14,229.53,Paid
54777,1291,2025-01-05,274.77,Refunded
54778,1768,2025-03-19,184.43,Paid
54779,1140,2025-02-24,219.4,Paid
54780,1635,2025-02-15,67.57,Processing
54781,1693,2025-01-05,764.45,Paid
54782,1683,2025-01-21,50.35,Processing
54783,1310,2025-02-18,56.21,Paid
54784,1279,2025-03-24,71.15,Paid
54785,1552,2025-01-27,575.34,Paid
54786,1337,2025-02-26,687.08,Paid
54787,1003,2025-02-04,257.63,Paid
54788,1236,2025-02-20,168.76,Paid
54789,1740,2025-02-17,130.11,Paid
54790,1178,2025-02-07,549.12,Paid
54791,1656,2025-01-01,198.42,Paid
54792,1576,2025-02-04,454.33,Paid
54793,1111,2025-03-20,77.09,Processing
54794,1514,2025-01-20,80.92,Paid
54795,1030,2025-01-06,309.37,Paid
54796,1337,2025-03-06,44.35,Processing
54797,1738,2025-01-23,457.62,Paid
54798,1531,2025-03-24,126.23,Paid
54799,1699,2025-01-04,411.39,Paid
54800,1523,2025-01-06,81.6,Processing
54801,1728,2025-01-13,208.8,Paid
54802,1122,2025-03-04,118.92,Paid
54803,1145,2025-02-13,167.85,Paid
54804,1731,2025-03-05,125.29,Processing
54805,1743,2025-01-25,532.21,Paid
54806,1694,2025-02-03,196.7,Paid
54807,1268,2025-03-25,63.42,Paid
54808,1490,2025-03-13,380.65,Paid
54809,1253,2025-03-12,72.23,Paid
54810,1827,2025-02-26,89.69,Refunded
54811,1276,2025-03-17,36.16,Paid
54812,1752,2025-01-01,365.34,Processing
54813,1180,2025-02-09,70.55,Paid
54814,1234,2025-01-20,64.95,Paid
54815,1249,2025-01-09,399.35,Paid
54816,1639,2025-02-19,265.62,Paid
54817,1765,2025-03-16,42.81,Paid
54818,1614,2025-01-13,240.01,Refunded
54819,1369,2025-03-10,386.33,Refunded
54820,1828,2025-02-18,32.26,Paid
54821,1039,2025-02-06,281.63,Paid
54822,1363,2025-02-06,138.92,Paid
54823,1626,2025-02-22,185.94,Refunded
54824,1690,2025-01-14,121.84,Paid
54825,1258,2025-01-07,199.5,Paid
54826,1785,2025-01-15,25.2,Paid
54827,1430,2025-01-27,235.77,Paid
54828,1379,2025-01-25,25.09,Paid
54829,1299,2025-03-18,111.13,Paid
54830,1398,2025-02-22,44.55,Paid
54831,1077,2025-02-04,280.23,Refunded
54832,1381,2025-02-25,76.46,Paid
54833,1607,2025-02-13,110.8,Paid
54834,1590,2025-03-02,103.99,Paid
54835,1393,2025-02-02,242.09,Paid
54836,1155,2025-02-21,118.42,Paid
54837,1536,2025-01-12,253.35,Paid
54838,1419,2025-03-01,31.45,Paid
54839,1198,2025-02-27,51.9,Paid
54840,1227,2025-03-22,140.29,Paid
54841,1745,2025-02-16,460.87,Paid
54842,1402,2025-02-16,31.65,Paid
54843,1090,2025-02-13,26.61,Paid
54844,1823,2025-03-10,45.54,Paid
54845,1506,2025-01-08,173.73,Paid
54846,1338,2025-02-05,96.37,Paid
54847,1119,2025-02-06,281.92,Paid
54848,1601,2025-02-17,31.2,Paid
54849,1817,2025-02-17,52.8,Paid
54850,1252,2025-01-23,73.51,Paid
54851,1228,2025-01-17,167.82,Paid
54852,1148,2025-01-13,193.36,Processing
54853,1101,2025-03-22,39.89,Paid
54854,1463,2025-03-07,451.84,Paid
54855,1508,2025-02-21,82.56,Paid
54856,1166,2025-02-14,207.33,Paid
54857,1440,2025-03-09,131.42,Paid
54858,2047,2025-03-21,57.8,Paid
54859,1166,2025-02-10,300.84,Paid
54860,1468,2025-02-23,275.76,Paid
54861,1578,2025-03-01,95.65,Paid
54862,1819,2025-03-25,153.23,Paid
54863,1553,2025-01-07,64.73,Paid
54864,1393,2025-03-04,195.61,Processing
54865,1212,2025-01-03,75.45,Paid
54866,1406,2025-03-04,298.76,Processing
54867,1377,2025-03-02,56.77,Paid
54868,1536,2025-02-05,22.24,Paid
54869,1255,2025-03-21,66.9,Paid
54870,1054,2025-03-02,51.8,Paid
54871,1682,2025-03-15,126.48,Paid
54872,1761,2025-03-22,54.17,Paid
54873,1763,2025-02-20,236.07,Paid
54874,1640,2025-02-01,61.44,Paid
54875,1504,2025-03-14,204.12,Paid
54876,1022,2025-01-26,149.58,Paid
54877,1620,2025-03-22,663.01,Paid
54878,1739,2025-02-01,1403.02,Paid
54879,1452,2025-01-09,325.49,Paid
54880,2033,2025-01-14,234.06,Paid
54881,1437,2025-01-13,93.28,Paid
54882,1172,2025-03-06,229.92,Paid
54883,1106,2025-03-02,490.86,Paid
54884,1271,2025-02-08,23.55,Paid
54885,1653,2025-02-25,135.8,Paid
54886,1371,2025-03-18,56.88,Paid
54887,1505,2025-02-22,142.42,Paid
54888,1367,2025-03-06,114.23,Paid
54889,1647,2025-03-03,148.62,Paid
54890,1007,2025-01-24,140.1,Paid
54891,1747,2025-02-02,503.23,Paid
54892,1069,2025-03-16,140.51,Paid
54893,1046,2025-03-16,300.85,Refunded
54894,1642,2025-01-02,77.81,Paid
54895,1083,2025-03-18,106.46,Paid
54896,1104,2025-02-18,115.35,Paid
54897,1559,2025-03-02,69.01,Paid
54898,1105,2025-03-09,91.65,Processing
54899,1589,2025-01-04,156.89,Processing
54900,1052,2025-02-05,150.19,Paid
54901,1473,2025-01-07,171.77,Refunded
54902,1778,2025-03-27,85.04,Paid
54903,1068,2025-03-27,76.93,Paid
54904,1602,2025-03-20,161.86,Processing
54905,1586,2025-03-04,41.38,Paid
54906,1043,2025-02-14,63.76,Refunded
54907,1819,2025-02-06,26.46,Paid
54908,1792,2025-01-16,31.31,Paid
54909,1794,2025-02-01,61.83,Refunded
54910,1165,2025-01-01,22.96,Paid
54911,1338,2025-03-21,62.24,Paid
54912,1484,2025-01-25,179.62,Paid
54913,1235,2025-03-10,29.46,Paid
54914,1144,2025-02-12,106.1,Processing
54915,1032,2025-01-01,386.46,Paid
54916,1438,2025-02-26,255.02,Paid
54917,1673,2025-02-18,74.67,Paid
54918,1228,2025-01-09,408.15,Processing
54919,1751,2025-01-02,79.99,Paid
54920,1791,2025-03-02,31.29,Paid
54921,1667,2025-02-23,788.8,Paid
54922,1098,2025-02-19,326.06,Paid
54923,1345,2025-03-19,114.09,Paid
54924,1364,2025-02-16,184.66,Paid
54925,1833,2025-02-11,186.86,Paid
54926,1091,2025-01-27,52.44,Paid
54927,1849,2025-03-24,53.48,Paid
54928,1503,2025-02-25,115.11,Refunded
54929,1206,2025-03-21,383.84,Paid
54930,1269,2025-02-04,21.51,Paid
54931,1840,2025-01-12,248.84,Paid
54932,1134,2025-02-27,28.89,Processing
54933,1010,2025-02-05,117.58,Paid
54934,1351,2025-01-05,172.36,Paid
54935,1537,2025-03-05,194.12,Paid
54936,1029,2025-01-18,29.04,Processing
54937,1315,2025-01-06,101.35,Paid
54938,1302,2025-01-18,151.5,Paid
54939,1154,2025-02-15,30.25,Paid
54940,1519,2025-03-24,41.77,Paid
54941,1820,2025-02-11,183.44,Paid
54942,1516,2025-02-27,130.61,Paid
54943,1188,2025-03-25,46.48,Paid
54944,1779,2025-01-27,134.93,Paid
54945,1072,2025-03-20,385.75,Paid
54946,1558,2025-03-16,22.36,Processing
54947,1683,2025-03-12,174.35,Paid
54948,1163,2025-01-15,31.48,Paid
54949,1698,2025-02-08,20.97,Paid
54950,1184,2025-03-17,44.49,Paid
54951,1027,2025-01-21,102.46,Paid
54952,1660,2025-03-08,263.18,Paid
54953,1612,2025-02-10,69.65,Paid
54954,1515,2025-03-19,167.39,Paid
54955,1755,2025-03-04,99.44,Paid
54956,1058,2025-02-23,60.05,Paid
54957,1531,2025-03-04,128.31,Paid
54958,1333,2025-01-20,259.53,Paid
54959,1678,2025-01-20,288.01,Paid
54960,1515,2025-01-21,301.13,Paid
54961,1114,2025-01-23,82.0,Paid
54962,1079,2025-01-16,256.59,Paid
54963,1357,2025-01-17,55.77,Paid
54964,1276,2025-03-06,221.16,Paid
54965,1798,2025-03-20,464.59,Paid
54966,1831,2025-03-04,22.08,Paid
54967,1496,2025-01-22,107.07,Paid
54968,1442,2025-01-13,176.52,Paid
54969,1848,2025-02-02,201.49,Paid
54970,1094,2025-03-10,49.05,Paid
54971,1163,2025-03-19,557.32,Paid
54972,1167,2025-01-24,163.28,Paid
54973,1014,2025-01-26,46.93,Paid
54974,1225,2025-02-27,23.11,Paid
54975,1821,2025-03-11,249.36,Paid
54976,1839,2025-02-07,32.46,Paid
54977,1296,2025-02-24,42.81,Paid
54978,1836,2025-01-14,148.29,Processing
54979,1058,2025-03-13,158.76,Paid
54980,1565,2025-02-17,194.18,Paid
54981,1703,2025-01-03,95.01,Paid
54982,1389,2025-02-15,243.02,Paid
54983,2033,2025-02-26,569.53,Paid
54984,1424,2025-02-09,67.43,Paid
54985,1433,2025-01-11,202.12,Refunded
54986,1018,2025-02-02,415.64,Paid
54987,1129,2025-01-18,193.89,Paid
54988,1390,2025-03-22,191.44,Paid
54989,1642,2025-02-05,58.0,Paid
54990,1296,2025-02-12,134.9,Paid
54991,1298,2025-03-11,144.01,Paid
54992,1606,2025-03-19,200.66,Paid
54993,1120,2025-01-06,882.7,Refunded
54994,1493,2025-01-23,25.13,Paid
54995,1796,2025-02-24,30.12,Paid
54996,1331,2025-01-14,32.17,Paid
54997,2023,2025-03-12,223.79,Paid
54998,1728,2025-03-26,41.99,Paid
54999,1367,2025-02-11,166.11,Paid
55000,1224,2025-01-11,78.88,Paid
